geschlecht,alter,bundesland,beruf,konsumhaeufigkeit,situation_freunde_familie,situation_party,situation_zuhause_essen,situation_zuhause_entspannung,situation_oeffentliche_veranstaltungen,situation_gastro,situation_urlaub,involvement_interesse,involvement_rolle,involvement_spass,involvement_wichtigkeit,involvement_vorteilhaft,involvement_unverzichtbar,gesundheit_wichtig,umweltfreundlich_wichtig,neue_produkte_probie,bio_mehrpreis_bereit,tierfrei_wichtig,alkoholverzicht_wichtig,einfluss_geschmack,einfluss_geruch,einfluss_preis,einfluss_markenbekanntheit,einfluss_nachhaltigkeit,einfluss_herkunft,einfluss_verpackungsdesign,einfluss_verpackungsform,einfluss_aktionsangebote,einfluss_alkoholgehalt,einfluss_empfehlung,einfluss_verfuegbarkeit,praef_sorte_alkoholfrei,praef_sorte_weizen,praef_sorte_koelsch,praef_sorte_altbier,praef_sorte_pale_ale,praef_sorte_stout,praef_sorte_maerzen_export,praef_sorte_radler,praef_sorte_pils,praef_sorte_bock_schwarzrauchbier,praef_sorte_helles_lager,praef_sorte_craft_beer,praef_alkoholfrei_0,praef_alkoholfrei_0_5,praef_bier_alkohol,geschmack_rauchig,geschmack_hopfig,geschmack_suesslich_malzig,geschmack_fruchtig,geschmack_kraeuter,geschmack_gewuerze,geschmack_bitter,geschmack_saeuerlich,geschmack_zitrus,quality_score,rule_violations,violation_details,quality_summary
weiblich,2001,Baden-Württemberg,Angestellte / Angestellter,mehrmals pro Woche,3,3,1,2,3,3,2,4,5,1,2,3,1,5,2,2,1,1,1,5,4,2,2,4,3,3,2,4,1,2,4,2,2,4,1,2,1,3,4,4,1,4,1,5,1,5,2,1,4,3,1,3,3,2,3,86,"[""rule_2""]","{""rule_2"": ""The 'alter' indicates a year (2001) that makes the person under 18, but 'beruf' is 'Angestellte / Angestellter', which requires adulthood.""}",The data row has one violation related to age and profession consistency.
maennlich,1998,Baden-Württemberg,Studentin / Student,mehrmals im Monat,2,3,1,1,3,2,3,1,2,4,4,2,3,1,2,5,2,1,2,4,3,5,2,2,3,4,3,3,3,2,4,2,3,1,1,2,1,1,3,1,1,5,1,2,3,1,2,2,1,3,2,3,3,2,3,100,[],{},The data row meets all the specified data quality rules.
maennlich,2001,Baden-Württemberg,Schülerin / Schüler,seltener als einmal pro Monat,2,3,2,2,3,2,3,2,2,3,2,2,4,4,4,4,1,1,1,5,2,3,1,2,2,2,3,5,5,3,2,1,3,2,2,3,2,5,4,3,1,4,3,2,2,3,1,4,1,3,4,1,3,2,3,86,"[""rule_2""]","{""rule_2"": ""The 'alter' indicates a year (2001) that makes the person under 18, but 'beruf' is 'Sch\u00fclerin / Sch\u00fcler', which is a profession requiring adulthood.""}","The data quality is mostly good, but there is an inconsistency between age and profession."
weiblich,2006,Baden-Württemberg,Studentin / Student,mehrmals im Monat,2,3,2,1,2,1,1,2,1,3,4,3,4,5,1,3,2,3,1,5,4,4,1,3,3,1,4,3,3,3,3,1,5,1,1,4,1,1,4,3,2,5,4,2,3,4,2,3,4,2,3,1,3,1,1,72,"[""rule_2""]","{""rule_2"": ""The 'alter' indicates a year (2006) that makes the person under 18, but 'beruf' is 'Studentin / Student', which is inconsistent with the requirement for adulthood.""}","The data quality is mostly acceptable, but there is an inconsistency between age and profession."
weiblich,2001,Baden-Württemberg,Angestellte / Angestellter,seltener als einmal pro Monat,2,3,2,2,3,2,1,3,2,5,4,2,5,2,3,4,4,2,2,5,5,3,2,2,3,3,2,3,1,5,3,5,5,2,1,2,2,4,4,2,2,4,4,5,1,3,2,5,3,1,3,2,3,2,2,86,"[""rule_2"", ""rule_6"", ""rule_7""]","{""rule_2"": ""The 'alter' indicates a year (2001) that makes the person under 18, but 'beruf' is 'Angestellte / Angestellter', which requires adulthood."", ""rule_6"": ""The 'involvement_unverzichtbar' (5) is higher than 'involvement_interesse' (3)."", ""rule_7"": ""The 'praef_sorte_alkoholfrei' is high (5), but 'konsumhaeufigkeit' is 'seltener als einmal pro Monat', which is inconsistent.""}","The data quality is compromised due to multiple inconsistencies regarding age, involvement ratings, and preferences."
maennlich,2004,Baden-Württemberg,Angestellte / Angestellter,seltener als einmal pro Monat,2,3,2,3,3,2,2,5,1,4,3,1,1,2,5,4,2,1,2,5,3,4,4,2,4,3,1,3,4,4,3,5,1,3,1,1,1,4,4,1,2,3,3,1,1,2,2,5,5,5,2,2,2,3,4,86,"[""rule_2"", ""rule_7""]","{""rule_2"": ""The 'alter' indicates a year (2004) that makes the person under 18, but 'beruf' is 'Angestellte / Angestellter', which requires adulthood."", ""rule_7"": ""The 'praef_sorte_alkoholfrei' is rated high (5), but 'konsumhaeufigkeit' is 'seltener als einmal pro Monat', which is inconsistent.""}","The data quality is compromised due to inconsistencies between age and profession, as well as preferences and consumption."
maennlich,2000,Baden-Württemberg,ohne Beschäftigung,mehrmals im Monat,3,3,1,1,2,2,2,5,3,3,2,1,2,3,4,3,1,2,2,5,2,5,1,2,3,2,4,3,5,3,2,1,5,1,1,2,1,4,4,2,1,5,1,2,2,5,2,3,5,4,3,3,2,3,3,100,[],{},The data row meets all the plausibility rules.
maennlich,1998,Baden-Württemberg,in Ausbildung/im Freiwilligendienst,mehrmals im Monat,3,3,1,2,3,3,2,2,3,5,1,2,3,4,4,2,2,2,1,4,3,5,3,2,3,4,2,4,3,3,3,1,1,3,1,1,1,2,2,4,2,4,3,2,3,4,2,3,5,2,1,2,2,2,3,100,[],{},The data row meets all the plausibility rules.
maennlich,2000,Baden-Württemberg,Angestellte / Angestellter,seltener als einmal pro Monat,2,3,1,2,2,2,2,5,2,5,3,4,2,5,2,4,1,1,3,4,3,4,1,2,4,2,2,1,2,3,5,2,5,3,1,1,4,5,4,1,1,5,1,1,1,4,2,2,3,4,3,3,1,2,3,86,"[""rule_2""]","{""rule_2"": ""The 'alter' indicates a year (2000) that makes the person under 18 (current year is 2023), but 'beruf' is 'Angestellte / Angestellter', which requires adulthood.""}",The data row has one violation related to age and profession consistency.
maennlich,1999,Baden-Württemberg,Angestellte / Angestellter,mehrmals pro Woche,2,3,1,1,1,3,2,2,5,2,2,3,2,5,4,4,4,2,2,4,3,5,3,3,3,3,3,1,5,2,2,2,3,4,3,2,1,2,2,2,2,5,3,1,3,4,2,3,1,5,2,2,3,1,5,86,"[""rule_2""]","{""rule_2"": ""The 'alter' indicates a year (1999) that makes the person under 18 (current year is 2023), but 'beruf' is 'Angestellte / Angestellter', which requires adulthood.""}",The data row has one violation related to age and profession consistency.
maennlich,1999,keine Angabe,Angestellte / Angestellter,einmal pro Monat,2,3,2,1,1,3,2,5,3,4,2,4,1,5,2,4,2,2,2,4,4,3,5,5,3,2,2,3,2,2,4,5,4,2,2,2,1,1,5,3,2,5,1,1,2,3,2,4,3,3,3,3,2,2,3,86,"[""rule_2"", ""rule_7""]","{""rule_2"": ""The 'alter' indicates a year (1999) that makes the person under 18, but 'beruf' is 'Angestellte / Angestellter', which requires adulthood."", ""rule_7"": ""The 'praef_sorte_alkoholfrei' is rated high (5), but 'konsumhaeufigkeit' is 'einmal pro Monat', which is inconsistent.""}","The data row has some inconsistencies regarding age and profession, as well as preferences and consumption."
maennlich,2005,Baden-Württemberg,Studentin / Student,einmal pro Monat,3,3,1,1,3,2,3,1,1,3,2,1,1,5,3,5,3,1,2,5,4,4,3,2,5,3,3,5,2,5,5,1,1,1,1,1,2,1,3,3,1,5,2,1,5,5,2,3,3,2,3,3,1,3,3,86,"[""rule_2""]","{""rule_2"": ""The 'alter' indicates a year (2005) that makes the person under 18 (current year is 2023), while 'beruf' is 'Studentin / Student', which is a profession that typically requires adulthood.""}","The data quality is mostly good, but there is an inconsistency between age and profession."
weiblich,2002,Baden-Württemberg,Studentin / Student,mehrmals im Monat,2,3,1,2,2,3,1,2,2,4,1,1,1,5,1,4,2,1,4,3,4,2,3,5,1,2,3,3,3,2,4,1,4,1,3,2,1,1,3,4,2,5,1,5,5,5,2,3,3,1,4,3,2,2,5,86,"[""rule_2"", ""rule_4""]","{""rule_2"": ""The 'alter' indicates a year (2002) that makes the person under 18 (current year 2023), but 'beruf' is 'Studentin / Student', which is a profession requiring adulthood."", ""rule_4"": ""The 'alkoholverzicht_wichtig' is rated high (4), but 'konsumhaeufigkeit' is 'mehrmals im Monat', which is inconsistent.""}",The data quality is compromised due to inconsistencies in age-related profession and alcohol consumption ratings.
maennlich,1999,Baden-Württemberg,Beamtin / Beamter,mehrmals im Monat,3,3,1,1,3,2,1,2,3,3,1,3,2,5,4,5,2,1,1,4,4,4,2,3,3,4,2,3,3,3,2,3,2,1,1,3,1,4,1,1,2,4,1,2,3,3,1,5,1,2,3,1,1,2,3,86,"[""rule_2""]","{""rule_2"": ""The 'alter' indicates a year (1999) that makes the person under 18, but 'beruf' is 'Beamtin / Beamter', which requires adulthood.""}",The data row has one violation related to age and profession consistency.
weiblich,1998,Baden-Württemberg,Angestellte / Angestellter,einmal pro Monat,2,2,2,2,1,1,2,4,2,1,1,3,1,3,1,3,2,2,1,5,5,4,1,2,4,2,2,3,4,4,3,2,3,4,1,2,1,3,3,3,2,2,2,1,3,5,2,4,1,3,1,1,1,2,3,86,"[""rule_2""]","{""rule_2"": ""The 'alter' indicates a year (1998) that makes the person under 18, but 'beruf' is 'Angestellte / Angestellter', which requires adulthood.""}",The data row has one violation related to age and profession consistency.
maennlich,2006,Baden-Württemberg,Angestellte / Angestellter,mehrmals pro Woche,1,3,3,2,3,2,2,1,1,3,1,3,2,5,2,5,2,5,1,5,4,4,3,2,4,3,3,2,2,2,1,4,3,1,3,1,5,4,1,2,1,3,1,1,1,4,2,3,1,5,2,3,2,2,1,72,"[""rule_2"", ""rule_7""]","{""rule_2"": ""The 'alter' indicates a year (2006) that makes the person under 18 (current year is 2023), but 'beruf' is 'Angestellte / Angestellter', which requires adulthood."", ""rule_7"": ""The 'praef_sorte_alkoholfrei' is rated high (4), but 'konsumhaeufigkeit' is 'mehrmals pro Woche', which is inconsistent.""}",The data row contains inconsistencies regarding age-related profession eligibility and preferences related to alcohol consumption.
unbekannt,2000,Baden-Württemberg,keine Angabe,mehrmals im Monat,2,3,2,1,3,3,2,2,3,3,1,2,1,4,3,2,3,4,3,5,5,4,1,1,5,3,4,5,2,3,2,5,2,3,1,1,1,4,5,3,1,5,3,1,2,4,1,5,1,3,5,2,2,2,3,86,"[""rule_5""]","{""rule_5"": ""The 'geschlecht' is 'unbekannt' while 'beruf' is specified as 'keine Angabe', which does not violate the rule. However, if 'beruf' were specified differently, it would have been a violation.""}","The data quality is generally good, with one potential inconsistency regarding gender and profession."
weiblich,1998,Baden-Württemberg,Studentin / Student,mehrmals im Monat,3,3,2,1,1,3,3,5,2,4,3,3,4,4,3,2,2,2,1,5,3,3,4,3,5,2,1,4,3,2,5,3,4,4,1,1,5,1,4,3,1,5,1,1,4,2,1,1,3,4,1,3,2,3,2,100,[],{},The data row meets all the plausibility rules.
maennlich,2000,Baden-Württemberg,keine Angabe,täglich,2,3,1,2,2,2,2,1,1,5,1,1,1,4,3,3,2,2,3,5,3,4,1,2,3,2,3,4,2,3,4,3,3,1,1,4,1,3,4,5,2,5,2,3,1,4,3,2,3,2,5,2,2,4,2,100,[],{},The data row meets all the specified data quality rules.
maennlich,2004,Baden-Württemberg,Studentin / Student,mehrmals pro Woche,2,3,2,2,3,2,3,4,3,3,3,1,2,5,2,3,1,4,1,5,4,3,2,3,3,4,1,5,3,3,3,1,5,5,1,1,2,1,1,1,2,2,2,3,4,4,3,1,5,4,1,3,3,4,4,86,"[""rule_2""]","{""rule_2"": ""The 'alter' indicates a year (2004) that makes the person under 18, but 'beruf' is 'Studentin / Student', which is a profession requiring adulthood.""}",The data row has one violation related to age and profession consistency.
maennlich,2002,Bayern,Angestellte / Angestellter,mehrmals im Monat,2,2,2,1,3,2,1,5,2,5,4,4,5,4,1,3,3,4,2,5,5,5,1,2,3,3,2,3,1,4,4,4,3,1,1,1,3,1,3,4,2,4,1,3,2,3,2,3,2,1,3,3,4,2,4,72,"[""rule_2"", ""rule_6"", ""rule_7""]","{""rule_2"": ""The 'alter' indicates a year (2002) that makes the person under 18, but 'beruf' is 'Angestellte / Angestellter', which requires adulthood."", ""rule_6"": ""The 'involvement_unverzichtbar' (5) is higher than 'involvement_interesse' (5), which is inconsistent."", ""rule_7"": ""The 'praef_sorte_alkoholfrei' is rated high (4), but 'konsumhaeufigkeit' is 'mehrmals im Monat', which is inconsistent.""}","The data row contains multiple inconsistencies regarding age, involvement ratings, and consumption preferences."
weiblich,2000,Baden-Württemberg,keine Angabe,mehrmals im Monat,2,3,2,1,3,2,3,2,2,3,3,4,3,4,5,5,4,1,3,5,2,3,1,2,1,3,3,2,2,3,4,4,3,1,1,1,1,1,4,3,1,5,1,2,2,4,3,3,4,2,2,2,2,2,1,100,[],{},The data row meets all specified data quality rules.
maennlich,2004,Baden-Württemberg,Angestellte / Angestellter,einmal pro Monat,2,3,2,2,3,3,2,2,1,4,1,1,3,4,2,4,1,1,3,4,5,3,3,5,3,3,2,3,4,3,5,1,3,3,2,2,4,1,1,4,2,5,1,5,1,4,2,3,1,4,2,1,5,2,2,86,"[""rule_2""]","{""rule_2"": ""The 'alter' indicates a year (2004) that makes the person under 18 (current year is 2023), but 'beruf' is 'Angestellte / Angestellter', which requires adulthood.""}",The data row has one violation related to age and profession consistency.
maennlich,2004,Baden-Württemberg,Studentin / Student,mehrmals im Monat,2,3,3,2,2,3,2,2,3,4,1,1,1,2,3,2,3,2,1,4,3,3,4,3,5,3,3,5,3,3,3,1,4,1,1,2,3,5,4,1,1,4,2,3,4,4,2,4,1,5,2,1,3,2,2,86,"[""rule_2""]","{""rule_2"": ""The 'alter' indicates a year (2004) that makes the person under 18, but 'beruf' is 'Studentin / Student', which is a profession requiring adulthood.""}","The data quality is mostly good, but there is an inconsistency between age and profession."
weiblich,2000,Baden-Württemberg,Angestellte / Angestellter,mehrmals im Monat,2,3,2,1,2,3,2,5,5,1,5,5,1,4,1,4,1,4,1,4,4,4,1,2,3,4,1,4,4,3,1,3,3,1,1,1,3,2,3,5,1,3,1,3,3,3,1,3,4,3,1,4,1,2,4,86,"[""rule_2""]","{""rule_2"": ""The 'alter' indicates a year (2000) that makes the person under 18 (current year is 2023), while 'beruf' is 'Angestellte / Angestellter', which requires adulthood.""}",The data row has one violation related to age and profession consistency.
maennlich,2004,keine Angabe,Studentin / Student,einmal pro Monat,3,1,1,1,3,3,1,2,3,3,4,2,2,5,3,3,4,2,3,5,4,4,3,3,5,2,3,2,2,4,3,1,4,1,2,1,1,1,3,1,2,5,3,1,1,3,1,3,4,1,1,2,2,2,3,86,"[""rule_2""]","{""rule_2"": ""The 'alter' indicates a year (2004) that makes the person under 18, but 'beruf' is 'Studentin / Student', which is a profession requiring adulthood.""}","The data quality is mostly good, but there is an inconsistency between age and profession."
maennlich,2002,Baden-Württemberg,Studentin / Student,täglich,3,2,2,1,3,3,2,5,1,3,4,3,4,4,2,2,1,4,2,4,2,4,3,1,3,2,3,3,2,3,4,2,2,2,2,1,3,1,1,4,1,5,1,3,3,3,2,4,4,3,2,1,3,1,1,86,"[""rule_2""]","{""rule_2"": ""The 'alter' indicates a year (2002) that makes the person under 18 (current year is 2023), but 'beruf' is 'Studentin / Student', which is a profession requiring adulthood.""}","The data quality is mostly good, but there is an inconsistency between age and profession."
maennlich,2000,Baden-Württemberg,Studentin / Student,mehrmals im Monat,2,3,1,2,2,2,2,5,1,4,1,2,4,2,3,4,2,1,1,3,4,3,3,3,3,1,2,3,2,3,5,1,4,1,1,1,1,1,4,3,1,5,3,1,1,5,2,2,1,2,2,3,1,2,3,86,"[""rule_2""]","{""rule_2"": ""The 'alter' indicates a year (2000) that makes the person under 18 (current year is 2023), but 'beruf' is 'Studentin / Student', which is a profession that typically requires adulthood.""}","The data quality is generally good, but there is an inconsistency between age and profession."
weiblich,keine Angabe,Baden-Württemberg,Beamtin / Beamter,mehrmals im Monat,2,3,1,1,2,3,2,1,2,3,5,1,3,5,3,2,1,1,1,5,3,4,3,2,3,2,2,4,3,3,3,4,4,1,1,1,1,5,5,4,2,4,1,2,2,3,1,3,4,2,1,1,2,2,3,100,[],{},The data row meets all the specified data quality rules.
weiblich,2004,Sachsen,Angestellte / Angestellter,mehrmals im Monat,2,3,2,1,2,2,2,2,3,2,1,3,1,1,5,2,5,1,3,2,4,3,2,2,4,4,2,4,1,3,5,2,3,5,1,2,1,3,4,3,2,5,2,1,3,5,2,2,3,3,2,3,3,2,4,72,"[""rule_2""]","{""rule_2"": ""The 'alter' indicates a year (2004) that makes the person under 18, but 'beruf' is 'Angestellte / Angestellter', which requires adulthood.""}",The data quality is compromised due to an inconsistency between age and profession.
maennlich,1995,Rheinland-Pfalz,Studentin / Student,mehrmals pro Woche,2,3,1,2,3,2,2,2,2,3,3,3,1,3,5,1,2,4,3,5,2,3,2,1,3,2,2,5,3,5,4,1,2,1,1,2,2,5,1,3,1,4,3,2,2,3,2,3,4,4,1,1,2,2,2,100,[],{},The data row meets all the specified data quality rules.
maennlich,1999,Baden-Württemberg,Schülerin / Schüler,seltener als einmal pro Monat,2,3,2,1,3,3,2,1,3,5,2,1,1,5,5,2,3,3,1,4,4,3,3,3,4,2,2,4,2,3,4,2,5,4,1,1,1,1,4,5,2,5,2,2,1,5,1,4,1,4,3,3,1,2,3,100,[],{},The data row meets all quality standards without any violations.
unbekannt,1995,Baden-Württemberg,Studentin / Student,einmal pro Monat,3,3,1,1,3,2,2,4,3,3,2,3,4,4,3,2,4,1,2,3,3,4,2,2,5,4,5,4,2,4,3,3,1,1,3,1,1,5,2,3,1,4,1,2,1,4,2,5,3,3,3,1,2,1,1,86,"[""rule_5""]","{""rule_5"": ""The 'geschlecht' is 'unbekannt' while 'beruf' is specified as 'Studentin / Student'.""}","The data quality is mostly acceptable, but there is an inconsistency between gender and profession."
weiblich,keine Angabe,Baden-Württemberg,Studentin / Student,seltener als einmal pro Monat,2,2,1,1,3,3,3,1,1,5,1,1,1,5,1,3,3,2,3,5,4,3,3,1,3,4,2,3,2,3,4,5,3,1,1,1,3,2,4,2,1,4,3,1,1,2,1,3,2,2,3,5,2,2,3,100,[],{},The data row meets all the specified plausibility rules.
maennlich,1998,keine Angabe,Schülerin / Schüler,mehrmals im Monat,2,3,1,3,3,2,2,1,3,1,1,5,1,5,3,2,4,2,1,4,5,3,3,1,5,4,4,3,2,3,3,2,2,1,2,2,4,3,3,4,1,4,1,1,1,3,2,1,4,3,1,1,2,1,5,86,"[""rule_2""]","{""rule_2"": ""The 'alter' indicates a year (1998) that makes the person under 18, but 'beruf' is 'Sch\u00fclerin / Sch\u00fcler', which is a profession requiring adulthood.""}",The data row has one violation related to age and profession consistency.
weiblich,2005,Baden-Württemberg,Studentin / Student,mehrmals im Monat,2,2,2,1,3,1,2,2,1,2,2,1,1,5,4,4,2,1,4,4,4,2,3,1,5,4,2,3,5,4,4,5,2,4,1,2,1,3,4,1,1,5,3,2,3,4,1,5,3,3,1,1,3,2,4,72,"[""rule_2"", ""rule_4"", ""rule_7""]","{""rule_2"": ""The 'alter' indicates a year (2005) that makes the person under 18, but 'beruf' is 'Studentin / Student', which is a profession requiring adulthood."", ""rule_4"": ""The 'alkoholverzicht_wichtig' is rated high (4), but 'konsumhaeufigkeit' is 'mehrmals im Monat', which is inconsistent."", ""rule_7"": ""The 'praef_sorte_alkoholfrei' is rated high (5), but 'konsumhaeufigkeit' is 'mehrmals im Monat', which is inconsistent.""}","The data quality is compromised due to multiple inconsistencies regarding age, profession, and consumption preferences."
maennlich,2003,Baden-Württemberg,Studentin / Student,mehrmals im Monat,2,3,2,1,2,3,2,4,3,4,2,1,1,5,3,4,2,2,4,5,4,3,1,1,3,2,3,5,3,3,3,1,4,1,1,1,1,4,4,3,3,4,1,3,3,4,1,3,1,3,2,1,1,2,3,86,"[""rule_2"", ""rule_4""]","{""rule_2"": ""The 'alter' indicates a year (2003) that makes the person under 18, but 'beruf' is 'Studentin / Student', which is a profession requiring adulthood."", ""rule_4"": ""The 'alkoholverzicht_wichtig' is rated high (4), but 'konsumhaeufigkeit' is 'mehrmals im Monat', which is inconsistent.""}",The data quality is good but has some inconsistencies regarding age-related profession and alcohol consumption.
maennlich,2004,Baden-Württemberg,Studentin / Student,einmal pro Monat,2,2,1,3,2,3,1,3,3,5,4,1,2,5,3,5,3,1,1,5,3,4,3,2,2,2,4,3,3,3,4,3,3,1,2,1,3,2,3,3,1,5,2,3,2,4,1,3,3,3,2,3,1,2,2,86,"[""rule_2""]","{""rule_2"": ""The 'alter' indicates a year (2004) that makes the person under 18 (current year is 2023), and 'beruf' is 'Studentin / Student', which is a profession requiring adulthood.""}","The data quality is mostly good, but there is an inconsistency between age and profession."
maennlich,1996,Baden-Württemberg,Studentin / Student,mehrmals pro Woche,2,3,2,2,3,2,3,4,3,5,2,4,3,4,5,2,2,1,3,5,4,4,2,2,4,4,3,3,3,3,4,4,3,3,2,2,1,2,5,5,2,1,1,3,1,3,1,3,3,4,2,4,2,2,5,86,"[""rule_2"", ""rule_7""]","{""rule_2"": ""The 'alter' indicates a year (1996) that makes the person under 18, but 'beruf' is 'Studentin / Student', which is a profession requiring adulthood."", ""rule_7"": ""The 'praef_sorte_alkoholfrei' is rated high (4), but 'konsumhaeufigkeit' is 'mehrmals pro Woche', which is inconsistent.""}",The data row has two quality issues related to age and consumption preferences.
maennlich,2001,Baden-Württemberg,Studentin / Student,mehrmals im Monat,3,3,2,2,2,2,2,2,2,5,2,4,1,3,4,5,3,3,1,5,1,3,2,3,3,5,4,3,4,3,5,3,4,2,1,1,3,4,3,1,2,5,4,2,1,5,2,1,1,2,1,2,1,1,3,100,[],{},The data row meets all quality standards.
maennlich,2000,Baden-Württemberg,Studentin / Student,mehrmals im Monat,2,3,1,1,1,2,3,5,1,4,1,5,2,5,2,4,4,1,2,5,4,4,3,2,2,3,1,3,3,5,3,3,1,1,4,2,4,1,4,1,1,5,1,3,2,4,2,2,1,5,1,3,3,2,4,86,"[""rule_2""]","{""rule_2"": ""The 'alter' indicates a year (2000) that makes the person under 18 (current year is 2023), but 'beruf' is 'Studentin / Student', which is a profession requiring adulthood.""}","The data quality is mostly acceptable, but there is an inconsistency between age and profession."
maennlich,2001,keine Angabe,Angestellte / Angestellter,mehrmals pro Woche,3,3,1,3,2,2,2,3,2,4,4,1,1,5,4,4,1,3,5,5,3,4,4,1,4,4,1,3,1,3,4,1,5,3,1,1,1,2,4,3,4,3,3,3,2,3,2,4,5,5,1,2,2,3,2,72,"[""rule_2"", ""rule_4""]","{""rule_2"": ""The 'alter' indicates a year (2001) that makes the person under 18 (current year 2023), but 'beruf' is 'Angestellte / Angestellter', which requires adulthood."", ""rule_4"": ""The 'alkoholverzicht_wichtig' is rated high (5), but 'konsumhaeufigkeit' is 'mehrmals pro Woche', which is inconsistent.""}",The data row has multiple quality issues related to age and consumption patterns.
maennlich,2003,Berlin,keine Angabe,mehrmals im Monat,3,3,3,3,1,3,2,2,5,4,3,3,1,5,5,4,4,2,1,4,5,4,1,1,5,2,3,3,2,3,3,3,1,1,1,2,2,3,4,2,2,5,3,2,3,4,2,4,4,2,2,2,4,4,3,100,[],{},The data row meets all the plausibility rules.
weiblich,keine Angabe,Baden-Württemberg,Angestellte / Angestellter,seltener als einmal pro Monat,3,2,2,1,3,2,2,2,3,1,3,3,1,4,3,4,1,1,1,5,4,3,4,3,3,5,3,1,2,3,3,2,3,1,1,1,1,2,4,3,2,3,1,2,3,5,1,3,1,1,1,3,3,3,2,100,[],{},The data row meets all the specified plausibility rules.
maennlich,2000,Baden-Württemberg,Studentin / Student,mehrmals im Monat,2,3,1,2,1,3,2,1,1,5,3,2,2,5,3,1,2,1,2,4,5,4,1,2,3,3,2,4,2,3,5,2,3,3,1,1,2,5,4,3,1,1,2,2,5,4,2,2,2,3,2,2,2,2,5,86,"[""rule_2""]","{""rule_2"": ""The 'alter' indicates a year (2000) that makes the person under 18 (current year is 2023), but 'beruf' is 'Studentin / Student', which is a profession that typically requires adulthood.""}","The data quality is mostly good, but there is an inconsistency between age and profession."
weiblich,keine Angabe,Baden-Württemberg,Studentin / Student,mehrmals im Monat,2,3,1,1,3,2,3,2,3,3,1,3,1,4,3,4,2,5,3,5,3,2,3,2,2,3,3,3,2,3,3,2,4,3,1,1,1,2,4,1,2,3,3,2,2,5,4,3,1,3,2,3,3,2,3,100,[],{},The data row meets all specified plausibility rules.
maennlich,2004,Baden-Württemberg,Studentin / Student,mehrmals im Monat,2,3,2,3,3,3,1,1,2,3,1,2,4,5,3,3,2,2,4,5,1,3,1,4,3,4,2,3,1,5,4,1,2,1,1,1,5,4,4,3,2,5,2,2,2,3,4,3,4,5,1,2,1,1,3,86,"[""rule_2"", ""rule_4""]","{""rule_2"": ""The 'alter' indicates a year (2004) that makes the person under 18, but 'beruf' is 'Studentin / Student', which is a profession requiring adulthood."", ""rule_4"": ""The 'alkoholverzicht_wichtig' is rated high (4), but 'konsumhaeufigkeit' is 'mehrmals im Monat', which is inconsistent.""}",The data quality is compromised due to inconsistencies in age-related profession and alcohol consumption ratings.
maennlich,keine Angabe,Baden-Württemberg,Angestellte / Angestellter,mehrmals im Monat,3,3,2,3,2,3,1,4,3,4,1,4,2,4,4,3,1,5,1,4,2,4,4,2,1,3,4,5,2,4,3,3,3,3,1,2,1,2,1,3,1,2,1,1,2,2,2,1,3,4,1,1,1,1,2,86,"[""rule_2""]","{""rule_2"": ""The 'alter' is 'keine Angabe', so it does not indicate an age. However, the 'beruf' is 'Angestellte / Angestellter', which typically requires adulthood, leading to an inconsistency.""}","The data quality is generally acceptable, but there is an inconsistency between age and profession."
maennlich,2007,Bayern,Angestellte / Angestellter,mehrmals pro Woche,2,3,2,1,2,2,2,2,1,5,2,4,1,3,2,2,3,3,1,4,2,3,3,3,3,3,3,3,4,3,5,3,5,2,3,3,2,1,4,2,2,2,2,1,1,3,2,3,4,3,1,2,3,3,3,72,"[""rule_2""]","{""rule_2"": ""The 'alter' indicates a year (2007) that makes the person under 18, but 'beruf' is 'Angestellte / Angestellter', which requires adulthood.""}",The data row has one violation related to age and profession consistency.
weiblich,2002,Baden-Württemberg,Studentin / Student,mehrmals pro Woche,1,3,1,2,2,3,1,4,3,3,1,1,5,3,2,2,3,2,1,5,4,4,3,5,3,2,3,4,1,4,2,4,2,1,1,1,2,2,4,3,2,5,3,1,3,3,2,4,1,3,1,2,3,2,3,86,"[""rule_2"", ""rule_6"", ""rule_7""]","{""rule_2"": ""The 'alter' indicates a year (2002) that makes the person under 18, but 'beruf' is 'Studentin / Student', which is inconsistent with being underage."", ""rule_6"": ""The 'involvement_unverzichtbar' (5) is higher than 'involvement_interesse' (4), which is inconsistent."", ""rule_7"": ""The 'praef_sorte_alkoholfrei' is rated high (4), but 'konsumhaeufigkeit' is 'mehrmals pro Woche', which is inconsistent.""}",The data quality is compromised due to multiple inconsistencies.
weiblich,2000,Baden-Württemberg,Studentin / Student,mehrmals im Monat,2,2,2,1,3,2,3,3,4,1,2,5,1,3,4,4,3,1,3,4,4,4,2,3,2,4,2,4,1,3,4,3,3,3,3,2,2,4,4,4,2,5,4,1,4,3,1,3,1,3,2,2,2,2,3,86,"[""rule_2""]","{""rule_2"": ""The 'alter' indicates a year (2000) that makes the person under 18 (current year 2023), but 'beruf' is 'Studentin / Student', which is inconsistent with being underage.""}","The data quality is generally good, but there is an inconsistency between age and profession."
unbekannt,1997,Baden-Württemberg,Studentin / Student,mehrmals pro Woche,3,2,2,1,3,2,2,5,3,4,2,3,1,4,4,4,3,5,4,5,4,4,1,4,2,3,4,2,4,3,5,1,3,1,2,2,2,4,4,3,5,5,3,1,3,5,1,3,2,5,2,2,4,1,1,72,"[""rule_5"", ""rule_2"", ""rule_4""]","{""rule_5"": ""The 'geschlecht' is 'unbekannt' while 'beruf' is specified as 'Studentin / Student'."", ""rule_2"": ""The 'alter' indicates a year (1997) that makes the person under 18, but 'beruf' is 'Studentin / Student', which is inconsistent."", ""rule_4"": ""The 'alkoholverzicht_wichtig' is rated high (4), but 'konsumhaeufigkeit' is 'mehrmals pro Woche', which is inconsistent.""}","The data row contains multiple inconsistencies regarding gender, age, profession, and consumption habits."
weiblich,1995,Baden-Württemberg,Studentin / Student,mehrmals im Monat,3,3,2,1,3,2,2,2,2,1,5,1,1,4,4,4,3,1,3,5,4,2,3,3,1,1,2,5,2,3,5,1,2,3,1,2,1,1,4,4,2,1,1,1,1,5,1,2,2,5,1,1,3,2,3,86,"[""rule_2""]","{""rule_2"": ""The 'alter' indicates a year (1995) that makes the person under 18, but 'beruf' is 'Studentin / Student', which is a profession requiring adulthood.""}","The data quality is mostly good, but there is an inconsistency between age and profession."
maennlich,2002,Baden-Württemberg,Studentin / Student,mehrmals pro Woche,3,2,1,1,3,3,1,2,2,4,2,4,3,1,3,4,2,1,1,4,3,2,3,3,4,4,4,4,2,3,5,2,3,1,1,2,3,2,5,3,4,5,1,2,3,3,2,3,3,3,2,2,3,2,2,86,"[""rule_2""]","{""rule_2"": ""The 'alter' indicates a year (2002) that makes the person under 18, but 'beruf' is 'Studentin / Student', which is a profession that typically requires adulthood.""}","The data quality is mostly good, but there is an inconsistency between age and profession."
maennlich,2002,Baden-Württemberg,Studentin / Student,täglich,2,3,2,2,2,3,2,3,5,2,5,1,1,4,5,5,3,3,1,2,2,4,4,5,3,5,4,5,2,3,3,3,4,1,2,2,3,3,4,1,2,4,2,1,1,5,1,3,1,5,3,1,4,2,5,86,"[""rule_2""]","{""rule_2"": ""The 'alter' indicates a year (2002) that makes the person under 18, but 'beruf' is 'Studentin / Student', which is a profession requiring adulthood.""}","The data quality is mostly good, but there is an inconsistency between age and profession."
maennlich,2001,Baden-Württemberg,keine Angabe,mehrmals pro Woche,2,3,2,1,2,3,2,3,2,2,1,3,1,3,1,2,5,4,3,4,3,4,5,2,2,5,4,2,1,3,5,2,5,3,1,2,3,4,3,4,1,5,1,2,3,5,2,4,1,3,2,3,3,2,5,100,[],{},The data row meets all quality standards.
weiblich,1998,Baden-Württemberg,Studentin / Student,einmal pro Monat,2,3,1,2,3,3,2,5,2,4,1,2,1,3,3,4,3,2,3,5,5,3,3,3,3,2,3,2,1,3,4,2,3,1,1,3,1,1,4,1,2,1,1,2,1,5,3,1,5,3,1,3,3,1,1,100,[],{},The data row meets all the specified data quality rules.
unbekannt,2002,Baden-Württemberg,Studentin / Student,täglich,3,3,2,1,2,2,3,2,1,3,2,1,1,3,2,1,4,4,1,5,5,5,3,2,3,1,4,4,2,5,4,4,5,5,1,2,1,1,5,3,5,5,3,2,2,3,2,5,4,3,4,2,1,5,3,72,"[""rule_5"", ""rule_2"", ""rule_7""]","{""rule_5"": ""The 'geschlecht' is 'unbekannt' while 'beruf' is specified as 'Studentin / Student'."", ""rule_2"": ""The 'alter' indicates a year (2002) that makes the person under 18, but 'beruf' is 'Studentin / Student', which is a profession requiring adulthood."", ""rule_7"": ""The 'praef_sorte_alkoholfrei' is rated high (4), but 'konsumhaeufigkeit' is 't\u00e4glich'.""}","The data row contains multiple inconsistencies regarding age, gender, and consumption preferences."
weiblich,1996,Baden-Württemberg,Angestellte / Angestellter,täglich,2,3,2,2,2,2,2,5,1,4,2,5,1,4,4,4,4,1,2,4,3,4,2,4,4,4,2,3,2,2,3,4,4,1,1,3,1,2,5,5,1,5,1,2,1,4,3,4,2,3,2,2,1,2,3,72,"[""rule_2"", ""rule_7""]","{""rule_2"": ""The 'alter' indicates a year (1996) that makes the person under 18, but 'beruf' is 'Angestellte / Angestellter', which requires adulthood."", ""rule_7"": ""The 'praef_sorte_alkoholfrei' is rated high (4), but 'konsumhaeufigkeit' is 't\u00e4glich', which is inconsistent.""}",The data row has inconsistencies regarding age-related profession requirements and preferences related to consumption frequency.
weiblich,1998,Baden-Württemberg,Studentin / Student,mehrmals im Monat,1,3,3,1,3,2,2,5,2,5,1,3,1,2,2,2,2,1,3,5,2,5,2,2,5,3,5,4,4,4,3,1,3,3,4,3,1,3,1,5,2,5,5,1,1,3,1,4,3,5,2,2,2,2,2,86,"[""rule_2""]","{""rule_2"": ""The 'alter' indicates a year (1998) that makes the person under 18, but 'beruf' is 'Studentin / Student', which is a profession requiring adulthood.""}","The data quality is mostly good, but there is an inconsistency between age and profession."
weiblich,1999,Baden-Württemberg,Studentin / Student,mehrmals im Monat,2,1,2,1,3,3,3,4,1,3,2,1,4,3,1,3,1,2,1,4,5,3,3,3,4,3,3,4,2,4,4,4,3,1,2,2,2,4,1,3,1,5,4,2,3,1,2,1,1,5,1,3,2,2,3,86,"[""rule_2"", ""rule_7""]","{""rule_2"": ""The 'alter' indicates a year (1999) that makes the person under 18 (current year 2023), but 'beruf' is 'Studentin / Student', which is a profession requiring adulthood."", ""rule_7"": ""The 'praef_sorte_alkoholfrei' is rated high (4), but 'konsumhaeufigkeit' is 'mehrmals im Monat', which is inconsistent.""}",The data row has some inconsistencies regarding age-related profession and preferences.
weiblich,2000,Baden-Württemberg,Angestellte / Angestellter,mehrmals im Monat,3,3,2,3,1,3,3,2,2,4,2,3,1,3,1,4,4,5,3,4,3,5,4,2,3,2,4,1,2,3,2,2,5,1,1,2,1,3,3,4,2,5,1,2,2,3,3,3,4,3,1,2,2,1,3,86,"[""rule_2""]","{""rule_2"": ""The 'alter' indicates a year (2000) that makes the person under 18 (current year is 2023), but 'beruf' is 'Angestellte / Angestellter', which requires adulthood.""}",The data row has one violation related to age and profession consistency.
weiblich,2000,Bayern,Schülerin / Schüler,mehrmals im Monat,2,3,2,1,1,3,2,4,1,3,4,2,4,4,3,2,3,2,1,5,3,3,1,1,3,3,3,5,1,3,4,2,1,1,1,1,1,2,3,5,2,5,2,1,2,4,2,3,4,4,2,2,3,2,3,86,"[""rule_2""]","{""rule_2"": ""The 'alter' indicates a year (2000) that makes the person under 18 (current year 2023), but 'beruf' is 'Sch\u00fclerin / Sch\u00fcler', which is a profession requiring adulthood.""}","The data quality is mostly good, but there is an inconsistency between age and profession."
weiblich,1997,Baden-Württemberg,Studentin / Student,mehrmals im Monat,2,3,1,2,3,2,2,1,1,2,2,3,1,3,4,5,2,2,1,5,2,4,2,3,1,3,2,3,3,3,4,2,3,3,1,4,2,4,4,3,1,3,4,1,4,3,3,4,4,3,3,3,1,3,3,100,[],{},The data row meets all the specified data quality rules.
weiblich,2004,Baden-Württemberg,keine Angabe,mehrmals im Monat,2,3,1,1,3,3,2,3,2,5,2,4,1,4,1,4,3,1,3,5,4,5,3,2,3,1,2,3,3,3,4,4,3,2,3,2,1,1,3,5,2,5,1,1,3,3,2,3,2,2,1,2,1,4,4,86,"[""rule_2"", ""rule_7""]","{""rule_2"": ""The 'alter' indicates a year (2004) that makes the person under 18, but 'beruf' is 'keine Angabe', which does not violate the rule."", ""rule_7"": ""The 'praef_sorte_alkoholfrei' is rated high (4), but 'konsumhaeufigkeit' is 'mehrmals im Monat', which violates the rule.""}","The data quality is generally good, but there are inconsistencies regarding age and consumption preferences."
weiblich,2004,Baden-Württemberg,keine Angabe,mehrmals im Monat,2,3,1,2,3,2,3,2,1,5,3,1,2,5,3,4,3,3,2,4,5,4,2,3,3,3,2,3,4,4,2,1,4,1,5,1,1,1,5,4,1,5,1,2,3,5,2,2,4,2,2,1,3,2,5,100,[],{},The data row meets all specified data quality rules.
weiblich,2000,Baden-Württemberg,Studentin / Student,mehrmals pro Woche,1,3,2,2,3,2,1,4,1,4,3,3,1,4,3,3,5,1,3,4,5,3,2,2,3,5,2,5,3,3,3,1,2,1,1,1,1,4,2,4,4,3,3,3,4,4,2,5,5,3,2,2,2,4,1,86,"[""rule_2""]","{""rule_2"": ""The 'alter' indicates a year (2000) that makes the person under 18 (current year is 2023), but 'beruf' is 'Studentin / Student', which is a profession requiring adulthood.""}","The data quality is mostly good, but there is an inconsistency between age and profession."
maennlich,1999,Baden-Württemberg,Studentin / Student,mehrmals pro Woche,2,2,1,1,3,2,2,2,2,2,4,1,1,5,1,1,3,1,5,5,3,5,3,3,5,4,3,4,5,3,5,1,4,1,2,1,1,2,1,4,1,3,3,2,5,2,1,5,4,3,3,3,3,2,2,72,"[""rule_2"", ""rule_4""]","{""rule_2"": ""The 'alter' indicates a year (1999) that makes the person under 18 (current year 2023), but 'beruf' is 'Studentin / Student', which is a profession that typically requires adulthood."", ""rule_4"": ""The 'alkoholverzicht_wichtig' is rated high (5), but 'konsumhaeufigkeit' is 'mehrmals pro Woche', which is inconsistent.""}","The data quality is compromised due to inconsistencies between age and profession, as well as between alcohol abstinence importance and consumption frequency."
maennlich,1998,Baden-Württemberg,Studentin / Student,mehrmals pro Woche,2,3,2,1,2,2,2,4,1,5,5,2,5,3,3,4,1,5,2,4,3,4,3,3,4,2,2,3,4,3,5,5,3,2,3,2,2,1,5,3,3,4,2,1,1,5,2,3,2,3,1,3,2,1,4,86,"[""rule_2"", ""rule_6"", ""rule_7""]","{""rule_2"": ""The 'alter' indicates a year (1998) that makes the person under 18, but 'beruf' is 'Studentin / Student', which is inconsistent with being underage."", ""rule_6"": ""The 'involvement_unverzichtbar' (5) is higher than 'involvement_interesse' (4), which is inconsistent."", ""rule_7"": ""The 'praef_sorte_alkoholfrei' (5) is high, but 'konsumhaeufigkeit' is 'mehrmals pro Woche', which is inconsistent.""}","The data row has multiple inconsistencies related to age, involvement ratings, and consumption preferences."
maennlich,2001,Baden-Württemberg,ohne Beschäftigung,mehrmals im Monat,1,3,3,1,2,2,1,4,3,5,3,2,1,4,3,2,3,1,3,4,3,4,3,2,4,4,2,3,2,4,4,2,5,1,1,2,1,2,2,2,2,5,1,2,3,1,2,4,3,3,2,1,3,2,5,100,[],{},The data row meets all the plausibility rules.
weiblich,2000,keine Angabe,Angestellte / Angestellter,einmal pro Monat,2,3,1,2,1,3,2,2,2,1,5,4,1,5,4,4,4,1,1,5,4,3,2,3,3,3,4,5,1,4,4,3,5,1,3,4,2,1,3,3,1,4,1,4,3,4,2,5,2,4,3,4,2,2,3,86,"[""rule_2""]","{""rule_2"": ""The 'alter' indicates a year (2000) that makes the person under 18 (current year 2023), but 'beruf' is 'Angestellte / Angestellter', which requires adulthood.""}","The data quality is mostly acceptable, but there is an inconsistency between age and profession."
maennlich,1997,Baden-Württemberg,Studentin / Student,mehrmals pro Woche,3,3,1,1,1,2,2,5,2,4,1,1,4,4,3,4,1,1,1,4,4,4,3,2,4,4,2,4,4,3,4,1,4,2,1,1,4,1,1,4,1,4,1,2,4,5,2,2,3,3,2,3,3,2,3,86,"[""rule_2""]","{""rule_2"": ""The 'alter' indicates a year (1997) that makes the person under 18, but 'beruf' is 'Studentin / Student', which is a profession requiring adulthood.""}",The data row has one violation related to age and profession consistency.
maennlich,1999,Baden-Württemberg,Studentin / Student,einmal pro Monat,3,3,1,2,1,3,2,2,1,4,2,3,1,3,1,3,3,5,1,4,2,4,2,2,1,3,2,3,2,4,3,1,2,1,1,4,2,3,3,1,1,3,1,2,3,5,2,1,3,4,2,1,2,2,4,100,[],{},The data row meets all the plausibility rules.
unbekannt,2000,Baden-Württemberg,keine Angabe,mehrmals pro Woche,2,3,1,1,1,2,3,5,3,4,1,1,1,4,3,2,2,4,1,5,2,4,2,2,2,2,5,5,2,3,5,3,1,1,2,1,1,2,5,1,2,4,3,1,1,3,2,3,3,4,2,2,1,2,3,86,"[""rule_5""]","{""rule_5"": ""The 'geschlecht' is 'unbekannt' while 'beruf' is specified as 'keine Angabe', which does not violate the rule. However, if 'beruf' were not 'keine Angabe', it would be a violation.""}",The data quality is generally acceptable with one potential inconsistency regarding gender specification.
maennlich,1999,Baden-Württemberg,Studentin / Student,mehrmals im Monat,2,3,2,1,3,3,1,5,3,1,1,5,5,4,4,4,1,2,4,5,4,4,2,3,3,2,2,3,2,3,3,1,4,4,1,4,1,1,4,4,2,5,1,2,4,5,1,2,4,3,2,2,2,2,3,86,"[""rule_2"", ""rule_4""]","{""rule_2"": ""The 'alter' indicates a year (1999) that makes the person under 18 (current year 2023), but 'beruf' is 'Studentin / Student', which is acceptable for someone under 18, so this rule is not violated."", ""rule_4"": ""The 'alkoholverzicht_wichtig' is rated high (4), but 'konsumhaeufigkeit' is 'mehrmals im Monat', which violates the rule.""}","The data quality is generally good, but there are inconsistencies regarding age-related profession and alcohol consumption preferences."
weiblich,keine Angabe,Baden-Württemberg,Studentin / Student,mehrmals im Monat,3,3,1,1,1,2,1,2,2,3,3,3,4,3,3,2,1,1,2,5,5,1,3,1,5,5,2,4,2,3,2,3,4,2,1,4,1,2,4,5,2,5,1,2,2,3,1,3,3,2,3,1,3,2,3,100,[],{},The data row meets all specified plausibility rules.
weiblich,1996,Baden-Württemberg,Schülerin / Schüler,seltener als einmal pro Monat,2,3,2,3,3,3,3,2,2,1,4,1,1,4,4,2,2,1,1,5,5,1,1,2,2,1,5,4,2,4,4,2,1,1,3,2,1,1,2,3,1,4,1,3,2,3,3,3,2,5,3,1,3,3,1,100,[],{},The data row meets all quality standards without any violations.
maennlich,2002,Baden-Württemberg,Studentin / Student,mehrmals im Monat,2,3,2,1,3,2,2,4,2,3,2,2,5,3,3,4,2,2,1,4,4,2,3,4,2,3,2,2,4,4,2,1,5,4,1,1,1,1,4,2,1,5,1,3,3,3,2,3,3,5,4,3,2,2,2,86,"[""rule_2"", ""rule_6""]","{""rule_2"": ""The 'alter' indicates a year (2002) that makes the person under 18, but 'beruf' is 'Studentin / Student', which is a profession requiring adulthood."", ""rule_6"": ""The 'involvement_unverzichtbar' (5) is higher than 'involvement_interesse' (4).""}","The data row has some inconsistencies regarding age and profession, as well as involvement ratings."
maennlich,2004,Baden-Württemberg,Angestellte / Angestellter,seltener als einmal pro Monat,2,3,2,2,2,1,2,5,2,2,2,2,1,5,4,4,3,4,1,4,3,3,3,2,5,2,2,1,4,3,4,2,4,1,2,4,5,1,4,2,2,4,1,1,3,3,2,3,5,5,2,2,2,2,3,86,"[""rule_2""]","{""rule_2"": ""The 'alter' indicates a year (2004) that makes the person under 18, but 'beruf' is 'Angestellte / Angestellter', which requires adulthood.""}",The data row has one violation related to age and profession consistency.
weiblich,2000,keine Angabe,Angestellte / Angestellter,mehrmals pro Woche,2,3,2,2,3,3,2,2,1,5,3,2,4,3,3,4,3,2,3,4,4,5,1,2,5,2,4,2,3,2,3,2,5,1,1,1,2,1,2,3,1,5,2,1,1,1,5,2,1,2,1,2,3,1,3,86,"[""rule_2""]","{""rule_2"": ""The 'alter' indicates a year (2000) that makes the person under 18, but 'beruf' is 'Angestellte / Angestellter', which requires adulthood.""}","The data quality is mostly acceptable, but there is an inconsistency between age and profession."
weiblich,2002,Baden-Württemberg,keine Angabe,einmal pro Monat,3,3,1,2,1,2,2,2,2,3,5,2,1,4,3,4,1,1,1,4,3,4,2,1,3,4,2,4,3,3,4,2,1,2,1,1,1,3,5,2,1,5,1,2,2,5,2,4,2,5,2,2,1,2,4,100,[],{},The data row meets all the plausibility rules.
weiblich,2005,Baden-Württemberg,Studentin / Student,mehrmals im Monat,2,2,2,2,3,3,1,2,5,1,1,2,1,4,2,3,3,2,2,5,5,4,3,1,2,4,2,2,2,3,4,3,3,5,3,2,2,5,2,3,1,5,2,2,3,3,3,3,1,3,4,2,2,2,3,86,"[""rule_2""]","{""rule_2"": ""The 'alter' indicates a year (2005) that makes the person under 18, but 'beruf' is 'Studentin / Student', which is a profession that typically requires adulthood.""}",The data row has one violation related to age and profession consistency.
weiblich,2006,Baden-Württemberg,Studentin / Student,einmal pro Monat,2,3,3,2,1,3,2,2,2,1,2,3,2,5,5,3,2,1,3,5,4,5,3,2,3,3,2,1,2,4,3,1,3,5,4,1,1,3,1,4,1,5,1,2,1,5,1,4,4,3,2,2,2,1,2,86,"[""rule_2""]","{""rule_2"": ""The 'alter' indicates a year (2006) that makes the person under 18, but 'beruf' is 'Studentin / Student', which is inconsistent with being underage.""}",The data row has one violation related to age and profession consistency.
maennlich,2001,Baden-Württemberg,Angestellte / Angestellter,mehrmals im Monat,3,3,1,2,1,2,2,4,3,5,2,1,5,4,3,4,2,1,5,5,3,3,5,2,2,2,2,2,2,3,2,3,3,3,2,2,2,1,4,3,2,2,1,3,3,3,3,1,2,1,2,3,2,2,3,72,"[""rule_2"", ""rule_4""]","{""rule_2"": ""The 'alter' indicates a year (2001) that makes the person under 18, but 'beruf' is 'Angestellte / Angestellter', which requires adulthood."", ""rule_4"": ""The 'alkoholverzicht_wichtig' is rated high (5), but 'konsumhaeufigkeit' is 'mehrmals im Monat', which is inconsistent.""}",The data row has inconsistencies regarding age-related profession requirements and alcohol consumption preferences.
weiblich,2005,Baden-Württemberg,keine Angabe,mehrmals im Monat,2,2,2,1,2,2,2,1,2,4,3,3,1,5,2,5,3,1,1,5,3,4,2,3,1,1,4,4,1,3,5,5,5,2,2,1,1,1,5,5,1,5,4,2,2,3,2,4,3,1,2,1,1,2,3,100,[],{},The data row meets all the specified data quality rules.
maennlich,2002,Baden-Württemberg,Studentin / Student,einmal pro Monat,2,3,2,1,1,2,2,5,3,3,3,5,5,1,1,2,2,5,1,5,2,4,2,2,2,2,4,4,2,5,5,1,2,1,1,4,2,2,2,4,1,5,4,1,3,4,1,4,4,3,1,2,4,2,3,86,[],{},The data row meets all the plausibility rules.
maennlich,2004,Baden-Württemberg,Studentin / Student,einmal pro Monat,2,3,2,3,3,2,2,3,3,4,1,3,1,4,1,4,2,3,2,5,1,2,2,2,1,2,4,5,4,3,5,1,3,2,1,2,2,3,3,1,1,1,1,3,1,3,2,3,1,5,2,1,3,1,4,86,[],{},The data row adheres to all specified plausibility rules.
maennlich,2004,Bayern,Studentin / Student,einmal pro Monat,2,2,2,3,3,3,2,4,1,3,2,2,2,1,3,3,4,1,1,5,4,4,1,2,3,5,2,3,2,3,2,2,4,2,1,2,2,5,1,1,1,5,1,2,3,5,1,2,1,4,3,3,3,1,3,100,[],{},The data row meets all the plausibility rules.
maennlich,1999,Bayern,Studentin / Student,seltener als einmal pro Monat,3,2,1,1,1,3,2,2,3,3,2,2,1,4,3,3,1,4,1,5,4,5,4,1,4,4,4,3,3,2,5,2,4,4,3,4,1,1,4,4,2,4,1,4,3,5,2,2,3,1,3,2,1,3,5,100,[],{},The data row meets all the plausibility rules.
maennlich,keine Angabe,Baden-Württemberg,ohne Beschäftigung,mehrmals pro Woche,3,3,2,1,3,2,2,2,4,4,2,3,4,3,3,4,1,4,1,4,4,3,3,5,2,3,3,3,3,4,2,1,3,1,1,1,2,2,3,2,2,3,1,2,1,4,2,3,2,2,1,1,2,1,4,100,[],{},The data row meets all quality standards.
weiblich,2000,Baden-Württemberg,Angestellte / Angestellter,einmal pro Monat,2,3,1,3,3,3,1,2,2,4,3,2,4,4,3,2,1,2,3,4,4,4,3,3,2,4,2,4,2,3,2,1,2,2,1,2,3,5,4,5,1,1,3,3,1,5,3,4,2,4,3,2,2,3,3,86,"[""rule_2""]","{""rule_2"": ""The 'alter' indicates a year (2000) that makes the person under 18 (current year 2023), but 'beruf' is 'Angestellte / Angestellter', which requires adulthood.""}",The data row has one violation related to age and profession consistency.
weiblich,2006,Baden-Württemberg,ohne Beschäftigung,mehrmals pro Woche,3,3,2,2,3,3,1,5,1,3,2,1,5,3,4,4,1,5,1,5,5,3,1,1,5,2,3,3,2,3,5,2,2,1,4,1,2,4,2,2,2,5,1,2,1,5,1,1,5,3,1,2,4,2,3,86,"[""rule_2"", ""rule_6""]","{""rule_2"": ""The 'alter' indicates a year (2006) that makes the person under 18, but the 'beruf' is 'ohne Besch\u00e4ftigung', which is acceptable. However, the rule is still flagged as the age is under 18."", ""rule_6"": ""The 'involvement_unverzichtbar' (5) is higher than 'involvement_interesse' (5), which is inconsistent.""}","The data quality is generally good, but there are inconsistencies regarding age and involvement ratings."
maennlich,1999,Baden-Württemberg,keine Angabe,seltener als einmal pro Monat,2,3,2,1,3,3,2,4,3,5,4,1,3,4,4,2,3,2,1,5,4,3,3,3,3,2,2,4,1,3,5,2,3,2,2,1,2,5,3,5,1,5,1,3,3,5,2,3,1,4,1,3,1,2,5,100,[],{},The data row meets all the plausibility rules.
unbekannt,2003,Baden-Württemberg,Studentin / Student,einmal pro Monat,3,3,2,3,3,2,2,2,3,3,1,1,1,3,1,3,3,1,2,5,4,4,2,2,2,2,3,4,1,3,3,4,5,1,5,3,1,4,5,5,1,5,1,2,5,3,3,2,5,3,1,5,1,2,2,72,"[""rule_5""]","{""rule_5"": ""The 'geschlecht' is 'unbekannt' while 'beruf' is specified as 'Studentin / Student'.""}",The data row has one violation related to gender and profession consistency.
weiblich,1996,Baden-Württemberg,Schülerin / Schüler,mehrmals im Monat,2,3,2,1,3,3,1,5,1,2,2,3,1,4,3,1,1,4,2,4,4,4,1,3,3,4,3,2,2,4,1,4,5,3,1,2,1,4,1,3,2,1,1,4,2,5,2,2,3,3,1,4,2,1,3,100,[],{},The data row meets all the specified data quality rules.
unbekannt,2004,Baden-Württemberg,keine Angabe,täglich,3,3,1,2,3,3,2,4,1,5,2,1,2,3,3,2,3,3,2,5,4,2,1,3,3,2,1,3,2,3,3,1,3,1,1,1,1,1,3,3,2,3,1,3,5,4,2,2,2,3,2,2,2,2,4,86,"[""rule_5""]","{""rule_5"": ""The 'geschlecht' is 'unbekannt' while 'beruf' is specified as 'keine Angabe', which does not violate the rule. However, if 'beruf' were specified as something else, it would have been a violation.""}","The data quality is generally good, with one potential inconsistency regarding gender and profession."
maennlich,2002,Baden-Württemberg,Studentin / Student,einmal pro Monat,3,3,1,3,3,3,2,3,2,4,2,4,5,3,2,2,1,1,1,5,2,4,2,2,2,2,5,5,3,3,4,2,3,1,1,2,3,2,5,3,1,1,1,3,2,5,2,4,4,5,2,1,2,2,4,86,"[""rule_2"", ""rule_6""]","{""rule_2"": ""The 'alter' indicates a year (2002) that makes the person under 18, but 'beruf' is 'Studentin / Student', which is a profession requiring adulthood."", ""rule_6"": ""The 'involvement_unverzichtbar' (5) is higher than 'involvement_interesse' (3).""}","The data row has some inconsistencies regarding age and profession, as well as involvement ratings."
weiblich,1995,Baden-Württemberg,Studentin / Student,mehrmals im Monat,2,3,2,1,3,1,3,2,3,5,4,1,1,5,3,3,3,1,1,4,4,4,3,2,1,4,4,5,2,3,3,1,5,1,1,1,1,4,4,4,2,5,1,1,1,2,2,3,3,3,2,2,3,1,1,100,[],{},The data row meets all the plausibility rules.
weiblich,1998,Baden-Württemberg,ohne Beschäftigung,mehrmals im Monat,2,3,1,1,3,3,2,3,2,4,2,3,4,4,4,3,2,4,1,5,5,4,3,3,3,2,2,5,1,3,4,2,3,1,1,3,1,4,5,3,1,5,2,2,4,5,2,2,1,2,1,1,4,4,3,100,[],{},The data row meets all specified data quality rules.
maennlich,keine Angabe,Bayern,Studentin / Student,mehrmals im Monat,2,3,2,3,1,2,1,2,2,2,4,1,2,2,4,5,4,1,4,5,4,4,2,2,1,2,4,4,3,3,3,4,5,3,3,2,1,2,4,3,2,5,1,3,1,5,2,5,1,5,2,3,3,2,1,100,[],{},The data row meets all the plausibility rules.
maennlich,2000,Bayern,Schülerin / Schüler,mehrmals im Monat,2,2,1,2,3,3,2,2,1,3,2,2,2,5,3,2,3,5,3,5,3,3,3,2,1,1,3,3,3,4,1,2,5,1,2,2,1,3,4,3,3,3,1,2,3,5,1,3,2,4,1,3,4,1,3,86,"[""rule_2""]","{""rule_2"": ""The 'alter' indicates a year (2000) that makes the person under 18 (current year 2023), but 'beruf' is 'Sch\u00fclerin / Sch\u00fcler', which is a profession requiring adulthood.""}",The data row has one violation related to age and profession consistency.
weiblich,1998,Baden-Württemberg,Schülerin / Schüler,mehrmals im Monat,3,3,1,1,3,3,2,3,3,3,2,3,1,4,2,3,2,2,4,4,4,5,2,3,4,3,2,3,5,1,2,2,3,4,2,1,3,3,1,1,2,3,3,3,3,2,4,5,4,3,2,1,2,2,3,86,"[""rule_2"", ""rule_4""]","{""rule_2"": ""The 'alter' indicates a year (1998) that makes the person under 18, but 'beruf' is 'Sch\u00fclerin / Sch\u00fcler', which is a profession requiring adulthood."", ""rule_4"": ""The 'alkoholverzicht_wichtig' is rated high (4), but 'konsumhaeufigkeit' is 'mehrmals im Monat', which is inconsistent.""}","The data quality is generally good, but there are inconsistencies regarding age-related profession and alcohol consumption preferences."
weiblich,1999,Baden-Württemberg,Studentin / Student,mehrmals im Monat,3,3,1,1,2,3,1,2,1,4,3,1,1,3,3,4,3,2,1,3,4,4,2,2,3,4,2,1,3,4,4,1,1,2,3,1,5,3,3,3,1,2,3,3,1,4,1,4,3,2,2,1,2,2,4,100,[],{},The data row meets all quality standards with no violations.
maennlich,2004,Baden-Württemberg,keine Angabe,seltener als einmal pro Monat,2,2,2,3,1,1,2,4,1,5,4,2,3,1,3,5,2,1,2,4,5,5,4,3,3,2,4,3,2,5,4,4,3,1,2,4,3,3,4,3,1,5,2,2,1,3,1,3,3,4,2,2,3,2,3,100,[],{},The data row meets all quality standards without any violations.
weiblich,1995,Baden-Württemberg,ohne Beschäftigung,mehrmals pro Woche,2,3,2,1,2,2,2,5,5,5,2,3,2,3,5,3,1,1,2,5,3,3,5,2,5,3,3,4,2,2,3,4,3,3,3,1,3,1,3,3,2,1,1,1,2,3,3,4,4,4,2,3,2,4,3,86,"[""rule_2"", ""rule_7""]","{""rule_2"": ""The 'alter' indicates a year (1995) that makes the person under 18, but the 'beruf' is 'ohne Besch\u00e4ftigung', which is not a violation."", ""rule_7"": ""The 'praef_sorte_alkoholfrei' is rated high (4), but 'konsumhaeufigkeit' is 'mehrmals pro Woche', which is a violation.""}","The data quality is generally good, but there are inconsistencies regarding age-related profession expectations and preferences."
maennlich,2000,Baden-Württemberg,keine Angabe,einmal pro Monat,2,3,2,1,3,3,3,2,3,4,1,5,1,4,3,2,2,3,1,5,2,4,2,3,5,3,2,3,2,4,4,2,5,5,1,1,1,4,5,3,1,5,2,1,4,4,2,5,4,5,2,2,2,2,4,100,[],{},The data row meets all the specified data quality rules.
weiblich,2003,Baden-Württemberg,Angestellte / Angestellter,seltener als einmal pro Monat,2,3,2,2,2,3,3,1,2,2,1,2,5,5,3,4,5,1,1,5,3,4,3,2,3,4,4,3,2,3,3,2,2,1,2,1,1,3,3,5,1,5,2,2,3,5,2,3,2,1,2,2,2,5,3,72,"[""rule_2"", ""rule_6""]","{""rule_2"": ""The 'alter' indicates a year (2003) that makes the person under 18, but 'beruf' is 'Angestellte / Angestellter', which requires adulthood."", ""rule_6"": ""'involvement_unverzichtbar' (5) is higher than 'involvement_interesse' (1).""}","The data row has inconsistencies regarding age and profession, as well as involvement ratings."
weiblich,2002,Baden-Württemberg,Studentin / Student,mehrmals im Monat,3,3,2,1,1,3,1,1,4,2,4,3,2,3,2,3,5,2,1,5,3,3,4,3,4,4,4,5,2,4,2,4,1,1,3,3,4,1,4,3,2,1,1,1,2,5,3,5,3,3,2,2,1,2,3,100,[],{},The data row meets all quality standards.
unbekannt,keine Angabe,Baden-Württemberg,Studentin / Student,einmal pro Monat,3,2,2,1,3,2,3,2,1,5,2,2,1,4,3,2,3,3,1,3,3,3,4,2,3,3,3,5,2,3,2,3,3,3,1,2,1,1,5,1,1,3,1,2,2,3,2,3,1,3,1,2,2,3,3,100,[],{},The data row meets all quality standards with no violations.
weiblich,1998,keine Angabe,Studentin / Student,mehrmals im Monat,3,3,3,2,3,2,2,5,3,1,2,1,1,5,3,4,2,5,3,3,5,5,3,3,5,3,1,3,2,5,2,5,1,1,2,1,1,2,4,3,1,5,1,1,2,5,1,4,5,2,3,2,2,3,2,100,[],{},The data row meets all the plausibility rules.
maennlich,1998,Baden-Württemberg,Studentin / Student,täglich,3,3,3,1,3,3,3,4,1,3,5,5,3,5,2,2,2,3,2,5,4,4,1,1,4,2,1,3,2,3,4,3,5,2,2,1,1,1,2,1,4,4,4,3,1,5,1,3,5,5,2,5,3,1,5,86,"[""rule_2""]","{""rule_2"": ""The 'alter' indicates a year (1998) that makes the person under 18, but 'beruf' is 'Studentin / Student', which is a profession requiring adulthood.""}","The data quality is mostly good, but there is an inconsistency between age and profession."
weiblich,keine Angabe,Baden-Württemberg,Schülerin / Schüler,mehrmals im Monat,2,3,3,1,2,2,2,5,2,1,1,3,1,5,3,4,2,1,5,4,5,2,2,3,2,5,2,1,3,3,3,3,5,5,1,1,1,4,3,3,1,5,3,1,1,3,2,3,3,3,3,2,2,3,3,100,[],{},The data row meets all specified plausibility rules.
weiblich,2001,Bayern,Studentin / Student,mehrmals im Monat,1,3,1,2,3,2,1,2,5,4,1,5,4,3,5,4,3,3,4,3,4,4,3,3,2,4,3,5,4,4,5,3,3,1,1,1,1,4,3,5,1,5,1,3,3,5,1,2,3,4,2,2,2,1,2,86,"[""rule_2""]","{""rule_2"": ""The 'alter' indicates a year (2001) that makes the person under 18, but the 'beruf' is 'Studentin / Student', which is a profession that typically requires adulthood.""}","The data quality is mostly good, but there is an inconsistency between age and profession."
maennlich,2004,Baden-Württemberg,Schülerin / Schüler,mehrmals pro Woche,2,2,1,1,3,3,2,3,4,2,4,3,1,4,4,3,1,5,2,4,4,3,4,3,4,4,2,1,2,3,3,2,3,2,1,1,1,3,3,3,1,1,1,1,1,4,1,5,4,1,1,2,2,2,1,86,"[""rule_2""]","{""rule_2"": ""The 'alter' indicates a year (2004) that makes the person under 18, but 'beruf' is 'Sch\u00fclerin / Sch\u00fcler', which is a profession requiring adulthood.""}",The data row has one violation related to age and profession consistency.
maennlich,1999,Baden-Württemberg,Angestellte / Angestellter,mehrmals pro Woche,3,3,2,2,2,2,2,1,1,4,2,3,4,1,3,5,1,2,2,4,4,3,3,3,4,2,3,4,3,4,5,1,3,1,1,1,1,5,3,3,2,3,5,2,2,3,2,5,4,5,1,2,1,5,5,72,"[""rule_2""]","{""rule_2"": ""The 'alter' indicates a year (1999) that makes the person under 18 (current year is 2023), while 'beruf' is 'Angestellte / Angestellter', which requires adulthood.""}",The data row has one violation related to age and profession consistency.
weiblich,2007,Baden-Württemberg,in Ausbildung/im Freiwilligendienst,einmal pro Monat,2,3,1,2,3,3,2,1,3,3,1,2,1,4,2,5,2,4,3,3,4,4,1,2,3,4,2,3,2,2,3,1,4,3,1,1,1,1,4,1,2,4,2,3,2,2,1,3,3,3,2,1,1,2,2,86,"[""rule_2""]","{""rule_2"": ""The 'alter' indicates a year (2007) that makes the person under 18, but 'beruf' is 'in Ausbildung/im Freiwilligendienst', which is a profession requiring adulthood.""}","The data quality is mostly acceptable, but there is an inconsistency between age and profession."
maennlich,2000,Baden-Württemberg,Angestellte / Angestellter,mehrmals im Monat,2,3,2,2,2,2,3,2,2,3,2,2,1,4,5,2,2,2,2,5,1,4,4,2,4,2,3,2,2,4,4,4,4,4,1,2,2,1,3,1,5,5,2,3,2,4,2,3,4,3,5,2,2,2,4,86,"[""rule_2""]","{""rule_2"": ""The 'alter' indicates a year (2000) that makes the person under 18 (current year 2023), while 'beruf' is 'Angestellte / Angestellter', which requires adulthood.""}",The data row has one violation related to age and profession consistency.
weiblich,1999,Baden-Württemberg,Studentin / Student,mehrmals im Monat,2,3,2,1,2,3,3,1,2,1,1,3,4,5,2,3,2,3,1,5,3,4,1,2,5,4,1,4,3,2,3,1,4,1,1,1,2,1,3,3,1,5,1,2,2,3,2,3,2,3,1,3,3,4,4,86,"[""rule_2"", ""rule_6""]","{""rule_2"": ""The 'alter' indicates a year (1999) that makes the person under 18, but 'beruf' is 'Studentin / Student', which is a profession requiring adulthood."", ""rule_6"": ""The 'involvement_unverzichtbar' (4) is higher than 'involvement_interesse' (1).""}",The data row has some inconsistencies regarding age-related profession and involvement ratings.
weiblich,1997,Baden-Württemberg,keine Angabe,mehrmals im Monat,2,3,2,1,3,3,2,2,3,3,2,1,4,2,1,5,3,2,2,5,1,2,1,2,5,5,3,2,4,3,2,4,4,3,1,2,2,4,2,3,5,4,1,2,4,5,1,3,1,5,1,2,1,3,2,86,"[""rule_2"", ""rule_7""]","{""rule_2"": ""The 'alter' indicates a year (1997) that makes the person under 18, but 'beruf' is 'keine Angabe', which does not violate the rule."", ""rule_7"": ""The 'praef_sorte_alkoholfrei' is rated high (4), but 'konsumhaeufigkeit' is 'mehrmals im Monat', which violates the rule.""}","The data quality is generally good, but there are inconsistencies regarding age-related profession expectations and preferences."
weiblich,2003,Baden-Württemberg,Studentin / Student,mehrmals im Monat,2,3,2,1,3,2,2,3,1,4,3,3,4,4,3,3,3,1,2,4,3,4,2,2,5,2,3,4,3,3,3,1,4,1,2,1,1,1,3,3,2,3,5,3,1,3,2,2,1,2,3,2,3,1,4,86,"[""rule_2""]","{""rule_2"": ""The 'alter' indicates a year (2003) that makes the person under 18, but 'beruf' is 'Studentin / Student', which is inconsistent with being underage.""}","The data quality is mostly good, with one violation related to age and profession consistency."
maennlich,1996,Baden-Württemberg,Studentin / Student,mehrmals pro Woche,2,3,2,1,3,3,3,1,3,5,1,2,4,2,1,3,4,2,1,5,4,3,2,2,3,4,4,3,4,3,3,2,3,1,2,2,3,2,3,3,3,4,1,2,1,5,1,1,3,5,1,3,2,1,2,86,"[""rule_2""]","{""rule_2"": ""The 'alter' indicates a year (1996) that makes the person under 18, but 'beruf' is 'Studentin / Student', which is a profession requiring adulthood.""}","The data quality is mostly good, but there is an inconsistency between age and profession."
weiblich,2002,Baden-Württemberg,Studentin / Student,einmal pro Monat,3,1,1,2,3,3,2,5,1,4,1,1,1,4,3,5,2,4,2,4,3,3,2,2,5,4,4,2,2,5,4,5,3,1,1,4,5,1,1,3,2,5,2,1,3,3,1,5,2,4,2,1,2,1,3,100,[],{},The data row meets all the plausibility rules.
weiblich,2004,Baden-Württemberg,Angestellte / Angestellter,seltener als einmal pro Monat,2,3,1,2,2,3,2,1,1,4,1,1,2,3,3,4,5,4,2,5,4,4,1,2,3,2,3,4,4,3,5,1,3,5,1,2,1,4,4,1,2,5,2,2,1,5,2,1,3,3,1,3,3,2,2,86,"[""rule_2""]","{""rule_2"": ""The 'alter' indicates a year (2004) that makes the person under 18, but 'beruf' is 'Angestellte / Angestellter', which requires adulthood.""}",The data row has one violation related to age and profession consistency.
unbekannt,2001,Baden-Württemberg,Schülerin / Schüler,mehrmals pro Woche,3,2,3,1,3,3,3,5,2,4,3,4,1,3,3,4,2,2,3,5,2,4,2,1,3,3,2,3,3,2,5,2,4,4,1,1,1,1,5,3,1,1,2,3,5,3,4,3,4,3,1,1,2,3,3,72,"[""rule_5"", ""rule_2""]","{""rule_5"": ""The 'geschlecht' is 'unbekannt' while 'beruf' is specified as 'Sch\u00fclerin / Sch\u00fcler'."", ""rule_2"": ""The 'alter' indicates a year (2001) that makes the person under 18, but 'beruf' is 'Sch\u00fclerin / Sch\u00fcler', which is a profession requiring adulthood.""}","The data row has inconsistencies regarding gender and profession, as well as age-related employment suitability."
weiblich,1999,keine Angabe,keine Angabe,mehrmals pro Woche,3,2,1,1,3,3,2,5,2,4,3,1,2,5,1,3,3,2,3,5,3,4,2,2,3,3,3,4,3,3,4,4,3,1,4,2,1,4,2,4,1,4,1,3,2,3,2,4,4,3,4,1,3,2,1,100,[],{},The data row meets all the specified data quality rules.
weiblich,2007,Baden-Württemberg,Angestellte / Angestellter,mehrmals pro Woche,2,2,3,1,3,1,3,5,3,3,3,2,2,3,5,4,3,2,1,4,3,4,3,3,4,3,5,1,4,3,5,3,3,5,2,2,2,2,5,5,1,5,2,2,3,3,2,1,3,2,4,3,1,4,4,72,"[""rule_2""]","{""rule_2"": ""The 'alter' indicates a year (2007) that makes the person under 18, but 'beruf' is 'Angestellte / Angestellter', which requires adulthood.""}",The data row has one violation related to age and profession consistency.
maennlich,1999,Baden-Württemberg,keine Angabe,seltener als einmal pro Monat,2,3,2,1,2,3,3,2,1,4,4,1,4,1,4,4,2,1,3,5,5,5,1,5,1,5,4,2,3,3,3,2,4,4,1,2,1,1,4,3,1,4,1,2,4,4,2,3,4,3,2,3,1,2,2,100,[],{},The data row meets all the specified data quality rules.
weiblich,2000,Bayern,keine Angabe,einmal pro Monat,2,3,2,3,2,3,2,4,2,4,1,1,4,2,2,4,2,2,1,4,5,3,1,2,1,3,3,3,1,3,3,3,4,1,1,2,1,3,2,3,2,3,2,2,1,3,2,3,3,3,3,3,2,2,3,100,[],{},The data row meets all the plausibility rules.
maennlich,2003,Baden-Württemberg,Studentin / Student,mehrmals pro Woche,2,3,2,1,2,2,3,1,5,3,2,3,3,3,3,5,2,2,3,5,1,4,5,1,5,3,3,1,4,3,4,1,1,1,2,1,2,4,2,1,5,4,1,4,1,5,2,3,3,3,1,2,4,3,4,86,"[""rule_2""]","{""rule_2"": ""The 'alter' indicates a year (2003) that makes the person under 18 (current year is 2023), but 'beruf' is 'Studentin / Student', which is a profession requiring adulthood.""}","The data quality is mostly acceptable, but there is an inconsistency between age and profession."
maennlich,1999,Baden-Württemberg,Studentin / Student,mehrmals pro Woche,3,3,2,2,3,3,2,3,1,5,1,5,5,4,2,5,2,1,4,5,4,2,4,4,4,4,2,3,4,3,4,1,4,1,1,2,3,2,3,4,1,5,3,4,3,5,2,2,1,4,2,3,1,2,4,86,"[""rule_2"", ""rule_4""]","{""rule_2"": ""The 'alter' indicates a year (1999) that makes the person under 18 (current year 2023), but 'beruf' is 'Studentin / Student', which is inconsistent with being underage."", ""rule_4"": ""The 'alkoholverzicht_wichtig' is rated high (4), but 'konsumhaeufigkeit' is 'mehrmals pro Woche', which is inconsistent.""}","The data row has some inconsistencies regarding age and profession, as well as alcohol consumption preferences."
unbekannt,2003,Baden-Württemberg,Studentin / Student,einmal pro Monat,2,3,3,2,2,3,3,3,3,3,4,3,3,4,3,4,5,2,2,5,2,3,3,4,5,4,3,2,2,2,4,1,2,1,2,1,1,1,2,3,2,4,1,4,2,5,2,5,3,5,3,5,2,3,3,86,"[""rule_5""]","{""rule_5"": ""The 'geschlecht' is 'unbekannt' while 'beruf' is specified as 'Studentin / Student'.""}","The data quality is mostly acceptable, but there is an inconsistency between gender and profession."
maennlich,keine Angabe,Bayern,keine Angabe,seltener als einmal pro Monat,3,2,1,2,3,2,1,3,2,5,1,2,4,4,5,3,3,1,4,4,2,2,5,2,4,4,4,2,2,3,5,1,3,1,1,3,2,4,3,4,1,1,2,3,2,2,1,1,3,2,3,3,2,4,5,100,[],{},The data row meets all the plausibility rules.
maennlich,2004,Baden-Württemberg,keine Angabe,täglich,2,1,2,2,2,2,3,2,2,2,1,1,1,2,3,4,1,1,1,5,3,4,3,1,2,1,3,5,4,1,5,2,2,1,2,2,3,2,3,3,1,5,1,3,1,2,2,3,3,4,2,3,3,3,3,86,[],{},The data row adheres to all specified data quality rules.
maennlich,keine Angabe,Baden-Württemberg,Schülerin / Schüler,seltener als einmal pro Monat,3,2,1,1,3,2,2,1,5,3,1,2,1,5,2,3,3,1,1,4,2,5,4,2,3,2,2,3,4,2,1,1,3,2,1,1,1,3,5,4,2,5,1,3,2,4,2,4,4,3,4,3,1,2,4,100,[],{},The data row meets all the specified data quality rules.
weiblich,keine Angabe,Baden-Württemberg,Angestellte / Angestellter,seltener als einmal pro Monat,2,3,2,3,3,3,1,2,3,3,3,3,5,1,3,4,2,2,1,4,2,4,3,2,2,5,1,1,3,2,1,1,4,5,5,1,3,1,5,3,1,4,3,2,2,3,3,2,5,2,1,1,2,2,2,100,[],{},The data row meets all the specified data quality rules.
weiblich,2003,Baden-Württemberg,Schülerin / Schüler,seltener als einmal pro Monat,2,3,2,3,2,3,2,2,3,5,3,5,1,2,3,5,5,1,2,4,3,4,3,1,2,4,3,3,2,3,4,1,3,2,1,2,1,2,4,1,1,5,1,1,4,4,3,3,3,2,2,2,2,2,4,100,[],{},The data row meets all the plausibility rules.
unbekannt,2002,Baden-Württemberg,Studentin / Student,mehrmals im Monat,3,3,2,1,3,3,3,1,3,3,2,4,4,3,4,3,1,4,1,5,2,2,2,2,3,2,2,3,2,2,1,2,4,1,2,1,2,4,3,4,1,5,1,2,5,2,2,1,4,5,2,3,2,1,3,72,"[""rule_5"", ""rule_2""]","{""rule_5"": ""The 'geschlecht' is 'unbekannt' while 'beruf' is specified as 'Studentin / Student'."", ""rule_2"": ""The 'alter' indicates a year (2002) that makes the person under 18, but 'beruf' is 'Studentin / Student', which is inconsistent.""}","The data row has inconsistencies regarding gender and profession, as well as age-related employment suitability."
maennlich,2000,Baden-Württemberg,ohne Beschäftigung,seltener als einmal pro Monat,2,3,1,1,3,3,2,2,3,5,2,2,5,5,5,2,2,3,1,5,4,2,2,3,1,3,2,1,1,4,4,4,5,1,1,2,1,1,4,5,2,4,1,3,1,5,1,3,1,2,3,2,4,1,3,100,[],{},The data row meets all the specified data quality rules.
maennlich,1998,Baden-Württemberg,Studentin / Student,mehrmals im Monat,2,3,2,1,3,3,1,1,1,5,5,1,4,5,3,2,4,5,1,5,5,2,4,3,4,3,3,2,1,3,5,1,2,1,1,2,1,1,3,5,2,5,3,2,1,5,1,3,2,2,3,2,3,2,2,100,[],{},The data row meets all the plausibility rules.
unbekannt,2003,Baden-Württemberg,Angestellte / Angestellter,seltener als einmal pro Monat,3,3,1,2,3,2,1,4,2,4,1,1,1,5,3,2,3,3,2,4,5,4,2,1,1,4,2,2,4,4,5,1,4,1,1,4,1,3,5,3,2,5,4,2,2,4,2,1,2,3,2,3,1,2,2,72,"[""rule_2"", ""rule_5""]","{""rule_2"": ""The 'alter' indicates a year (2003) that makes the person under 18, but 'beruf' is 'Angestellte / Angestellter', which requires adulthood."", ""rule_5"": ""The 'geschlecht' is 'unbekannt' while 'beruf' is specified as 'Angestellte / Angestellter'.""}",The data row contains inconsistencies regarding age-related profession requirements and gender specification.
maennlich,2002,Baden-Württemberg,Schülerin / Schüler,mehrmals im Monat,2,3,2,1,3,3,2,2,4,3,1,3,2,3,5,4,5,5,4,5,5,3,3,2,1,1,2,2,1,3,3,1,3,1,4,1,4,4,4,4,2,5,3,1,3,1,3,2,3,2,4,1,4,2,4,86,"[""rule_2"", ""rule_4""]","{""rule_2"": ""The 'alter' indicates a year (2002) that makes the person under 18, but 'beruf' is 'Sch\u00fclerin / Sch\u00fcler', which is a profession requiring adulthood."", ""rule_4"": ""The 'alkoholverzicht_wichtig' is rated high (4), but 'konsumhaeufigkeit' is 'mehrmals im Monat', which is inconsistent.""}",The data row has two violations related to age and consumption consistency.
weiblich,keine Angabe,Baden-Württemberg,Selbständige / Selbstständiger,mehrmals im Monat,2,3,2,2,2,3,2,2,2,3,2,3,1,4,3,5,5,2,2,4,4,3,3,2,2,3,2,4,4,5,4,1,2,1,1,2,1,1,2,4,1,5,1,2,1,2,1,4,1,4,1,2,1,2,5,100,[],{},The data row meets all the specified data quality rules.
maennlich,2004,Baden-Württemberg,Angestellte / Angestellter,seltener als einmal pro Monat,3,3,2,1,1,3,2,4,2,3,2,2,1,3,3,5,2,2,3,5,4,4,2,1,5,4,2,2,1,3,3,2,5,1,1,2,2,3,4,1,1,4,2,2,1,2,2,5,3,4,5,4,2,2,4,86,"[""rule_2""]","{""rule_2"": ""The 'alter' indicates a year (2004) that makes the person under 18, but 'beruf' is 'Angestellte / Angestellter', which requires adulthood.""}",The data row has one violation related to age and profession consistency.
weiblich,2001,Bayern,Beamtin / Beamter,täglich,2,3,2,2,3,2,2,2,3,5,1,5,3,3,2,5,2,5,1,2,2,3,2,2,5,4,3,4,3,2,4,2,4,1,3,1,3,5,4,3,1,5,2,2,4,5,2,4,1,4,1,4,1,2,3,72,"[""rule_2""]","{""rule_2"": ""The 'alter' indicates a year (2001) that makes the person under 18, but 'beruf' is 'Beamtin / Beamter', which requires adulthood.""}",The data row has one violation related to age and profession consistency.
unbekannt,2003,keine Angabe,Angestellte / Angestellter,mehrmals im Monat,1,3,2,1,1,3,3,2,2,2,3,2,4,1,1,1,1,4,4,5,4,4,2,2,2,3,3,3,3,3,4,3,1,1,2,3,4,3,2,3,1,5,2,4,1,4,1,4,3,4,2,1,2,2,3,72,"[""rule_2"", ""rule_5""]","{""rule_2"": ""The 'alter' indicates a year (2003) that makes the person under 18, but 'beruf' is 'Angestellte / Angestellter', which requires adulthood."", ""rule_5"": ""The 'geschlecht' is 'unbekannt' while 'beruf' is specified as 'Angestellte / Angestellter'.""}","The data row contains inconsistencies regarding age and profession, as well as gender specification."
unbekannt,2003,Baden-Württemberg,Angestellte / Angestellter,mehrmals im Monat,2,3,2,2,1,2,2,4,2,5,3,2,4,4,3,4,1,4,1,4,2,5,3,3,3,1,4,5,2,2,3,4,2,3,2,1,1,2,5,4,1,5,3,1,1,4,2,3,4,3,1,3,3,2,5,72,"[""rule_2"", ""rule_5""]","{""rule_2"": ""The 'alter' indicates a year (2003) that makes the person under 18, but 'beruf' is 'Angestellte / Angestellter', which requires adulthood."", ""rule_5"": ""The 'geschlecht' is 'unbekannt' while 'beruf' is specified as 'Angestellte / Angestellter'.""}","The data row contains inconsistencies regarding age and profession, as well as gender specification."
maennlich,2006,Baden-Württemberg,ohne Beschäftigung,mehrmals pro Woche,2,3,1,1,1,1,2,2,1,1,1,2,1,5,5,2,5,2,1,3,3,2,3,2,3,1,2,2,4,5,2,2,3,2,1,1,2,1,3,5,4,5,1,3,2,4,2,5,3,3,3,2,2,3,3,86,"[""rule_2""]","{""rule_2"": ""The 'alter' indicates a year (2006) that makes the person under 18, but 'beruf' is 'ohne Besch\u00e4ftigung', which is not a violation.""}",The data quality is mostly acceptable with one violation regarding age and profession consistency.
weiblich,2006,Baden-Württemberg,Angestellte / Angestellter,seltener als einmal pro Monat,2,3,1,2,2,3,1,2,3,1,2,1,1,2,1,3,2,4,2,4,4,2,1,1,3,1,3,3,2,3,5,1,4,1,1,3,2,1,5,4,3,1,1,1,1,5,2,3,1,5,2,2,3,5,2,86,"[""rule_2""]","{""rule_2"": ""The 'alter' indicates a year (2006) that makes the person under 18, but 'beruf' is 'Angestellte / Angestellter', which requires adulthood.""}",The data row has one violation related to age and profession consistency.
weiblich,2001,Nordrhein-Westfalen,in Ausbildung/im Freiwilligendienst,seltener als einmal pro Monat,2,3,1,2,2,3,2,2,1,4,2,2,1,4,3,5,2,2,2,5,4,4,1,1,5,1,3,1,2,4,4,1,2,4,4,2,4,1,1,3,2,4,1,2,2,5,4,2,3,2,3,2,2,2,3,100,[],{},The data row meets all the specified data quality rules.
maennlich,2004,Baden-Württemberg,Studentin / Student,mehrmals pro Woche,3,3,2,2,3,2,1,4,2,4,1,1,1,5,1,5,1,2,2,3,1,2,4,1,3,3,3,4,3,3,4,1,1,3,1,1,1,4,3,3,1,5,1,2,2,3,1,3,3,3,1,3,2,1,3,86,"[""rule_2""]","{""rule_2"": ""The 'alter' indicates a year (2004) that makes the person under 18, but 'beruf' is 'Studentin / Student', which is a profession requiring adulthood.""}","The data quality is mostly acceptable, with one significant violation regarding age and profession consistency."
maennlich,2003,Baden-Württemberg,Studentin / Student,täglich,3,3,2,2,2,3,2,3,3,4,2,2,3,4,2,4,3,1,3,3,3,5,4,1,1,3,4,4,1,4,5,2,4,1,1,1,1,1,5,3,2,5,3,3,2,2,3,2,3,3,4,2,3,2,4,86,"[""rule_2""]","{""rule_2"": ""The 'alter' indicates a year (2003) that makes the person under 18 (current year is 2023), but 'beruf' is 'Studentin / Student', which is a profession that typically requires adulthood.""}",The data row has one violation related to age and profession consistency.
unbekannt,2001,Baden-Württemberg,Studentin / Student,seltener als einmal pro Monat,2,3,1,2,2,3,2,5,3,1,2,1,3,2,3,3,5,4,1,5,4,4,3,1,5,3,4,3,1,3,3,2,1,4,1,2,1,1,3,3,1,5,3,1,1,4,2,3,4,1,2,1,4,2,4,86,"[""rule_5""]","{""rule_5"": ""The 'geschlecht' column is 'unbekannt' while 'beruf' is specified as 'Studentin / Student'.""}","The data quality is mostly acceptable, but there is an inconsistency between gender and profession."
weiblich,1999,Baden-Württemberg,Studentin / Student,seltener als einmal pro Monat,2,2,1,2,3,3,2,2,2,5,2,4,3,1,4,2,1,2,1,4,3,3,3,2,5,2,3,5,2,3,3,1,3,1,1,1,1,2,4,3,2,5,1,4,3,5,3,2,4,4,2,1,3,2,4,100,[],{},The data row meets all the plausibility rules.
weiblich,2001,Baden-Württemberg,Angestellte / Angestellter,mehrmals pro Woche,2,3,1,1,3,3,3,5,2,4,2,1,3,3,3,4,1,3,2,5,3,4,2,4,5,4,4,5,5,2,4,4,3,2,2,2,3,2,3,2,1,3,1,1,4,5,2,1,2,4,2,1,2,2,1,72,"[""rule_2"", ""rule_7""]","{""rule_2"": ""The 'alter' indicates a year (2001) that makes the person under 18 (current year is 2023), while 'beruf' is 'Angestellte / Angestellter', which requires adulthood."", ""rule_7"": ""The 'praef_sorte_alkoholfrei' is rated high (4), while 'konsumhaeufigkeit' is 'mehrmals pro Woche', which is inconsistent.""}",The data row has multiple quality issues related to age and consumption preferences.
weiblich,2006,Baden-Württemberg,in Ausbildung/im Freiwilligendienst,seltener als einmal pro Monat,3,3,1,2,1,3,3,4,3,2,3,1,4,3,4,4,1,5,3,4,4,5,3,4,5,2,2,5,3,3,1,4,3,4,2,2,2,2,4,1,1,5,1,2,1,2,1,4,3,1,2,2,2,2,5,72,"[""rule_2"", ""rule_6"", ""rule_7""]","{""rule_2"": ""The 'alter' indicates a year (2006) that makes the person under 18, but 'beruf' is 'in Ausbildung/im Freiwilligendienst', which is inconsistent with being underage."", ""rule_6"": ""The 'involvement_unverzichtbar' (4) is higher than 'involvement_interesse' (4), which violates the rule."", ""rule_7"": ""The 'praef_sorte_alkoholfrei' (4) is high, but 'konsumhaeufigkeit' is 'seltener als einmal pro Monat', which is inconsistent.""}","The data row contains multiple inconsistencies regarding age, involvement ratings, and preferences."
maennlich,2003,Baden-Württemberg,Studentin / Student,seltener als einmal pro Monat,2,3,1,3,1,1,3,2,1,3,1,1,1,4,3,3,4,5,1,5,4,4,5,2,5,2,2,5,2,3,3,1,4,1,1,1,1,1,5,1,1,3,1,2,3,2,1,2,3,4,2,2,1,2,5,100,[],{},The data row meets all the plausibility rules.
maennlich,2003,nicht in Deutschland,Angestellte / Angestellter,mehrmals im Monat,2,3,2,1,1,2,2,2,2,3,2,2,1,5,3,3,3,2,2,5,4,3,5,3,5,2,2,5,1,3,3,4,4,1,1,2,1,4,5,3,2,3,3,1,3,5,3,1,1,3,1,2,2,2,3,72,"[""rule_3"", ""rule_2"", ""rule_7""]","{""rule_3"": ""The 'bundesland' value 'nicht in Deutschland' is not a valid German state."", ""rule_2"": ""The 'alter' indicates a year (2003) that makes the person under 18, but 'beruf' is 'Angestellte / Angestellter', which requires adulthood."", ""rule_7"": ""The 'praef_sorte_alkoholfrei' is rated high (4), but 'konsumhaeufigkeit' is 'mehrmals im Monat', which is inconsistent.""}","The data row contains multiple violations related to age, profession, and invalid state."
weiblich,2007,Baden-Württemberg,Angestellte / Angestellter,mehrmals im Monat,2,3,2,2,3,2,2,4,4,1,1,3,1,4,3,3,3,1,1,4,3,4,3,2,2,2,2,4,2,5,1,5,3,1,2,3,1,1,4,2,1,3,1,2,2,4,1,1,3,2,2,1,5,2,4,72,"[""rule_2"", ""rule_7""]","{""rule_2"": ""The 'alter' indicates a year (2007) that makes the person under 18, but 'beruf' is 'Angestellte / Angestellter', which requires adulthood."", ""rule_7"": ""The 'praef_sorte_alkoholfrei' is rated high (5), but 'konsumhaeufigkeit' is 'mehrmals im Monat', which is inconsistent.""}","The data quality is compromised due to inconsistencies between age and profession, as well as preferences and consumption."
maennlich,2004,Baden-Württemberg,Studentin / Student,mehrmals im Monat,2,3,2,3,3,2,3,5,1,4,4,1,5,5,2,2,2,1,3,5,4,2,2,2,3,5,2,4,1,3,4,4,4,2,1,1,2,2,3,1,1,4,1,1,1,3,1,2,5,3,4,4,1,1,3,86,"[""rule_2"", ""rule_7""]","{""rule_2"": ""The 'alter' indicates a year (2004) that makes the person under 18, but 'beruf' is 'Studentin / Student', which is a profession requiring adulthood."", ""rule_7"": ""The 'praef_sorte_alkoholfrei' is rated high (4), but 'konsumhaeufigkeit' is 'mehrmals im Monat', which is inconsistent.""}",The data quality is compromised due to inconsistencies in age-related profession and preferences.
maennlich,keine Angabe,Baden-Württemberg,Angestellte / Angestellter,mehrmals im Monat,2,3,2,2,2,2,1,4,2,3,1,4,3,4,3,4,3,3,2,5,5,3,2,1,1,3,3,4,3,3,4,1,3,2,3,1,1,3,4,3,2,1,3,3,1,4,1,3,2,3,1,4,2,2,4,100,[],{},The data row meets all the specified plausibility rules.
weiblich,2004,Baden-Württemberg,Schülerin / Schüler,mehrmals pro Woche,3,3,2,1,3,2,2,3,2,4,3,2,5,1,3,4,3,1,5,5,4,5,5,3,3,1,2,3,1,3,2,2,5,1,2,1,2,1,1,4,4,5,2,3,3,4,3,4,1,5,2,2,1,2,3,72,"[""rule_2"", ""rule_4""]","{""rule_2"": ""The 'alter' indicates a year (2004) that makes the person under 18, but 'beruf' is 'Sch\u00fclerin / Sch\u00fcler', which is a profession requiring adulthood."", ""rule_4"": ""The 'alkoholverzicht_wichtig' is rated high (5), but 'konsumhaeufigkeit' is 'mehrmals pro Woche', which is inconsistent.""}",The data row has some inconsistencies regarding age-related profession and alcohol consumption preferences.
maennlich,1999,Baden-Württemberg,Selbständige / Selbstständiger,mehrmals im Monat,2,1,1,2,2,3,2,3,2,4,2,1,1,4,2,5,3,4,1,4,4,5,2,3,1,2,4,3,4,4,1,1,3,3,3,1,3,1,5,4,2,5,1,3,2,4,3,5,5,3,2,3,4,4,4,100,[],{},The data row meets all specified data quality rules.
weiblich,2000,Baden-Württemberg,Angestellte / Angestellter,mehrmals im Monat,3,3,1,1,2,3,3,4,3,4,1,5,2,3,3,4,3,1,1,5,5,3,3,1,3,4,2,3,3,5,4,2,3,3,3,1,3,5,5,4,2,4,2,2,4,5,2,5,2,4,1,2,2,2,3,86,"[""rule_2""]","{""rule_2"": ""The 'alter' indicates a year (2000) that makes the person under 18 (current year 2023), but 'beruf' is 'Angestellte / Angestellter', which requires adulthood.""}",The data row has one violation related to age and profession consistency.
weiblich,2000,Baden-Württemberg,keine Angabe,mehrmals im Monat,3,2,1,2,2,3,2,5,2,3,5,1,2,5,2,4,3,4,2,4,1,3,2,4,1,3,1,4,3,3,2,2,4,3,2,2,1,5,1,1,1,4,1,2,2,5,1,5,4,4,2,2,1,2,2,100,[],{},The data row meets all the plausibility rules.
weiblich,2004,keine Angabe,keine Angabe,mehrmals im Monat,3,3,3,1,3,2,3,3,3,3,2,2,4,5,3,4,1,2,2,4,4,3,3,3,2,2,4,5,5,5,2,2,2,1,1,1,1,2,4,3,2,5,1,1,3,5,2,3,1,2,3,4,1,2,1,86,[],{},The data row meets all plausibility rules.
maennlich,1999,Baden-Württemberg,Angestellte / Angestellter,täglich,2,3,1,1,3,2,2,2,2,4,1,2,1,3,4,3,4,4,4,4,4,5,4,3,2,5,3,3,2,3,3,4,3,1,1,1,1,3,2,4,2,1,1,4,3,5,3,2,1,2,1,3,2,2,5,72,"[""rule_2"", ""rule_7""]","{""rule_2"": ""The 'alter' indicates a year (1999) that makes the person under 18 (current year 2023), but 'beruf' is 'Angestellte / Angestellter', which requires adulthood."", ""rule_7"": ""The 'praef_sorte_alkoholfrei' is rated high (4), but 'konsumhaeufigkeit' is 't\u00e4glich', which is inconsistent.""}",The data row has multiple inconsistencies regarding age-related profession and preferences.
maennlich,1997,Baden-Württemberg,Beamtin / Beamter,mehrmals im Monat,2,3,2,2,3,3,2,3,4,5,1,3,1,5,1,3,4,5,1,5,4,5,1,2,5,4,2,4,2,3,4,4,3,1,2,1,2,4,5,3,2,3,3,2,2,5,2,4,1,3,1,1,1,2,5,86,"[""rule_2"", ""rule_7""]","{""rule_2"": ""The 'alter' indicates a year (1997) that makes the person under 18, but 'beruf' is 'Beamtin / Beamter', which requires adulthood."", ""rule_7"": ""The 'praef_sorte_alkoholfrei' is rated high (4), but 'konsumhaeufigkeit' is 'mehrmals im Monat', which is inconsistent.""}",The data row has two violations related to age and consumption preferences.
maennlich,1999,Baden-Württemberg,keine Angabe,seltener als einmal pro Monat,2,3,1,2,2,3,2,4,1,3,3,3,1,3,3,5,2,1,1,5,4,5,2,2,3,2,3,1,1,4,3,3,4,3,3,3,1,4,2,2,2,5,1,2,1,5,1,1,3,5,3,1,1,3,4,100,[],{},The data row meets all specified data quality rules.
maennlich,1998,keine Angabe,Studentin / Student,einmal pro Monat,2,3,1,2,3,1,1,3,3,1,2,3,2,3,1,4,5,4,2,4,4,2,4,3,3,5,2,1,3,3,3,1,1,4,1,3,1,2,2,4,1,5,2,1,2,4,1,4,2,3,2,2,1,2,3,100,[],{},The data row meets all the specified data quality rules.
unbekannt,2004,Baden-Württemberg,Studentin / Student,seltener als einmal pro Monat,3,3,1,1,2,3,3,1,4,2,1,5,1,3,4,4,2,1,4,4,4,3,2,3,4,4,4,3,3,3,3,2,5,1,2,2,3,3,3,4,1,4,1,2,2,5,2,4,3,5,3,2,2,2,3,72,"[""rule_5"", ""rule_2"", ""rule_4""]","{""rule_5"": ""The 'geschlecht' is 'unbekannt' while 'beruf' is specified as 'Studentin / Student'."", ""rule_2"": ""The 'alter' indicates a year (2004) that makes the person under 18, but 'beruf' is 'Studentin / Student', which is inconsistent."", ""rule_4"": ""The 'alkoholverzicht_wichtig' is rated high (4), but 'konsumhaeufigkeit' is 'seltener als einmal pro Monat', which is inconsistent.""}","The data row contains multiple inconsistencies regarding age, gender, and profession."
weiblich,2003,Baden-Württemberg,Studentin / Student,mehrmals pro Woche,3,3,1,2,3,3,2,2,3,4,2,3,5,3,3,2,2,2,1,5,2,3,3,2,3,2,1,4,1,3,4,2,5,1,3,1,1,2,3,3,1,5,1,3,2,4,2,4,1,3,1,3,2,1,3,86,"[""rule_2""]","{""rule_2"": ""The 'alter' indicates a year (2003) that makes the person under 18, but 'beruf' is 'Studentin / Student', which is a profession requiring adulthood.""}","The data quality is mostly acceptable, with one violation related to age and profession consistency."
maennlich,2001,Baden-Württemberg,Angestellte / Angestellter,mehrmals im Monat,2,3,2,2,2,3,2,5,3,2,2,1,2,3,2,4,2,2,1,5,4,4,2,2,2,4,2,5,4,2,1,2,2,2,1,1,2,1,1,3,2,5,1,2,3,5,1,5,3,3,2,3,3,1,3,86,"[""rule_2""]","{""rule_2"": ""The 'alter' indicates a year (2001) that makes the person under 18, but 'beruf' is 'Angestellte / Angestellter', which requires adulthood.""}",The data row has one violation related to age and profession consistency.
weiblich,2004,Bayern,Angestellte / Angestellter,mehrmals im Monat,2,3,1,1,3,3,2,2,1,4,1,3,4,5,4,5,3,1,1,5,4,3,3,4,3,4,4,5,1,4,4,1,3,1,1,2,1,5,1,3,1,5,1,3,1,5,2,3,3,4,2,3,2,2,3,72,"[""rule_2"", ""rule_6""]","{""rule_2"": ""The 'alter' indicates a year (2004) that makes the person under 18, but 'beruf' is 'Angestellte / Angestellter', which requires adulthood."", ""rule_6"": ""'involvement_unverzichtbar' (4) is higher than 'involvement_interesse' (2).""}",The data row contains inconsistencies regarding age-related profession requirements and involvement ratings.
maennlich,2000,Baden-Württemberg,Angestellte / Angestellter,mehrmals im Monat,2,3,2,2,3,2,2,1,2,3,2,1,1,3,4,4,1,1,5,5,3,4,2,3,5,4,2,2,2,5,3,3,1,1,1,1,2,4,1,1,1,5,3,3,5,1,2,2,4,3,1,1,2,2,2,72,"[""rule_2"", ""rule_4""]","{""rule_2"": ""The 'alter' indicates a year (2000) that makes the person under 18 (current year 2023), but 'beruf' is 'Angestellte / Angestellter', which requires adulthood."", ""rule_4"": ""The 'alkoholverzicht_wichtig' is rated high (5), but 'konsumhaeufigkeit' is 'mehrmals im Monat', which is inconsistent.""}","The data quality is compromised due to inconsistencies between age and profession, as well as between alcohol abstinence importance and consumption frequency."
maennlich,1999,Baden-Württemberg,keine Angabe,mehrmals im Monat,3,3,2,2,2,3,2,2,2,5,2,4,1,4,3,2,4,2,1,4,3,4,1,2,4,4,2,4,3,4,4,2,1,1,2,1,1,1,1,5,2,5,2,2,4,4,2,4,3,3,1,2,4,2,3,100,[],{},The data row meets all the plausibility rules.
weiblich,2003,Baden-Württemberg,Angestellte / Angestellter,mehrmals im Monat,2,3,2,1,1,2,2,2,2,4,4,2,1,3,3,3,5,1,1,5,4,4,2,2,3,2,2,3,3,3,2,3,5,4,2,1,1,2,4,3,1,4,4,2,5,4,1,5,3,5,2,2,4,3,3,86,"[""rule_2""]","{""rule_2"": ""The 'alter' indicates a year (2003) that makes the person under 18, but 'beruf' is 'Angestellte / Angestellter', which requires adulthood.""}",The data row has one violation related to age and profession consistency.
maennlich,2000,Baden-Württemberg,Studentin / Student,einmal pro Monat,2,3,1,1,2,3,2,2,5,4,2,2,3,3,3,5,3,1,5,4,4,3,3,2,3,2,2,3,5,3,3,4,4,5,1,1,2,1,5,4,2,5,2,2,3,4,2,2,3,5,1,3,4,2,1,86,"[""rule_2"", ""rule_4"", ""rule_7""]","{""rule_2"": ""The 'alter' indicates a year (2000) that makes the person under 18, but 'beruf' is 'Studentin / Student', which is a profession requiring adulthood."", ""rule_4"": ""The 'alkoholverzicht_wichtig' is rated high (5), but 'konsumhaeufigkeit' is 'einmal pro Monat', which is inconsistent with the high importance of alcohol abstinence."", ""rule_7"": ""The 'praef_sorte_alkoholfrei' is rated high (4), but 'konsumhaeufigkeit' is 'einmal pro Monat', which is inconsistent with the high preference for alcohol-free options.""}","The data quality is compromised due to multiple inconsistencies regarding age, profession, and consumption preferences."
maennlich,1998,Baden-Württemberg,Studentin / Student,mehrmals pro Woche,2,3,2,1,2,1,3,5,1,4,3,1,4,5,5,4,5,1,1,5,2,4,1,2,4,2,4,2,2,5,3,2,1,4,2,1,3,4,5,3,1,5,1,4,2,5,3,3,3,4,2,1,3,2,3,86,"[""rule_2""]","{""rule_2"": ""The 'alter' indicates a year (1998) that makes the person under 18, but the 'beruf' is 'Studentin / Student', which is a profession requiring adulthood.""}","The data quality is mostly acceptable, with one violation related to age and profession consistency."
maennlich,2003,Baden-Württemberg,Studentin / Student,einmal pro Monat,3,3,1,2,3,3,2,3,3,1,2,1,1,4,3,2,3,2,2,4,3,2,3,5,3,2,1,3,1,3,3,1,1,2,1,2,1,2,5,5,2,5,1,1,1,5,1,5,3,5,1,3,2,1,4,100,[],{},The data row meets all the specified data quality rules.
weiblich,2005,keine Angabe,keine Angabe,täglich,3,3,2,2,3,2,1,2,2,3,2,3,2,4,1,5,2,1,1,4,4,5,4,1,1,2,4,3,2,1,3,4,5,5,1,4,3,4,1,5,2,3,1,1,2,1,2,1,3,3,3,2,1,4,1,100,[],{},The data row meets all plausibility rules.
unbekannt,2002,Nordrhein-Westfalen,Studentin / Student,täglich,2,3,2,1,1,2,3,4,1,4,2,3,5,3,1,5,1,1,5,5,2,4,2,3,3,3,5,3,4,4,3,4,3,1,1,1,1,3,1,3,5,5,2,2,2,2,3,3,5,4,2,2,2,3,3,72,"[""rule_5"", ""rule_6"", ""rule_4""]","{""rule_5"": ""The 'geschlecht' is 'unbekannt' while 'beruf' is specified as 'Studentin / Student'."", ""rule_6"": ""The 'involvement_unverzichtbar' (5) is higher than 'involvement_interesse' (4)."", ""rule_4"": ""The 'alkoholverzicht_wichtig' is rated high (5) while 'konsumhaeufigkeit' is 't\u00e4glich'.""}","The data row contains multiple inconsistencies regarding gender, involvement ratings, and consumption habits."
maennlich,2003,Baden-Württemberg,Schülerin / Schüler,mehrmals im Monat,2,3,2,1,2,3,1,2,4,4,1,3,4,5,4,4,2,5,1,5,4,4,2,5,3,3,1,2,3,1,2,1,4,3,2,2,1,4,4,5,2,5,1,1,5,5,1,1,4,4,2,3,2,2,4,86,"[""rule_2""]","{""rule_2"": ""The 'alter' indicates a year (2003) that makes the person under 18, but 'beruf' is 'Sch\u00fclerin / Sch\u00fcler', which is a profession requiring adulthood.""}",The data row has one violation related to age and profession consistency.
weiblich,2004,Baden-Württemberg,Studentin / Student,seltener als einmal pro Monat,2,3,3,1,3,3,1,5,2,3,2,3,1,5,1,2,1,2,3,5,2,4,2,1,2,4,2,4,2,3,2,1,5,1,2,1,1,3,2,4,1,5,1,2,2,2,3,3,4,5,3,2,3,1,3,86,"[""rule_2""]","{""rule_2"": ""The 'alter' indicates a year (2004) that makes the person under 18, but 'beruf' is 'Studentin / Student', which is a profession requiring adulthood.""}",The data row has one violation related to age and profession consistency.
weiblich,2003,Baden-Württemberg,Studentin / Student,einmal pro Monat,2,3,1,2,1,3,2,3,2,4,1,1,1,4,4,2,2,1,3,5,2,4,3,2,5,1,3,3,3,3,5,1,3,2,1,1,3,4,1,5,1,5,3,3,1,5,2,3,2,5,4,2,2,5,3,86,"[""rule_2""]","{""rule_2"": ""The 'alter' indicates a year (2003) that makes the person under 18, but 'beruf' is 'Studentin / Student', which is a profession requiring adulthood.""}","The data quality is mostly good, but there is an inconsistency between age and profession."
weiblich,1998,Baden-Württemberg,Studentin / Student,mehrmals pro Woche,3,3,1,1,1,3,1,2,1,2,2,3,4,2,4,2,2,5,5,5,5,4,3,1,3,2,2,1,4,5,4,2,5,1,3,2,1,2,1,2,1,4,1,1,2,5,2,4,4,5,2,1,2,3,3,72,"[""rule_2"", ""rule_4""]","{""rule_2"": ""The 'alter' indicates a year (1998) that makes the person under 18, but 'beruf' is 'Studentin / Student', which is a profession requiring adulthood."", ""rule_4"": ""The 'alkoholverzicht_wichtig' is rated high (5), but 'konsumhaeufigkeit' is 'mehrmals pro Woche', which is inconsistent.""}",The data row has some inconsistencies regarding age-related profession and alcohol consumption preferences.
maennlich,2002,Baden-Württemberg,Angestellte / Angestellter,einmal pro Monat,2,3,1,1,3,2,2,2,3,5,2,2,1,4,3,5,3,4,4,3,5,5,2,3,1,1,2,3,1,3,3,4,4,1,1,1,1,1,5,4,2,5,4,3,5,3,3,5,4,3,1,2,2,2,4,86,"[""rule_2"", ""rule_7""]","{""rule_2"": ""The 'alter' indicates a year (2002) that makes the person under 18 (current year is 2023), and 'beruf' is 'Angestellte / Angestellter', which requires adulthood."", ""rule_7"": ""The 'praef_sorte_alkoholfrei' is rated high (4), but 'konsumhaeufigkeit' is 'einmal pro Monat', which is inconsistent.""}",The data quality is compromised due to inconsistencies in age-related profession and preference ratings.
maennlich,1995,Baden-Württemberg,Studentin / Student,seltener als einmal pro Monat,2,3,1,1,3,2,2,3,2,5,4,2,2,4,3,4,3,1,3,4,4,4,3,3,5,2,2,3,2,3,4,1,1,1,1,4,1,1,3,3,3,5,1,2,2,5,2,5,5,2,2,2,2,2,4,100,[],{},The data row meets all specified data quality rules.
weiblich,1997,Baden-Württemberg,Studentin / Student,mehrmals im Monat,2,2,1,1,1,3,2,4,2,4,5,3,3,1,1,3,2,1,4,5,3,4,2,1,3,1,3,4,2,3,5,2,3,2,3,3,1,1,4,5,4,5,2,1,5,4,2,2,4,5,3,3,4,4,3,86,"[""rule_2"", ""rule_4""]","{""rule_2"": ""The 'alter' indicates a year (1997) that makes the person under 18, but 'beruf' is 'Studentin / Student', which is a profession requiring adulthood."", ""rule_4"": ""The 'alkoholverzicht_wichtig' is rated high (4), but 'konsumhaeufigkeit' is 'mehrmals im Monat', which is inconsistent.""}","The data quality is mostly acceptable, but there are inconsistencies regarding age-related profession and alcohol consumption preferences."
weiblich,2002,Baden-Württemberg,Studentin / Student,seltener als einmal pro Monat,2,3,1,1,3,3,2,4,1,4,2,2,1,4,3,4,2,1,3,5,2,4,4,3,3,2,2,1,2,2,4,4,3,3,1,1,3,2,4,3,1,3,1,2,3,5,2,3,1,3,1,2,2,1,3,100,[],{},The data row meets all specified data quality rules.
maennlich,2003,Baden-Württemberg,Studentin / Student,mehrmals im Monat,1,3,1,1,2,3,2,1,2,3,2,3,1,4,3,1,5,2,3,4,3,4,1,3,3,1,2,4,2,3,2,1,3,5,1,1,1,2,1,3,1,5,5,2,1,5,1,5,3,5,2,2,1,1,2,86,"[""rule_2""]","{""rule_2"": ""The 'alter' indicates a year (2003) that makes the person under 18, but 'beruf' is 'Studentin / Student', which is a profession requiring adulthood.""}","The data quality is mostly acceptable, but there is an inconsistency between age and profession."
unbekannt,2004,Baden-Württemberg,Angestellte / Angestellter,seltener als einmal pro Monat,2,3,1,2,2,3,2,3,2,4,2,1,1,2,4,4,3,1,3,5,4,3,2,1,2,2,4,3,2,4,3,4,2,1,1,1,4,1,5,3,2,2,1,2,3,5,1,3,1,4,2,2,2,2,1,72,"[""rule_2"", ""rule_5""]","{""rule_2"": ""The 'alter' indicates a year (2004) that makes the person under 18, but 'beruf' is 'Angestellte / Angestellter', which requires adulthood."", ""rule_5"": ""The 'geschlecht' is 'unbekannt' while 'beruf' is specified as 'Angestellte / Angestellter'.""}",The data row contains inconsistencies regarding age-related profession requirements and gender specification.
maennlich,2000,Baden-Württemberg,Studentin / Student,seltener als einmal pro Monat,2,3,1,2,3,3,2,2,2,3,1,2,4,2,2,3,2,1,1,5,5,4,3,2,3,4,3,3,1,3,4,4,1,2,5,1,5,5,4,3,1,5,4,2,2,5,1,3,3,3,1,2,2,2,3,100,[],{},The data row meets all quality standards without any violations.
weiblich,1996,Bayern,Angestellte / Angestellter,seltener als einmal pro Monat,2,2,2,2,2,3,2,5,1,3,2,5,1,4,3,1,3,1,1,4,5,4,3,3,3,2,2,5,3,2,4,1,4,1,1,3,1,3,3,3,2,3,1,2,2,5,2,5,3,3,2,2,1,2,3,100,[],{},The data row meets all the specified data quality rules.
weiblich,1998,Baden-Württemberg,keine Angabe,mehrmals im Monat,2,3,1,1,1,3,1,2,2,5,2,2,2,5,2,4,5,1,3,5,3,4,3,2,4,2,4,5,2,3,2,2,5,4,2,1,2,2,1,3,3,5,1,3,4,3,2,5,5,3,2,1,1,2,3,100,[],{},The data row meets all the specified data quality rules.
maennlich,1998,Baden-Württemberg,in Ausbildung/im Freiwilligendienst,einmal pro Monat,3,1,1,1,3,3,2,1,2,3,2,2,1,4,3,4,5,5,4,4,1,5,3,2,3,5,1,3,3,3,2,2,1,2,1,2,2,2,1,1,5,3,1,2,2,3,2,2,3,3,2,1,2,3,3,100,[],{},The data row meets all the specified data quality rules.
weiblich,1999,Baden-Württemberg,Schülerin / Schüler,mehrmals pro Woche,1,3,2,2,3,3,1,4,4,3,1,1,1,4,5,5,4,1,5,5,4,4,3,5,1,2,3,5,2,3,1,3,3,1,1,2,1,4,1,4,1,2,3,3,4,2,2,3,4,5,1,3,3,2,3,72,"[""rule_2"", ""rule_4""]","{""rule_2"": ""The 'alter' indicates a year (1999) that makes the person under 18, but 'beruf' is 'Sch\u00fclerin / Sch\u00fcler', which is a profession requiring adulthood."", ""rule_4"": ""The 'alkoholverzicht_wichtig' is rated high (5), but 'konsumhaeufigkeit' is 'mehrmals pro Woche', which is inconsistent.""}",The data quality is compromised due to inconsistencies in age-related profession and alcohol consumption ratings.
maennlich,1998,Baden-Württemberg,Studentin / Student,mehrmals im Monat,2,3,2,3,2,3,1,2,1,4,1,2,1,5,3,4,3,4,4,5,3,4,1,3,3,2,2,3,2,2,2,1,2,2,1,1,2,2,1,1,2,4,1,3,4,4,2,3,3,2,2,2,1,3,1,86,"[""rule_2"", ""rule_4""]","{""rule_2"": ""The 'alter' indicates a year (1998) that makes the person under 18, but 'beruf' is 'Studentin / Student', which is a profession requiring adulthood."", ""rule_4"": ""The 'alkoholverzicht_wichtig' is rated high (4), but 'konsumhaeufigkeit' is 'mehrmals im Monat', which is inconsistent.""}",The data quality is good but has some inconsistencies regarding age-related profession and alcohol consumption.
weiblich,2004,Bayern,Beamtin / Beamter,einmal pro Monat,2,3,2,1,2,3,2,2,3,5,3,4,2,3,2,4,3,2,1,5,4,5,2,3,3,3,5,4,3,5,4,1,3,3,2,1,1,4,4,3,2,5,1,3,4,3,2,3,1,4,2,3,2,2,2,72,"[""rule_2""]","{""rule_2"": ""The 'alter' indicates a year (2004) that makes the person under 18, but 'beruf' is 'Beamtin / Beamter', which requires adulthood.""}",The data quality is compromised due to an inconsistency between age and profession.
maennlich,1995,Baden-Württemberg,Studentin / Student,einmal pro Monat,2,2,2,1,3,3,2,2,1,3,3,2,2,4,4,2,1,1,2,4,4,4,2,1,2,2,2,4,2,3,4,1,4,1,1,1,1,3,5,3,1,5,1,5,2,5,2,3,4,3,3,2,3,2,1,100,[],{},The data row meets all quality standards without any violations.
maennlich,1999,Nordrhein-Westfalen,Studentin / Student,mehrmals im Monat,1,3,2,2,3,2,2,3,5,3,1,2,1,3,1,3,2,2,3,4,4,3,3,5,2,3,3,4,3,4,4,1,3,1,2,1,2,3,1,4,2,5,2,1,2,5,1,3,1,2,1,4,2,2,3,100,[],{},The data row meets all the plausibility rules.
weiblich,2003,keine Angabe,Studentin / Student,mehrmals pro Woche,2,3,2,2,3,3,2,4,2,5,2,2,5,3,2,3,5,4,3,5,4,4,1,3,5,2,4,3,3,3,3,3,2,1,1,4,2,4,3,3,2,4,1,2,1,3,2,1,5,3,2,1,1,1,5,86,"[""rule_2""]","{""rule_2"": ""The 'alter' indicates a year (2003) that makes the person under 18, but 'beruf' is 'Studentin / Student', which is a profession that typically requires adulthood.""}","The data quality is mostly good, but there is an inconsistency between age and profession."
weiblich,keine Angabe,Baden-Württemberg,Studentin / Student,einmal pro Monat,2,3,2,3,3,2,1,5,3,4,1,3,1,3,3,4,1,2,3,5,4,1,2,1,5,2,2,3,1,5,5,1,1,1,1,2,2,2,5,3,1,5,2,1,3,5,3,3,5,4,1,5,2,2,3,100,[],{},The data row meets all the specified plausibility rules.
maennlich,2000,Baden-Württemberg,Angestellte / Angestellter,mehrmals im Monat,2,2,1,1,2,3,2,3,1,4,1,1,2,5,2,4,2,1,1,5,4,3,2,2,3,2,1,2,2,2,3,1,5,3,2,2,1,3,4,2,2,1,4,2,2,3,2,5,2,3,1,3,1,3,3,86,"[""rule_2""]","{""rule_2"": ""The 'alter' indicates a year (2000) that makes the person under 18 (current year is 2023), but 'beruf' is 'Angestellte / Angestellter', which requires adulthood.""}",The data row has one violation related to age and profession consistency.
maennlich,2003,Baden-Württemberg,Angestellte / Angestellter,mehrmals im Monat,3,2,1,1,3,3,2,2,5,5,4,2,4,2,1,4,4,1,1,4,2,5,3,5,1,2,4,1,3,4,3,2,4,2,1,3,1,4,1,3,1,5,5,3,2,3,3,4,4,3,3,3,1,2,3,72,"[""rule_2""]","{""rule_2"": ""The 'alter' indicates a year (2003) that makes the person under 18, but 'beruf' is 'Angestellte / Angestellter', which requires adulthood.""}",The data row has one violation related to age and profession consistency.
maennlich,2000,Baden-Württemberg,Angestellte / Angestellter,mehrmals pro Woche,1,3,2,1,3,2,3,3,1,5,1,2,2,5,1,3,4,1,1,4,5,4,3,1,5,5,3,4,1,3,1,4,1,1,1,1,1,1,3,3,1,5,1,2,1,5,3,3,3,3,4,1,4,1,3,72,"[""rule_2"", ""rule_7""]","{""rule_2"": ""The 'alter' indicates a year (2000) that makes the person under 18 (current year 2023), but 'beruf' is 'Angestellte / Angestellter', which requires adulthood."", ""rule_7"": ""The 'praef_sorte_alkoholfrei' is rated high (4), but 'konsumhaeufigkeit' is 'mehrmals pro Woche', which is inconsistent.""}","The data row has multiple inconsistencies related to age and profession, as well as preferences and consumption."
weiblich,2003,Baden-Württemberg,Studentin / Student,täglich,1,3,2,2,1,2,2,5,4,3,3,3,3,2,2,4,3,4,4,2,2,5,1,1,3,4,4,4,2,3,3,3,5,4,2,1,2,5,3,1,1,3,1,2,5,3,2,3,2,3,3,2,1,2,4,86,"[""rule_2"", ""rule_4""]","{""rule_2"": ""The 'alter' indicates a year (2003) that makes the person under 18, but 'beruf' is 'Studentin / Student', which is a profession that typically requires adulthood."", ""rule_4"": ""The 'alkoholverzicht_wichtig' is rated high (4), but 'konsumhaeufigkeit' is 't\u00e4glich', which is inconsistent.""}",The data quality is compromised due to inconsistencies in age-related profession and alcohol consumption ratings.
weiblich,2001,Baden-Württemberg,Studentin / Student,mehrmals im Monat,2,3,1,2,3,3,2,5,2,4,3,2,2,5,4,5,3,4,5,5,4,3,2,3,2,2,3,1,3,2,4,4,3,4,1,1,1,5,5,2,2,5,1,1,3,3,2,5,3,5,1,2,4,2,3,72,"[""rule_2"", ""rule_4"", ""rule_7""]","{""rule_2"": ""The 'alter' indicates a year (2001) that makes the person under 18, but 'beruf' is 'Studentin / Student', which is a profession requiring adulthood."", ""rule_4"": ""The 'alkoholverzicht_wichtig' is rated high (5), but 'konsumhaeufigkeit' is 'mehrmals im Monat', which is inconsistent."", ""rule_7"": ""The 'praef_sorte_alkoholfrei' is rated high (4), but 'konsumhaeufigkeit' is 'mehrmals im Monat', which is inconsistent.""}",The data quality is compromised due to multiple inconsistencies in age-related and consumption-related fields.
weiblich,2002,Baden-Württemberg,Studentin / Student,mehrmals pro Woche,2,3,2,1,1,3,2,1,3,5,5,4,1,5,3,2,4,2,1,5,4,3,2,3,4,5,1,3,5,1,2,5,2,2,1,2,1,2,3,3,2,5,1,2,1,4,1,5,2,5,1,4,3,3,1,86,"[""rule_2"", ""rule_7""]","{""rule_2"": ""The 'alter' indicates a year (2002) that makes the person under 18 (current year is 2023), but 'beruf' is 'Studentin / Student', which is inconsistent with being underage."", ""rule_7"": ""The 'praef_sorte_alkoholfrei' is rated high (5), but 'konsumhaeufigkeit' is 'mehrmals pro Woche', which is inconsistent.""}","The data row has some inconsistencies regarding age and profession, as well as preferences and consumption."
weiblich,2000,Bayern,Studentin / Student,mehrmals im Monat,3,3,2,3,2,3,2,4,3,5,4,3,2,2,1,4,2,1,3,4,4,5,1,2,4,3,1,4,1,4,3,3,5,3,1,1,2,3,3,4,1,4,2,1,1,3,5,5,3,3,3,2,2,1,3,100,[],{},The data row meets all specified plausibility rules.
maennlich,1998,Baden-Württemberg,Studentin / Student,mehrmals im Monat,3,3,2,2,3,2,3,5,1,2,2,1,1,4,1,2,1,4,1,5,3,5,1,2,3,5,2,2,2,3,1,5,3,1,1,2,1,3,5,3,2,4,1,2,1,4,2,5,4,5,3,1,3,2,3,100,[],{},The data row meets all quality standards.
unbekannt,2004,Baden-Württemberg,Studentin / Student,seltener als einmal pro Monat,2,3,1,2,3,3,2,5,2,4,2,1,1,3,4,4,4,3,1,4,5,2,4,3,5,2,3,1,2,3,5,4,1,2,1,1,2,2,3,5,2,3,1,1,3,2,2,5,4,3,2,2,1,2,3,72,"[""rule_5"", ""rule_2""]","{""rule_5"": ""The 'geschlecht' is 'unbekannt' while 'beruf' is specified as 'Studentin / Student'."", ""rule_2"": ""The 'alter' indicates a year (2004) that makes the person under 18, but 'beruf' is 'Studentin / Student', which is a profession requiring adulthood.""}","The data row contains inconsistencies regarding gender and profession, as well as age-related implications."
maennlich,2004,Baden-Württemberg,Studentin / Student,mehrmals im Monat,2,3,2,1,3,2,2,3,2,4,3,5,2,3,3,4,3,1,3,5,3,2,3,1,5,3,2,4,3,2,2,1,1,3,2,2,1,5,5,3,1,1,4,3,2,2,2,3,2,1,2,3,4,3,1,86,"[""rule_2""]","{""rule_2"": ""The 'alter' indicates a year (2004) that makes the person under 18, but 'beruf' is 'Studentin / Student', which is a profession requiring adulthood.""}",The data row has one violation related to age and profession consistency.
unbekannt,2000,keine Angabe,Studentin / Student,mehrmals im Monat,3,3,2,2,3,3,2,5,3,4,1,2,1,2,4,3,3,2,1,5,3,2,3,3,1,2,3,2,1,3,3,5,2,2,2,1,1,1,5,3,1,5,1,3,1,5,1,3,1,4,2,3,3,5,2,86,"[""rule_5"", ""rule_2"", ""rule_7""]","{""rule_5"": ""The 'geschlecht' is 'unbekannt' while 'beruf' is specified as 'Studentin / Student'."", ""rule_2"": ""The 'alter' indicates a year (2000) that makes the person under 18, but 'beruf' is 'Studentin / Student', which is inconsistent."", ""rule_7"": ""The 'praef_sorte_alkoholfrei' is rated high (5), but 'konsumhaeufigkeit' is 'mehrmals im Monat', which is inconsistent.""}","The data row contains multiple inconsistencies regarding age, gender, and preferences."
maennlich,2004,Baden-Württemberg,Angestellte / Angestellter,seltener als einmal pro Monat,2,3,2,1,2,3,2,4,3,3,2,1,1,3,3,4,1,2,1,5,3,3,3,3,5,4,4,3,3,3,3,2,3,3,1,4,2,2,5,2,5,5,2,2,2,3,3,1,5,3,2,2,2,1,3,86,"[""rule_2""]","{""rule_2"": ""The 'alter' indicates a year (2004) that makes the person under 18, but 'beruf' is 'Angestellte / Angestellter', which requires adulthood.""}",The data row has one violation related to age and profession consistency.
weiblich,1998,Baden-Württemberg,Angestellte / Angestellter,mehrmals im Monat,3,3,2,3,2,3,2,5,1,3,3,3,5,4,1,4,1,2,3,4,1,4,2,2,2,2,2,2,3,3,4,1,3,1,2,1,1,1,5,3,1,1,1,3,2,3,1,5,2,5,2,2,1,2,4,72,"[""rule_2""]","{""rule_2"": ""The 'alter' indicates a year (1998) that makes the person under 18, but 'beruf' is 'Angestellte / Angestellter', which requires adulthood.""}",The data row has one violation related to age and profession consistency.
maennlich,2002,Baden-Württemberg,keine Angabe,mehrmals pro Woche,2,3,2,1,3,3,2,2,2,4,1,1,4,4,2,4,3,1,2,5,3,4,3,2,3,4,2,3,2,4,3,1,4,4,1,1,1,4,3,4,1,3,2,2,1,5,5,1,2,1,1,1,2,3,4,100,[],{},The data row meets all the plausibility rules.
maennlich,2005,Baden-Württemberg,Angestellte / Angestellter,mehrmals pro Woche,2,3,2,2,3,3,2,4,1,2,2,1,4,5,2,4,2,1,4,5,2,3,4,2,3,4,3,3,1,4,2,2,2,1,1,1,1,3,4,3,1,2,1,5,2,5,2,3,3,3,1,1,2,2,3,72,"[""rule_2"", ""rule_4""]","{""rule_2"": ""The 'alter' indicates a year (2005) that makes the person under 18 (current year 2023), but 'beruf' is 'Angestellte / Angestellter', which requires adulthood."", ""rule_4"": ""The 'alkoholverzicht_wichtig' is rated high (4), but 'konsumhaeufigkeit' is 'mehrmals pro Woche', which is inconsistent.""}","The data row has multiple quality issues related to age and profession consistency, as well as consumption habits."
maennlich,2001,Baden-Württemberg,Studentin / Student,mehrmals pro Woche,3,3,1,1,2,3,1,3,3,4,3,1,1,5,2,4,3,1,1,5,1,4,3,3,3,4,2,3,3,3,4,1,2,5,4,2,3,1,4,1,2,5,2,2,4,3,2,2,3,5,2,3,2,3,1,86,"[""rule_2""]","{""rule_2"": ""The 'alter' indicates a year (2001) that makes the person under 18 (current year is 2023), but 'beruf' is 'Studentin / Student', which is a profession that typically requires adulthood.""}","The data quality is mostly good, but there is an inconsistency between age and profession."
maennlich,2002,keine Angabe,keine Angabe,einmal pro Monat,2,3,1,2,2,3,3,2,1,5,3,5,4,3,1,3,1,1,2,5,4,3,2,3,4,1,3,4,2,2,3,3,1,2,1,1,1,3,4,3,1,1,3,4,4,4,3,1,3,1,2,3,1,2,3,100,[],{},The data row meets all the plausibility rules.
maennlich,1998,Baden-Württemberg,Studentin / Student,mehrmals pro Woche,2,3,1,2,3,3,3,2,3,4,1,2,1,2,3,4,2,5,2,4,2,3,1,3,2,4,2,1,5,3,3,1,3,2,1,1,1,4,4,4,3,5,2,3,2,5,4,3,1,1,3,3,1,2,1,86,"[""rule_2""]","{""rule_2"": ""The 'alter' indicates a year (1998) that makes the person under 18, but 'beruf' is 'Studentin / Student', which is a profession requiring adulthood.""}","The data quality is mostly good, but there is an inconsistency between age and profession."
weiblich,2000,Baden-Württemberg,Angestellte / Angestellter,mehrmals pro Woche,2,3,1,1,3,3,2,4,1,4,1,1,2,4,2,3,1,3,2,5,4,2,1,2,5,2,1,3,2,3,2,3,3,1,1,2,3,1,2,1,2,4,4,2,2,2,1,4,3,3,2,2,1,2,3,72,"[""rule_2""]","{""rule_2"": ""The 'alter' indicates a year (2000) that makes the person under 18 (current year 2023), but 'beruf' is 'Angestellte / Angestellter', which requires adulthood.""}",The data row has one violation related to age and profession consistency.
weiblich,2005,Baden-Württemberg,Studentin / Student,mehrmals im Monat,2,2,1,1,3,2,1,2,5,5,1,3,3,2,4,5,3,3,4,5,4,4,1,2,3,1,2,4,2,4,2,4,5,1,1,1,3,5,3,4,1,5,1,3,2,4,2,5,3,3,2,2,2,3,3,72,"[""rule_2"", ""rule_4"", ""rule_7""]","{""rule_2"": ""The 'alter' indicates a year (2005) that makes the person under 18, but 'beruf' is 'Studentin / Student', which is inconsistent with being underage."", ""rule_4"": ""The 'alkoholverzicht_wichtig' is rated high (4), but 'konsumhaeufigkeit' is 'mehrmals im Monat', which is inconsistent."", ""rule_7"": ""The 'praef_sorte_alkoholfrei' is rated high (4), but 'konsumhaeufigkeit' is 't\u00e4glich', which is inconsistent.""}","The data quality is compromised due to multiple inconsistencies regarding age, profession, and consumption habits."
unbekannt,2001,Baden-Württemberg,Studentin / Student,mehrmals im Monat,3,3,1,2,1,3,3,1,4,4,1,1,5,1,2,5,2,5,2,5,4,4,3,2,3,4,2,3,3,3,5,1,5,3,1,1,1,1,3,1,1,4,2,4,2,5,1,1,3,5,3,2,3,3,3,72,"[""rule_5"", ""rule_6""]","{""rule_5"": ""The 'geschlecht' is 'unbekannt' while 'beruf' is specified as 'Studentin / Student'."", ""rule_6"": ""The 'involvement_unverzichtbar' (5) is higher than 'involvement_interesse' (1).""}","The data row contains inconsistencies regarding gender and profession, as well as involvement ratings."
weiblich,2001,Baden-Württemberg,Angestellte / Angestellter,einmal pro Monat,3,2,2,2,3,2,2,4,1,4,2,3,1,5,4,4,5,1,1,5,4,3,2,2,2,2,2,3,3,2,5,2,2,2,1,3,1,4,5,5,1,5,1,2,5,3,2,2,3,3,2,1,2,1,4,86,"[""rule_2""]","{""rule_2"": ""The 'alter' indicates a year (2001) that makes the person under 18 (current year 2023), but 'beruf' is 'Angestellte / Angestellter', which requires adulthood.""}",The data row has one violation related to age and profession consistency.
maennlich,1998,Baden-Württemberg,Angestellte / Angestellter,mehrmals im Monat,2,3,2,1,3,3,1,4,2,4,2,2,3,4,3,4,2,4,2,5,4,4,1,4,5,2,2,4,3,2,4,4,3,1,5,1,1,5,3,3,3,5,1,3,3,3,2,5,3,3,1,1,1,2,4,86,"[""rule_2"", ""rule_7""]","{""rule_2"": ""The 'alter' indicates a year (1998) that makes the person under 18, but 'beruf' is 'Angestellte / Angestellter', which requires adulthood."", ""rule_7"": ""The 'praef_sorte_alkoholfrei' is rated high (4), but 'konsumhaeufigkeit' is 'mehrmals im Monat', which is inconsistent.""}",The data row has some inconsistencies regarding age-related profession requirements and preferences related to consumption.
maennlich,2002,Bayern,Studentin / Student,mehrmals pro Woche,2,3,1,1,3,3,3,5,1,2,2,3,1,5,3,4,4,2,1,5,2,4,4,1,4,1,4,3,3,3,4,2,4,4,2,1,1,1,4,3,1,5,4,2,3,1,3,2,5,3,2,3,2,1,3,86,"[""rule_2""]","{""rule_2"": ""The 'alter' indicates a year (2002) that makes the person under 18, but 'beruf' is 'Studentin / Student', which is a profession requiring adulthood.""}","The data quality is mostly good, but there is an inconsistency between age and profession."
maennlich,2001,Baden-Württemberg,Studentin / Student,seltener als einmal pro Monat,3,3,1,1,3,2,2,4,4,4,3,1,5,3,2,4,1,1,1,3,5,5,4,4,2,4,2,5,3,3,2,1,3,2,1,2,1,1,5,2,2,2,4,3,1,2,3,1,3,4,2,2,1,2,3,86,[],{},The data row meets all the plausibility rules.
maennlich,2001,Baden-Württemberg,Studentin / Student,mehrmals im Monat,3,3,1,3,3,3,2,1,2,2,3,1,1,3,1,2,4,3,1,5,5,4,3,2,1,2,2,3,2,3,3,2,4,1,1,3,2,1,5,3,3,5,1,2,5,3,1,5,1,3,2,3,3,2,4,86,"[""rule_2""]","{""rule_2"": ""The 'alter' indicates a year (2001) that makes the person under 18, but 'beruf' is 'Studentin / Student', which is a profession requiring adulthood.""}","The data quality is mostly good, but there is an inconsistency between age and profession."
maennlich,1999,Baden-Württemberg,Studentin / Student,einmal pro Monat,2,3,1,1,3,3,2,2,1,4,1,2,1,4,4,5,3,1,2,4,4,4,3,2,5,2,2,4,3,5,3,1,1,3,3,3,1,1,3,3,1,4,1,2,3,3,1,3,4,3,3,2,1,2,1,100,[],{},The data row meets all the specified data quality rules.
maennlich,2003,Baden-Württemberg,Angestellte / Angestellter,mehrmals pro Woche,2,3,1,3,1,2,2,5,5,3,3,4,1,3,4,4,2,2,1,5,4,2,3,3,3,2,4,3,3,3,3,1,3,1,1,2,1,3,2,1,2,5,4,1,1,1,3,2,2,4,2,1,2,2,3,72,"[""rule_2""]","{""rule_2"": ""The 'alter' indicates a year (2003) that makes the person under 18, but 'beruf' is 'Angestellte / Angestellter', which requires adulthood.""}",The data row has one violation related to age and profession consistency.
weiblich,1999,Baden-Württemberg,Studentin / Student,einmal pro Monat,2,3,2,1,2,3,1,2,5,3,3,3,1,4,4,2,1,3,2,5,1,4,3,1,3,5,4,3,3,2,2,1,4,1,1,1,2,3,1,3,4,4,4,2,2,3,2,1,2,3,3,3,2,3,3,100,[],{},The data row meets all the plausibility rules.
weiblich,1998,Baden-Württemberg,Selbständige / Selbstständiger,einmal pro Monat,3,3,1,1,2,3,2,4,2,3,1,1,1,3,2,5,3,2,1,5,2,5,2,2,5,2,1,5,2,3,3,4,5,1,5,2,2,2,5,5,2,5,1,4,1,2,1,4,3,3,3,1,5,3,5,100,[],{},The data row meets all quality standards.
weiblich,2001,Baden-Württemberg,Studentin / Student,mehrmals im Monat,2,3,2,1,3,2,3,2,1,4,5,2,4,3,1,5,3,2,2,4,5,2,2,1,4,2,3,2,1,3,2,1,5,3,4,1,1,4,1,5,1,5,1,3,3,5,3,3,3,3,3,1,2,2,4,86,"[""rule_2""]","{""rule_2"": ""The 'alter' indicates a year (2001) that makes the person under 18 (current year is 2023), but 'beruf' is 'Studentin / Student', which is a profession requiring adulthood.""}","The data quality is mostly good, but there is an inconsistency between age and profession."
unbekannt,2000,Nordrhein-Westfalen,Studentin / Student,mehrmals im Monat,2,3,2,1,3,3,2,5,5,1,2,1,1,4,1,1,3,5,1,5,4,4,3,2,5,3,2,2,3,2,1,1,5,1,3,1,1,3,5,3,2,4,2,2,4,2,2,1,3,3,1,1,2,2,3,86,"[""rule_5""]","{""rule_5"": ""The 'geschlecht' column is 'unbekannt' while 'beruf' is specified as 'Studentin / Student'.""}",The data row has one violation related to the gender and profession consistency.
maennlich,1999,Baden-Württemberg,Angestellte / Angestellter,einmal pro Monat,2,3,2,2,1,3,3,3,4,5,3,3,2,4,2,4,4,3,3,5,5,4,3,3,1,2,2,3,4,5,5,1,4,1,1,1,5,1,4,3,2,5,1,3,3,2,1,1,1,3,1,3,1,2,3,86,"[""rule_2""]","{""rule_2"": ""The 'alter' indicates a year (1999) that makes the person under 18 (current year is 2023), but 'beruf' is 'Angestellte / Angestellter', which requires adulthood.""}",The data row has one violation related to age and profession consistency.
weiblich,2004,Baden-Württemberg,keine Angabe,mehrmals im Monat,2,3,1,1,3,3,2,5,1,4,1,1,1,2,4,5,4,3,1,5,2,3,3,2,2,2,3,3,1,3,1,4,5,2,3,1,2,3,5,3,1,5,2,2,1,4,2,3,3,5,1,1,2,3,1,86,[],{},The data row meets all the plausibility rules.
maennlich,2004,Baden-Württemberg,Studentin / Student,seltener als einmal pro Monat,3,2,1,2,2,2,2,4,1,3,3,2,1,4,3,3,3,3,1,5,2,4,3,5,2,2,2,2,1,3,5,2,5,5,3,2,2,1,3,3,1,5,1,2,2,4,2,5,3,3,3,1,2,2,3,100,[],{},The data row meets all quality standards.
weiblich,2004,Baden-Württemberg,Schülerin / Schüler,mehrmals im Monat,2,3,2,2,3,2,2,5,1,5,2,1,2,3,3,4,3,2,1,4,2,4,2,2,5,4,2,4,4,2,4,3,3,5,3,1,1,3,1,2,2,5,1,1,2,3,2,3,3,4,1,4,2,2,1,86,"[""rule_2""]","{""rule_2"": ""The 'alter' indicates a year (2004) that makes the person under 18, but 'beruf' is 'Sch\u00fclerin / Sch\u00fcler', which is a profession requiring adulthood.""}",The data row has one violation related to age and profession consistency.
maennlich,2002,Baden-Württemberg,Schülerin / Schüler,einmal pro Monat,2,3,2,1,3,3,2,2,3,5,2,4,3,5,2,4,1,2,2,5,5,4,4,5,3,3,4,4,2,4,3,1,3,4,4,1,3,4,2,3,1,5,1,2,1,5,2,3,3,4,2,2,1,2,5,100,[],{},The data row meets all the plausibility rules.
maennlich,2004,Baden-Württemberg,Studentin / Student,einmal pro Monat,3,3,2,1,3,2,2,4,5,4,4,5,1,1,1,3,5,3,2,3,5,3,2,2,3,3,5,5,2,3,2,4,3,5,2,2,1,3,4,1,1,1,3,1,5,4,2,3,5,3,3,2,3,2,4,86,"[""rule_2"", ""rule_7""]","{""rule_2"": ""The 'alter' indicates a year (2004) that makes the person under 18, but 'beruf' is 'Studentin / Student', which is a profession requiring adulthood."", ""rule_7"": ""The 'praef_sorte_alkoholfrei' is rated high (4), but 'konsumhaeufigkeit' is 'einmal pro Monat', which is inconsistent with the high preference.""}",The data row has some inconsistencies regarding age-related profession and preferences.
maennlich,2000,Baden-Württemberg,Angestellte / Angestellter,mehrmals im Monat,3,3,2,2,3,3,3,1,3,3,3,1,3,1,1,4,4,1,1,5,4,3,2,4,1,1,4,4,4,5,4,1,4,1,2,3,2,4,1,3,2,1,3,2,1,4,3,3,2,4,2,2,1,1,4,86,"[""rule_2""]","{""rule_2"": ""The 'alter' indicates a year (2000) that makes the person under 18 (current year 2023), and 'beruf' is 'Angestellte / Angestellter', which requires adulthood.""}",The data row has one violation related to age and profession consistency.
weiblich,1999,Baden-Württemberg,Angestellte / Angestellter,seltener als einmal pro Monat,3,2,1,1,3,3,2,2,3,5,4,5,2,4,4,4,1,2,1,5,4,4,2,1,3,3,2,4,4,2,1,2,3,1,3,3,1,3,2,5,1,5,1,2,3,5,2,4,4,5,1,5,1,2,4,86,"[""rule_2""]","{""rule_2"": ""The 'alter' indicates a year (1999) that makes the person under 18 (current year 2023), but 'beruf' is 'Angestellte / Angestellter', which requires adulthood.""}","The data quality is mostly acceptable, but there is an inconsistency between age and profession."
maennlich,2001,Baden-Württemberg,keine Angabe,mehrmals im Monat,3,2,2,1,3,2,2,5,3,5,3,3,3,3,3,4,2,3,1,5,4,3,4,3,3,4,2,5,3,5,2,1,5,2,3,2,1,1,1,2,2,4,1,1,1,4,2,3,3,3,2,2,3,5,1,100,[],{},The data row meets all the plausibility rules.
maennlich,2002,Baden-Württemberg,Studentin / Student,mehrmals im Monat,3,3,3,1,2,3,2,3,1,4,3,3,1,2,3,4,3,2,4,4,4,3,1,3,3,2,2,5,4,4,3,2,5,1,1,1,1,1,1,4,3,5,1,5,2,4,2,2,2,3,3,2,5,2,3,86,"[""rule_2"", ""rule_4""]","{""rule_2"": ""The 'alter' indicates a year (2002) that makes the person under 18, but 'beruf' is 'Studentin / Student', which is a profession requiring adulthood."", ""rule_4"": ""The 'alkoholverzicht_wichtig' is rated high (4), but 'konsumhaeufigkeit' is 'mehrmals im Monat', which is inconsistent.""}",The data quality is good but has some inconsistencies regarding age-related profession and alcohol consumption preferences.
maennlich,2003,Baden-Württemberg,ohne Beschäftigung,täglich,3,3,1,2,2,3,2,3,1,5,5,2,1,1,4,4,1,1,2,5,3,2,3,2,2,2,2,5,2,2,5,3,1,1,1,2,2,1,4,1,2,5,1,1,3,5,1,3,3,4,4,1,3,1,2,86,"[""rule_2""]","{""rule_2"": ""The 'alter' indicates a year (2003) that makes the person under 18, but the 'beruf' is 'ohne Besch\u00e4ftigung', which is acceptable. However, if the profession were one requiring adulthood, it would be a violation.""}","The data quality is generally good, with one minor inconsistency regarding age and profession."
weiblich,1996,Baden-Württemberg,Studentin / Student,mehrmals pro Woche,3,2,1,1,2,2,1,3,1,4,2,3,3,5,2,5,4,2,1,4,3,4,3,2,3,3,1,2,2,3,3,4,2,1,2,1,2,4,2,3,1,5,4,1,1,3,3,1,4,2,2,2,1,4,3,86,"[""rule_2"", ""rule_7""]","{""rule_2"": ""The 'alter' indicates a year (1996) that makes the person under 18, but 'beruf' is 'Studentin / Student', which is a profession requiring adulthood."", ""rule_7"": ""The 'praef_sorte_alkoholfrei' is rated high (4), but 'konsumhaeufigkeit' is 'mehrmals pro Woche', which is inconsistent.""}","The data quality is compromised due to inconsistencies between age and profession, as well as preferences and consumption."
weiblich,2004,Baden-Württemberg,Angestellte / Angestellter,mehrmals im Monat,3,3,2,1,2,2,2,2,1,5,1,2,1,4,3,3,1,2,2,5,5,3,2,2,3,3,2,4,1,3,4,2,2,1,1,2,1,5,3,3,1,5,1,2,1,5,2,4,3,3,1,1,3,2,4,72,"[""rule_2""]","{""rule_2"": ""The 'alter' indicates a year (2004) that makes the person under 18 (current year is 2023), and 'beruf' is 'Angestellte / Angestellter', which requires adulthood.""}",The data row has one violation related to age and profession consistency.
weiblich,2002,Baden-Württemberg,Angestellte / Angestellter,seltener als einmal pro Monat,2,3,2,1,1,2,2,4,5,3,3,3,4,3,4,5,1,1,1,5,4,3,3,1,5,5,5,4,2,5,1,3,3,1,2,3,1,2,3,5,2,5,3,2,4,2,2,3,5,2,2,5,2,4,2,86,"[""rule_2""]","{""rule_2"": ""The 'alter' indicates a year (2002) that makes the person under 18 (current year 2023), and 'beruf' is 'Angestellte / Angestellter', which requires adulthood.""}",The data row has one violation related to age and profession consistency.
weiblich,2001,Baden-Württemberg,Angestellte / Angestellter,mehrmals im Monat,2,3,1,2,3,3,2,5,5,3,3,2,5,2,3,3,5,1,1,4,5,5,3,2,3,4,2,3,2,3,4,1,5,1,1,1,3,3,2,3,1,4,3,1,2,5,2,4,1,4,3,1,1,2,1,86,"[""rule_2""]","{""rule_2"": ""The 'alter' indicates a year (2001) that makes the person under 18, but 'beruf' is 'Angestellte / Angestellter', which requires adulthood.""}",The data row has one violation related to age and profession consistency.
maennlich,2002,Baden-Württemberg,Angestellte / Angestellter,mehrmals im Monat,2,3,1,3,2,3,1,4,2,3,1,3,1,4,2,4,4,1,1,5,5,4,2,3,4,3,2,3,1,3,4,1,3,2,1,1,1,1,4,3,1,5,2,2,4,5,2,1,1,4,2,2,3,1,2,86,"[""rule_2""]","{""rule_2"": ""The 'alter' indicates a year (2002) that makes the person under 18 (current year is 2023), but 'beruf' is 'Angestellte / Angestellter', which requires adulthood.""}",The data row has one violation related to age and profession consistency.
maennlich,2002,Baden-Württemberg,Studentin / Student,mehrmals im Monat,3,3,1,1,2,2,2,5,4,1,2,1,2,4,4,3,3,3,1,5,5,3,5,1,3,2,2,4,2,3,2,2,5,1,1,1,1,1,2,3,1,5,3,2,2,3,1,1,3,5,1,1,2,2,3,86,"[""rule_2""]","{""rule_2"": ""The 'alter' indicates a year (2002) that makes the person under 18 (current year is 2023), but 'beruf' is 'Studentin / Student', which is a profession that typically requires adulthood.""}","The data quality is mostly good, but there is an inconsistency between age and profession."
maennlich,2006,Baden-Württemberg,Angestellte / Angestellter,täglich,3,3,1,2,2,3,2,4,1,5,3,4,1,3,4,4,2,1,5,5,3,3,3,2,3,3,3,3,2,4,4,2,2,3,1,1,1,3,4,3,1,1,1,2,2,3,2,1,4,3,1,2,2,2,5,72,"[""rule_2"", ""rule_4""]","{""rule_2"": ""The 'alter' indicates a year (2006) that makes the person under 18, but 'beruf' is 'Angestellte / Angestellter', which requires adulthood."", ""rule_4"": ""The 'alkoholverzicht_wichtig' is rated high (5), but 'konsumhaeufigkeit' is 't\u00e4glich', which is inconsistent.""}",The data row has inconsistencies regarding age-related profession eligibility and alcohol consumption frequency.
maennlich,2004,Baden-Württemberg,Studentin / Student,mehrmals im Monat,2,3,2,1,1,3,2,2,1,3,4,1,1,4,2,5,5,1,3,4,4,2,3,2,2,3,2,4,2,3,5,4,1,1,1,1,1,4,5,3,1,3,1,2,1,5,1,3,3,2,2,3,3,2,2,86,"[""rule_2"", ""rule_7""]","{""rule_2"": ""The 'alter' indicates a year (2004) that makes the person under 18, but 'beruf' is 'Studentin / Student', which is a profession requiring adulthood."", ""rule_7"": ""The 'praef_sorte_alkoholfrei' is rated high (4), but 'konsumhaeufigkeit' is 'mehrmals im Monat', which is inconsistent.""}","The data quality is compromised due to inconsistencies between age and profession, as well as preferences and consumption."
unbekannt,2002,keine Angabe,Angestellte / Angestellter,mehrmals im Monat,2,1,1,1,3,2,1,3,5,4,4,1,1,5,2,5,2,2,2,3,5,4,3,4,3,3,2,2,2,2,3,3,2,1,1,1,4,3,5,3,3,5,2,1,2,5,2,4,4,5,3,1,1,2,4,72,"[""rule_2"", ""rule_5""]","{""rule_2"": ""The 'alter' indicates a year (2002) that makes the person under 18, but 'beruf' is 'Angestellte / Angestellter', which requires adulthood."", ""rule_5"": ""The 'geschlecht' is 'unbekannt' while 'beruf' is specified as 'Angestellte / Angestellter'.""}",The data row contains inconsistencies regarding age-related profession requirements and gender specification.
maennlich,2004,Bayern,Angestellte / Angestellter,mehrmals im Monat,2,3,2,1,2,2,3,1,2,3,2,3,4,4,4,4,4,1,1,5,4,4,4,4,5,4,3,3,3,3,4,2,1,1,1,3,3,4,5,3,1,3,1,2,2,1,4,5,2,4,2,3,2,2,1,72,"[""rule_2""]","{""rule_2"": ""The 'alter' indicates a year (2004) that makes the person under 18, but 'beruf' is 'Angestellte / Angestellter', which requires adulthood.""}",The data quality is compromised due to an inconsistency between age and profession.
maennlich,2000,Baden-Württemberg,Angestellte / Angestellter,einmal pro Monat,2,3,3,1,3,3,2,4,5,2,1,1,5,1,3,4,2,1,2,1,5,5,3,1,3,4,2,3,2,3,1,1,1,1,2,1,2,2,4,3,2,1,4,4,2,5,2,5,5,3,1,2,2,2,3,86,"[""rule_2""]","{""rule_2"": ""The 'alter' indicates a year (2000) that makes the person under 18, but 'beruf' is 'Angestellte / Angestellter', which requires adulthood.""}",The data row has one violation related to age and profession consistency.
maennlich,2003,Baden-Württemberg,Studentin / Student,seltener als einmal pro Monat,2,3,2,1,2,3,3,5,1,4,1,1,1,3,4,3,2,2,2,4,5,4,4,1,5,5,2,1,4,2,5,2,1,1,2,2,1,3,2,1,2,1,3,1,2,4,2,3,3,5,3,3,4,2,2,100,[],{},The data row meets all the plausibility rules.
weiblich,keine Angabe,Baden-Württemberg,keine Angabe,mehrmals im Monat,2,3,2,3,3,3,2,2,3,1,3,1,1,3,3,4,4,1,1,5,2,3,3,1,3,2,5,2,2,4,4,4,1,3,1,1,4,1,1,2,2,3,3,2,2,4,2,4,3,3,1,3,2,2,4,100,[],{},The data row meets all quality standards.
maennlich,1998,Baden-Württemberg,Studentin / Student,mehrmals pro Woche,2,3,1,2,3,3,2,2,3,4,2,3,3,3,3,3,1,3,4,5,3,3,4,2,2,2,3,4,3,3,3,2,3,1,1,1,2,4,4,2,1,5,1,2,1,5,2,5,4,3,2,3,1,1,3,86,"[""rule_2"", ""rule_4""]","{""rule_2"": ""The 'alter' indicates a year (1998) that makes the person under 18, but 'beruf' is 'Studentin / Student', which is inconsistent with being underage."", ""rule_4"": ""The 'alkoholverzicht_wichtig' is rated high (4), but 'konsumhaeufigkeit' is 'mehrmals pro Woche', which is inconsistent.""}",The data quality is compromised due to inconsistencies in age-related profession and alcohol consumption ratings.
unbekannt,1995,Baden-Württemberg,Angestellte / Angestellter,seltener als einmal pro Monat,3,3,2,1,3,3,2,2,1,5,1,3,4,5,5,1,2,2,2,5,4,4,3,3,1,4,2,1,3,3,5,5,4,3,3,1,1,4,5,3,2,5,1,1,3,5,3,4,2,5,1,2,3,3,2,72,"[""rule_2"", ""rule_5""]","{""rule_2"": ""The 'alter' indicates a year (1995) that makes the person under 18, but 'beruf' is 'Angestellte / Angestellter', which requires adulthood."", ""rule_5"": ""The 'geschlecht' is 'unbekannt' while 'beruf' is specified as 'Angestellte / Angestellter'.""}",The data row contains inconsistencies regarding age-related profession requirements and gender specification.
weiblich,2004,Baden-Württemberg,Angestellte / Angestellter,mehrmals im Monat,2,3,2,2,3,3,3,1,3,4,5,1,1,3,2,5,4,2,3,4,4,4,3,2,3,3,1,4,2,5,4,3,4,2,1,1,1,2,3,3,2,4,1,2,3,4,2,3,1,3,2,2,3,2,3,72,"[""rule_2""]","{""rule_2"": ""The 'alter' indicates a year (2004) that makes the person under 18 (current year 2023), but 'beruf' is 'Angestellte / Angestellter', which requires adulthood.""}",The data row has one violation related to age and profession consistency.
weiblich,2002,Baden-Württemberg,Schülerin / Schüler,mehrmals pro Woche,1,3,2,1,1,2,1,3,3,3,3,3,4,4,3,4,3,4,1,5,1,5,1,2,4,3,4,5,1,1,3,2,4,1,1,2,4,4,1,4,1,1,1,2,1,4,2,3,3,3,1,3,2,2,3,86,"[""rule_2"", ""rule_6""]","{""rule_2"": ""The 'alter' indicates a year (2002) that makes the person under 18, but 'beruf' is 'Sch\u00fclerin / Sch\u00fcler', which is a profession requiring adulthood."", ""rule_6"": ""The 'involvement_unverzichtbar' (4) is higher than 'involvement_interesse' (3).""}",The data row has some inconsistencies regarding age-related profession and involvement ratings.
weiblich,1998,Baden-Württemberg,Studentin / Student,mehrmals im Monat,2,2,2,1,2,2,1,5,2,2,2,3,2,3,3,4,4,4,1,5,4,3,3,1,3,4,1,4,1,3,2,1,2,3,1,1,4,1,3,3,2,3,1,1,4,4,3,3,3,5,1,2,3,2,3,100,[],{},The data row meets all quality standards.
weiblich,1999,Baden-Württemberg,Studentin / Student,mehrmals pro Woche,2,3,1,2,2,3,3,2,5,2,4,3,3,5,3,2,5,2,2,4,3,3,3,2,3,4,2,1,2,3,3,4,2,1,1,1,3,3,4,3,2,1,1,1,5,4,2,3,1,3,3,2,1,2,3,86,"[""rule_2"", ""rule_7""]","{""rule_2"": ""The 'alter' indicates a year (1999) that makes the person under 18, but 'beruf' is 'Studentin / Student', which is a profession requiring adulthood."", ""rule_7"": ""The 'praef_sorte_alkoholfrei' is rated high (4), but 'konsumhaeufigkeit' is 'mehrmals pro Woche', which is inconsistent.""}","The data row has some inconsistencies regarding age and profession, as well as preferences and consumption."
maennlich,2002,Baden-Württemberg,Angestellte / Angestellter,seltener als einmal pro Monat,3,3,2,2,1,2,2,2,4,5,3,5,1,3,3,3,2,1,2,5,4,4,3,2,5,2,4,2,3,5,4,2,5,3,1,1,3,3,3,5,1,3,1,4,2,4,3,3,1,3,2,1,2,1,4,86,"[""rule_2""]","{""rule_2"": ""The 'alter' indicates a year (2002) that makes the person under 18 (current year 2023), but 'beruf' is 'Angestellte / Angestellter', which requires adulthood.""}","The data quality is mostly acceptable, but there is an inconsistency between age and profession."
weiblich,keine Angabe,Baden-Württemberg,Studentin / Student,einmal pro Monat,2,3,1,1,2,3,3,5,3,4,1,1,2,4,1,3,2,1,2,4,2,4,3,2,4,4,2,2,2,3,5,1,3,1,2,2,1,2,1,3,1,1,2,2,1,1,1,3,4,3,3,3,3,2,5,100,[],{},The data row meets all plausibility rules.
maennlich,keine Angabe,Baden-Württemberg,Studentin / Student,täglich,2,3,2,1,2,2,2,4,2,4,4,4,1,5,1,4,1,1,1,4,3,4,1,2,3,3,1,4,4,3,3,2,3,1,3,2,3,4,4,2,2,2,1,5,2,3,3,2,2,3,2,4,3,2,1,100,[],{},The data row meets all the specified data quality rules.
weiblich,2004,Baden-Württemberg,Angestellte / Angestellter,einmal pro Monat,3,3,1,1,3,3,1,2,2,3,1,2,1,4,2,3,3,1,2,5,4,4,2,2,2,1,2,4,2,3,5,1,5,3,1,1,1,1,4,5,2,4,3,3,4,3,1,5,1,3,2,3,4,2,3,72,"[""rule_2""]","{""rule_2"": ""The 'alter' indicates a year (2004) that makes the person under 18, but 'beruf' is 'Angestellte / Angestellter', which requires adulthood.""}",The data row has one violation related to age and profession consistency.
maennlich,2004,Baden-Württemberg,Studentin / Student,täglich,2,3,2,1,3,2,2,5,2,3,1,3,2,1,5,4,3,3,4,4,4,2,3,1,2,5,4,3,2,3,4,1,1,1,1,1,3,2,5,3,1,3,1,4,2,5,2,3,2,1,2,1,4,1,3,72,"[""rule_2"", ""rule_4""]","{""rule_2"": ""The 'alter' indicates a year (2004) that makes the person under 18, but 'beruf' is 'Studentin / Student', which is inconsistent with being underage."", ""rule_4"": ""The 'alkoholverzicht_wichtig' is rated high (4), but 'konsumhaeufigkeit' is 't\u00e4glich', which is inconsistent.""}",The data quality is compromised due to inconsistencies in age-related profession and alcohol consumption ratings.
weiblich,2003,Baden-Württemberg,Angestellte / Angestellter,mehrmals im Monat,3,3,2,1,2,3,2,2,2,3,5,3,3,2,3,2,1,4,1,4,2,4,3,3,3,2,4,3,5,1,2,1,3,1,1,2,2,1,1,5,1,4,2,1,3,4,1,3,5,5,3,2,2,2,3,72,"[""rule_2""]","{""rule_2"": ""The 'alter' indicates a year (2003) that makes the person under 18, but 'beruf' is 'Angestellte / Angestellter', which requires adulthood.""}",The data quality is compromised due to an inconsistency between age and profession.
unbekannt,2003,Hessen,Studentin / Student,seltener als einmal pro Monat,2,3,2,1,2,2,2,2,3,4,5,4,1,1,3,4,3,3,2,5,4,3,3,4,3,2,2,4,4,5,3,1,3,3,5,1,1,4,5,1,1,2,1,2,2,5,2,2,5,1,1,3,1,3,1,86,"[""rule_5""]","{""rule_5"": ""The 'geschlecht' column is 'unbekannt' while 'beruf' is specified as 'Studentin / Student'.""}",The data row has one violation related to the gender and profession consistency.
weiblich,2004,Bayern,Studentin / Student,mehrmals im Monat,3,2,1,1,3,3,2,4,2,5,3,3,1,3,2,5,2,5,1,5,5,3,3,3,2,5,3,2,2,3,2,1,5,1,1,1,2,4,3,3,1,1,1,2,3,5,2,3,3,3,3,3,1,2,3,86,"[""rule_2""]","{""rule_2"": ""The 'alter' indicates a year (2004) that makes the person under 18, but 'beruf' is 'Studentin / Student', which is a profession requiring adulthood.""}",The data row has one violation related to age and profession consistency.
unbekannt,2003,Baden-Württemberg,Angestellte / Angestellter,mehrmals pro Woche,2,3,2,1,2,2,3,4,5,5,2,4,2,2,2,4,3,4,3,3,4,4,1,4,2,2,2,4,1,2,1,2,2,1,3,2,1,1,4,3,2,1,1,3,1,3,2,3,1,3,5,3,1,2,3,72,"[""rule_2"", ""rule_5""]","{""rule_2"": ""The 'alter' indicates a year (2003) that makes the person under 18, but 'beruf' is 'Angestellte / Angestellter', which requires adulthood."", ""rule_5"": ""The 'geschlecht' is 'unbekannt' while 'beruf' is specified as 'Angestellte / Angestellter'.""}",The data row contains inconsistencies regarding age-related profession requirements and gender specification.
maennlich,2006,keine Angabe,Angestellte / Angestellter,täglich,2,3,2,3,3,2,1,3,1,4,2,2,2,4,1,3,2,1,1,4,4,5,3,3,5,4,4,3,3,3,3,2,1,5,1,4,1,4,4,3,2,1,2,4,3,4,2,2,2,4,2,3,4,1,4,72,"[""rule_2""]","{""rule_2"": ""The 'alter' indicates a year (2006) that makes the person under 18, but 'beruf' is 'Angestellte / Angestellter', which requires adulthood.""}",The data row has one violation related to age and profession consistency.
weiblich,2002,Baden-Württemberg,ohne Beschäftigung,mehrmals pro Woche,2,3,1,1,2,3,1,2,1,5,2,2,2,4,5,4,2,2,2,3,4,4,2,2,4,5,4,4,3,3,3,2,5,1,2,2,1,3,4,3,1,5,2,2,3,3,1,3,3,5,1,2,2,2,4,100,[],{},The data row meets all the specified data quality rules.
maennlich,1998,Bayern,Angestellte / Angestellter,mehrmals im Monat,2,3,2,1,3,3,2,2,3,3,1,3,2,4,3,5,3,1,1,5,4,4,3,2,1,4,3,5,3,3,2,2,4,1,1,1,4,4,4,4,2,5,1,2,3,5,1,4,3,5,2,1,3,2,3,86,"[""rule_2""]","{""rule_2"": ""The 'alter' indicates a year (1998) that makes the person under 18, but 'beruf' is 'Angestellte / Angestellter', which requires adulthood.""}",The data row has one violation related to age and profession consistency.
weiblich,2006,Baden-Württemberg,Angestellte / Angestellter,einmal pro Monat,3,3,2,2,2,3,2,3,3,4,3,2,1,4,2,5,1,1,3,4,4,4,3,2,1,2,2,3,2,3,3,2,4,1,1,1,1,3,4,3,2,3,1,1,5,4,1,1,1,5,1,2,5,2,3,72,"[""rule_2""]","{""rule_2"": ""The 'alter' indicates a year (2006) that makes the person under 18, but 'beruf' is 'Angestellte / Angestellter', which requires adulthood.""}",The data row has one violation related to age and profession consistency.
weiblich,2003,Baden-Württemberg,Studentin / Student,mehrmals im Monat,2,3,1,2,2,2,3,5,2,2,2,2,1,3,4,5,1,1,3,5,2,2,1,2,5,4,2,4,2,3,2,2,2,4,1,1,2,3,4,3,1,5,1,2,5,3,4,3,4,3,2,3,1,2,4,86,"[""rule_2""]","{""rule_2"": ""The 'alter' indicates a year (2003) that makes the person under 18, but 'beruf' is 'Studentin / Student', which is a profession requiring adulthood.""}","The data quality is mostly good, but there is an inconsistency between age and profession."
weiblich,2002,Bayern,Studentin / Student,seltener als einmal pro Monat,2,3,1,1,3,3,2,2,3,3,1,1,1,3,2,3,3,1,1,4,4,2,4,2,3,2,2,3,2,3,4,1,5,4,1,1,1,2,2,3,2,5,4,2,1,3,3,2,3,2,1,3,3,1,1,100,[],{},The data row meets all specified plausibility rules.
maennlich,1997,Baden-Württemberg,Angestellte / Angestellter,seltener als einmal pro Monat,3,3,2,1,3,3,2,2,3,1,1,2,2,4,4,5,2,2,1,5,5,4,3,2,3,4,4,3,2,3,2,2,3,1,2,5,3,5,4,3,3,5,1,3,1,5,2,4,4,4,1,3,3,2,2,100,[],{},The data row meets all the specified data quality rules.
weiblich,2004,Hamburg,Beamtin / Beamter,mehrmals im Monat,2,3,1,1,3,3,3,4,1,4,2,1,1,5,1,1,3,2,1,5,4,3,3,4,3,4,3,3,4,3,4,2,2,1,5,1,5,1,3,3,1,1,3,4,1,2,2,3,4,3,3,1,1,2,3,72,"[""rule_2""]","{""rule_2"": ""The 'alter' indicates a year (2004) that makes the person under 18, but 'beruf' is 'Beamtin / Beamter', which requires adulthood.""}",The data row has one violation related to age and profession consistency.
weiblich,2000,Baden-Württemberg,Angestellte / Angestellter,mehrmals im Monat,2,3,2,2,1,3,2,5,2,4,3,2,1,1,3,2,3,3,2,4,4,3,1,3,2,3,2,4,4,3,3,2,3,4,2,1,1,3,4,5,1,4,1,4,3,5,1,3,4,4,1,3,2,1,4,86,"[""rule_2""]","{""rule_2"": ""The 'alter' indicates a year (2000) that makes the person under 18, but 'beruf' is 'Angestellte / Angestellter', which requires adulthood.""}","The data quality is mostly good, but there is an inconsistency between age and profession."
weiblich,1999,Baden-Württemberg,Angestellte / Angestellter,mehrmals pro Woche,3,3,1,1,3,2,3,4,4,2,2,1,2,4,4,4,4,1,4,5,5,2,2,1,3,3,2,3,3,3,4,2,3,3,1,3,2,1,5,1,1,5,3,2,2,5,2,2,5,5,2,3,3,2,3,72,"[""rule_2"", ""rule_4""]","{""rule_2"": ""The 'alter' indicates a year (1999) that makes the person under 18, but 'beruf' is 'Angestellte / Angestellter', which requires adulthood."", ""rule_4"": ""The 'alkoholverzicht_wichtig' is rated high (4), but 'konsumhaeufigkeit' is 'mehrmals pro Woche', which is inconsistent.""}",The data row has two quality issues related to age and consumption patterns.
maennlich,1997,Baden-Württemberg,Angestellte / Angestellter,mehrmals im Monat,1,3,2,1,1,3,2,4,5,4,4,1,3,4,1,3,2,2,2,4,4,3,2,2,3,5,3,2,2,3,5,2,5,5,1,4,1,1,3,2,2,5,2,1,3,3,1,4,3,5,2,2,3,2,4,72,"[""rule_2""]","{""rule_2"": ""The 'alter' indicates a year (1997) that makes the person under 18, but 'beruf' is 'Angestellte / Angestellter', which requires adulthood.""}",The data row has one violation related to age and profession consistency.
weiblich,2004,Baden-Württemberg,Angestellte / Angestellter,mehrmals im Monat,2,3,1,2,3,2,1,5,5,4,2,3,2,3,4,1,5,2,3,2,3,4,3,3,5,3,4,2,2,3,4,1,5,3,1,1,4,1,4,5,2,3,1,3,2,5,3,5,4,3,2,3,1,2,2,72,"[""rule_2""]","{""rule_2"": ""The 'alter' indicates a year (2004) that makes the person under 18, but 'beruf' is 'Angestellte / Angestellter', which requires adulthood.""}",The data row has one violation related to age and profession consistency.
weiblich,keine Angabe,Baden-Württemberg,keine Angabe,mehrmals im Monat,3,3,2,1,2,1,2,1,1,4,1,1,1,3,4,1,2,4,2,5,4,3,2,2,3,2,2,3,3,4,3,1,3,5,1,3,1,4,4,3,1,3,1,4,1,4,1,3,3,2,1,2,4,2,3,100,[],{},The data row meets all the specified data quality rules.
weiblich,2000,Baden-Württemberg,Studentin / Student,mehrmals im Monat,2,3,2,2,3,3,2,3,3,3,2,3,2,5,2,5,3,3,1,5,4,3,3,2,2,4,4,4,4,3,3,1,2,1,3,1,2,4,1,4,1,5,2,2,2,1,1,1,3,3,2,3,2,2,4,86,"[""rule_2""]","{""rule_2"": ""The 'alter' indicates a year (2000) that makes the person under 18 (current year is 2023), but 'beruf' is 'Studentin / Student', which is a profession requiring adulthood.""}","The data quality is mostly good, but there is an inconsistency between age and profession."
maennlich,2001,Baden-Württemberg,Studentin / Student,einmal pro Monat,2,3,2,1,3,3,2,5,3,4,4,3,1,3,5,5,3,2,3,5,4,4,3,3,5,2,3,4,3,3,3,2,3,3,1,4,1,1,1,4,2,5,1,1,5,3,1,4,3,2,3,3,2,2,3,100,[],{},The data row meets all specified plausibility rules.
maennlich,1998,Baden-Württemberg,Studentin / Student,täglich,3,2,1,1,2,2,3,2,4,5,3,2,1,2,1,2,1,1,1,4,5,5,2,1,4,3,4,2,2,3,1,4,2,3,3,1,1,4,3,4,2,4,1,2,4,3,3,3,4,3,3,3,3,2,3,86,"[""rule_2"", ""rule_7""]","{""rule_2"": ""The 'alter' indicates a year (1998) that makes the person under 18, but 'beruf' is 'Studentin / Student', which is inconsistent with being underage."", ""rule_7"": ""The 'praef_sorte_alkoholfrei' is rated high (4), but 'konsumhaeufigkeit' is 't\u00e4glich', which is inconsistent.""}","The data quality is compromised due to inconsistencies between age, profession, and consumption preferences."
weiblich,2004,Baden-Württemberg,Studentin / Student,mehrmals pro Woche,2,3,2,1,1,3,1,3,3,3,1,2,1,5,3,3,2,3,1,5,5,2,5,2,5,3,2,1,1,4,4,2,5,1,1,2,1,4,1,2,1,5,1,2,3,5,3,3,4,3,3,1,3,2,3,86,"[""rule_2""]","{""rule_2"": ""The 'alter' indicates a year (2004) that makes the person under 18, but 'beruf' is 'Studentin / Student', which is a profession requiring adulthood.""}","The data quality is mostly good, but there is an inconsistency between age and profession."
weiblich,keine Angabe,Bayern,Angestellte / Angestellter,mehrmals im Monat,2,3,2,3,2,3,2,5,3,4,3,1,1,2,3,2,5,5,3,4,2,4,3,3,3,2,4,3,3,5,2,1,5,1,3,3,1,2,4,3,2,3,1,2,2,4,3,3,3,3,1,3,2,2,2,100,[],{},The data row meets all the specified data quality rules.
unbekannt,1999,Baden-Württemberg,Angestellte / Angestellter,seltener als einmal pro Monat,2,3,2,1,2,3,2,4,5,4,2,4,1,5,5,4,4,1,3,5,5,4,3,2,5,3,2,2,2,4,3,3,3,1,3,1,1,3,2,3,1,5,2,3,1,3,1,5,3,1,2,2,3,2,3,72,"[""rule_5"", ""rule_2""]","{""rule_5"": ""The 'geschlecht' is 'unbekannt' while 'beruf' is specified as 'Angestellte / Angestellter'."", ""rule_2"": ""The 'alter' indicates a year (1999) that makes the person under 18, but 'beruf' is 'Angestellte / Angestellter', which requires adulthood.""}","The data row has inconsistencies regarding gender and profession, as well as age-related employment suitability."
maennlich,1996,Baden-Württemberg,Studentin / Student,mehrmals pro Woche,2,2,1,1,2,2,3,5,2,5,1,3,3,3,1,2,3,2,1,5,5,4,3,2,2,1,2,2,2,4,3,3,3,2,2,1,2,2,5,1,2,5,3,1,2,3,3,5,5,2,2,1,2,2,3,86,"[""rule_2""]","{""rule_2"": ""The 'alter' indicates a year (1996) that makes the person under 18, but 'beruf' is 'Studentin / Student', which is a profession requiring adulthood.""}","The data quality is mostly acceptable, but there is an inconsistency between age and profession."
maennlich,1999,Baden-Württemberg,Studentin / Student,mehrmals im Monat,3,2,1,1,2,3,2,1,2,3,1,1,1,5,1,4,3,1,2,4,2,2,2,4,3,2,2,3,2,3,3,3,3,1,1,2,4,1,4,3,4,5,2,3,1,4,1,4,3,4,3,1,2,2,1,100,[],{},The data row meets all the plausibility rules.
maennlich,1998,keine Angabe,Studentin / Student,mehrmals im Monat,2,3,2,2,3,3,2,5,1,4,2,2,1,5,3,4,3,5,3,5,5,5,4,3,4,3,2,3,3,3,2,2,3,1,1,2,2,4,1,5,1,3,1,2,2,5,2,5,3,4,3,3,3,4,3,100,[],{},The data row meets all quality standards without any violations.
maennlich,2002,Baden-Württemberg,keine Angabe,mehrmals im Monat,2,3,1,1,3,2,2,1,1,3,1,3,4,3,2,5,2,1,2,4,4,3,3,3,3,5,2,3,4,4,5,2,2,1,1,3,1,3,5,3,2,5,1,2,1,5,2,5,2,5,1,2,2,3,3,100,[],{},The data row meets all specified data quality rules.
weiblich,2000,Baden-Württemberg,Studentin / Student,mehrmals im Monat,2,3,1,1,2,3,2,3,3,3,3,2,1,2,2,4,2,1,1,5,2,3,1,5,3,3,2,5,4,3,2,2,3,2,1,2,2,3,4,3,1,3,1,4,3,5,1,5,4,3,2,4,3,2,3,86,"[""rule_2""]","{""rule_2"": ""The 'alter' indicates a year (2000) that makes the person under 18 (current year is 2023), while 'beruf' is 'Studentin / Student', which is a profession requiring adulthood.""}","The data quality is mostly good, but there is an inconsistency between age and profession."
weiblich,2007,Baden-Württemberg,Schülerin / Schüler,seltener als einmal pro Monat,2,3,1,1,1,2,2,2,1,4,2,1,1,4,2,2,3,4,2,4,4,4,3,3,3,4,3,2,3,5,3,1,5,1,1,1,2,1,5,5,1,5,1,1,1,4,2,5,1,4,2,1,1,2,3,86,"[""rule_2""]","{""rule_2"": ""The 'alter' indicates a year (2007) that makes the person under 18, but 'beruf' is 'Sch\u00fclerin / Sch\u00fcler', which is a profession requiring adulthood.""}","The data quality is mostly acceptable, but there is an inconsistency between age and profession."
maennlich,keine Angabe,Baden-Württemberg,Angestellte / Angestellter,mehrmals im Monat,2,3,1,3,3,3,2,2,1,2,2,4,1,2,2,4,3,1,1,5,4,4,4,3,1,4,4,4,3,3,5,4,4,3,2,1,2,2,3,3,1,1,1,3,3,4,1,4,3,2,1,2,3,1,3,100,[],{},The data row meets all the specified data quality rules.
weiblich,keine Angabe,Baden-Württemberg,keine Angabe,mehrmals im Monat,2,3,1,2,3,3,2,3,3,3,2,1,1,4,2,1,2,2,1,4,5,3,3,1,3,2,2,4,1,2,2,2,5,1,2,2,2,3,2,3,2,3,1,2,2,3,2,3,3,3,4,3,2,2,3,100,[],{},The data row meets all the specified plausibility rules.
weiblich,2001,Baden-Württemberg,Studentin / Student,täglich,2,2,1,2,2,3,2,5,2,1,2,4,2,5,5,5,3,1,3,4,4,5,2,2,1,3,1,5,1,5,4,3,3,1,1,2,1,4,5,3,4,5,1,2,2,5,2,3,3,4,1,1,3,1,2,86,"[""rule_2""]","{""rule_2"": ""The 'alter' indicates a year (2001) that makes the person under 18 (current year 2023), but 'beruf' is 'Studentin / Student', which is a profession requiring adulthood.""}",The data row has one violation related to age and profession consistency.
weiblich,1998,Baden-Württemberg,Studentin / Student,mehrmals pro Woche,1,3,2,1,2,2,3,5,4,4,4,1,5,3,3,3,3,5,1,4,3,3,3,3,3,5,2,5,5,4,4,5,4,1,1,1,1,1,4,5,5,1,3,5,2,3,2,2,1,4,1,2,1,2,3,86,"[""rule_2"", ""rule_6"", ""rule_7""]","{""rule_2"": ""The 'alter' indicates a year (1998) that makes the person 25 years old, but the 'beruf' is 'Studentin / Student', which is acceptable. No violation here."", ""rule_6"": ""The 'involvement_unverzichtbar' (5) is higher than 'involvement_interesse' (5), which is not a violation. No violation here."", ""rule_7"": ""The 'praef_sorte_alkoholfrei' is rated high (5), but 'konsumhaeufigkeit' is 'mehrmals pro Woche', which is a violation.""}","The data quality is generally good, with some inconsistencies noted."
weiblich,2000,Baden-Württemberg,Studentin / Student,einmal pro Monat,2,3,2,1,1,2,2,2,1,4,1,1,1,3,3,4,5,1,3,4,5,4,3,3,5,2,4,3,2,5,3,1,1,1,1,1,5,1,3,4,2,1,1,3,1,3,1,4,3,4,3,2,4,2,4,86,"[""rule_2""]","{""rule_2"": ""The 'alter' indicates a year (2000) that makes the person under 18 (current year 2023), while 'beruf' is 'Studentin / Student', which is inconsistent with being underage.""}","The data quality is mostly good, but there is an inconsistency between age and profession."
weiblich,2003,Bayern,Angestellte / Angestellter,einmal pro Monat,2,2,2,2,3,2,2,3,1,5,1,1,5,4,3,5,3,1,2,4,5,4,3,2,5,2,3,2,2,3,5,1,3,1,1,1,2,1,1,3,1,5,5,4,3,3,2,4,2,3,2,2,1,3,3,72,"[""rule_2"", ""rule_6""]","{""rule_2"": ""The 'alter' indicates a year (2003) that makes the person under 18, but 'beruf' is 'Angestellte / Angestellter', which requires adulthood."", ""rule_6"": ""'involvement_unverzichtbar' (5) is higher than 'involvement_interesse' (3).""}",The data row contains inconsistencies regarding age-related profession requirements and involvement ratings.
maennlich,2001,Baden-Württemberg,Angestellte / Angestellter,täglich,2,3,2,1,2,3,2,1,2,3,5,3,4,5,4,5,5,4,1,5,3,2,3,4,3,2,2,1,2,4,1,3,5,1,1,3,2,2,5,5,1,5,3,1,1,4,1,3,3,3,1,2,1,2,3,72,"[""rule_2""]","{""rule_2"": ""The 'alter' indicates a year (2001) that makes the person under 18, but 'beruf' is 'Angestellte / Angestellter', which requires adulthood.""}",The data quality is acceptable but has one significant violation regarding age and profession consistency.
weiblich,2003,Baden-Württemberg,Studentin / Student,seltener als einmal pro Monat,2,3,2,1,2,3,3,4,5,3,2,1,1,2,4,2,1,3,1,3,2,1,4,1,3,1,4,1,5,3,4,2,2,3,1,1,1,1,5,2,1,5,1,3,2,5,3,1,2,4,3,2,5,2,3,100,[],{},The data row meets all quality standards.
unbekannt,2004,Baden-Württemberg,Angestellte / Angestellter,seltener als einmal pro Monat,3,3,1,1,3,3,2,1,1,3,4,1,1,4,1,2,1,1,1,5,2,2,4,2,4,1,1,5,3,3,2,5,3,1,1,1,2,3,1,3,2,5,1,4,1,5,3,3,1,3,2,2,3,1,3,72,"[""rule_2"", ""rule_5""]","{""rule_2"": ""The 'alter' indicates a year (2004) that makes the person under 18, but 'beruf' is 'Angestellte / Angestellter', which requires adulthood."", ""rule_5"": ""The 'geschlecht' is 'unbekannt' while 'beruf' is specified as 'Angestellte / Angestellter'.""}",The data row contains inconsistencies regarding age-related profession requirements and gender specification.
unbekannt,2000,Baden-Württemberg,Studentin / Student,mehrmals pro Woche,2,3,1,1,2,2,2,5,5,4,3,2,4,4,4,4,1,2,1,5,4,5,2,1,3,2,2,3,2,4,3,3,5,2,3,2,1,2,5,1,1,4,1,2,4,5,2,4,3,5,5,1,1,3,3,72,"[""rule_5""]","{""rule_5"": ""The 'geschlecht' is 'unbekannt' while 'beruf' is specified as 'Studentin / Student'.""}",The data quality is compromised due to an inconsistency between gender and profession.
maennlich,2004,Baden-Württemberg,Studentin / Student,seltener als einmal pro Monat,2,3,1,1,2,3,2,2,1,4,3,3,1,3,3,2,2,4,1,4,1,3,3,2,2,1,2,5,3,4,4,1,5,1,2,1,2,2,3,3,1,5,3,2,1,5,1,3,4,2,1,1,2,2,4,86,"[""rule_2""]","{""rule_2"": ""The 'alter' indicates a year (2004) that makes the person under 18, but 'beruf' is 'Studentin / Student', which is a profession that typically requires adulthood.""}","The data quality is mostly acceptable, with one violation regarding age and profession consistency."
maennlich,2000,Baden-Württemberg,Angestellte / Angestellter,mehrmals pro Woche,2,1,1,1,2,2,2,1,5,4,4,5,4,4,1,5,2,1,1,2,5,3,3,3,1,2,4,3,2,3,3,1,2,2,1,1,1,1,1,3,2,3,1,5,1,1,2,3,4,3,3,2,2,1,3,86,"[""rule_2""]","{""rule_2"": ""The 'alter' indicates a year (2000) that makes the person under 18 (current year 2023), but 'beruf' is 'Angestellte / Angestellter', which requires adulthood.""}","The data quality is mostly acceptable, but there is an inconsistency between age and profession."
maennlich,2007,Bayern,Beamtin / Beamter,mehrmals im Monat,2,3,2,2,1,3,2,3,3,4,2,3,1,2,1,5,3,1,2,3,4,2,2,1,3,4,2,5,2,5,4,2,3,4,1,2,1,2,4,3,2,3,1,5,1,4,1,3,1,4,1,3,2,3,4,72,"[""rule_2""]","{""rule_2"": ""The 'alter' indicates a year (2007) that makes the person under 18, but 'beruf' is 'Beamtin / Beamter', which requires adulthood.""}",The data quality is compromised due to an inconsistency between age and profession.
maennlich,2005,Baden-Württemberg,Studentin / Student,mehrmals im Monat,3,3,1,2,3,3,2,2,2,4,2,3,5,4,4,4,2,4,3,4,2,4,3,3,5,2,2,2,3,3,4,1,4,3,2,2,2,2,2,3,3,3,3,4,2,5,1,5,2,5,2,1,1,3,3,86,"[""rule_2"", ""rule_6""]","{""rule_2"": ""The 'alter' indicates a year (2005) that makes the person under 18, but 'beruf' is 'Studentin / Student', which is a profession that typically requires adulthood."", ""rule_6"": ""The 'involvement_unverzichtbar' (5) is higher than 'involvement_interesse' (2).""}",The data row has two quality issues related to age and involvement ratings.
maennlich,2002,Baden-Württemberg,Angestellte / Angestellter,mehrmals im Monat,2,2,1,2,3,3,2,2,3,3,1,1,1,4,4,4,2,4,2,5,3,3,2,2,2,4,2,5,2,3,3,2,3,1,1,1,1,4,3,4,1,5,1,1,4,3,2,3,1,4,2,1,2,2,1,72,"[""rule_2""]","{""rule_2"": ""The 'alter' indicates a year (2002) that makes the person under 18, but 'beruf' is 'Angestellte / Angestellter', which requires adulthood.""}",The data row has one violation related to age and profession consistency.
weiblich,keine Angabe,Baden-Württemberg,Angestellte / Angestellter,seltener als einmal pro Monat,3,3,2,2,2,3,2,2,5,3,2,1,1,4,4,3,3,1,2,4,2,2,2,4,3,4,1,3,2,1,4,1,4,1,2,1,1,3,1,3,5,3,1,1,2,4,2,4,2,3,2,3,2,2,3,100,[],{},The data row meets all specified plausibility rules.
maennlich,2000,Baden-Württemberg,Schülerin / Schüler,seltener als einmal pro Monat,1,2,2,2,3,3,3,2,2,3,2,5,1,3,3,3,2,1,1,5,4,3,3,3,1,4,2,4,2,3,4,2,5,1,1,2,2,1,4,3,2,1,3,1,4,4,1,3,2,3,2,2,2,2,5,100,[],{},The data row meets all quality standards.
weiblich,1998,keine Angabe,Angestellte / Angestellter,seltener als einmal pro Monat,2,3,1,1,3,2,2,5,3,5,2,5,5,5,1,5,4,3,3,5,2,4,3,2,4,3,2,3,2,4,5,2,5,5,1,1,1,1,4,3,3,5,1,2,1,5,3,5,3,4,2,3,1,2,3,86,"[""rule_2""]","{""rule_2"": ""The 'alter' indicates a year (1998) that makes the person under 18, but 'beruf' is 'Angestellte / Angestellter', which requires adulthood.""}",The data row has one violation related to age and profession consistency.
weiblich,1999,Baden-Württemberg,Studentin / Student,seltener als einmal pro Monat,2,3,1,2,1,3,2,4,1,3,4,1,5,2,3,5,3,1,2,3,5,4,2,2,4,2,3,2,2,2,2,4,5,1,2,2,1,2,2,3,5,4,2,3,5,4,2,4,3,3,3,2,1,2,3,86,"[""rule_2"", ""rule_6"", ""rule_7""]","{""rule_2"": ""The 'alter' indicates a year (1999) that makes the person under 18, but 'beruf' is 'Studentin / Student', which is acceptable for someone under 18, so this rule is not violated."", ""rule_6"": ""The 'involvement_unverzichtbar' (5) is higher than 'involvement_interesse' (4), which violates the rule."", ""rule_7"": ""The 'praef_sorte_alkoholfrei' (4) is high, but 'konsumhaeufigkeit' is 'seltener als einmal pro Monat', which is acceptable, so this rule is not violated.""}","The data quality is generally good, with a few inconsistencies noted."
weiblich,1998,Baden-Württemberg,Schülerin / Schüler,einmal pro Monat,3,3,1,2,3,3,3,3,5,3,1,5,3,4,3,5,1,1,3,5,2,3,2,2,3,3,3,2,1,3,3,1,3,1,1,1,1,3,4,1,1,5,1,2,5,4,1,5,3,3,3,5,2,2,1,100,[],{},The data row meets all the plausibility rules.
maennlich,keine Angabe,Baden-Württemberg,Angestellte / Angestellter,seltener als einmal pro Monat,2,3,3,2,1,1,3,1,3,4,2,2,1,4,2,4,1,1,1,4,4,4,3,2,3,3,3,3,2,3,4,3,5,1,1,2,3,2,5,3,2,3,2,1,3,3,2,5,1,3,2,3,5,2,3,100,[],{},The data row meets all the specified data quality rules.
maennlich,1999,keine Angabe,Studentin / Student,einmal pro Monat,2,3,1,1,2,3,2,1,2,2,2,1,2,5,4,3,2,3,4,5,4,3,2,2,1,3,4,5,3,3,2,3,2,1,4,1,2,4,3,3,1,5,1,2,2,3,2,3,3,2,2,1,2,1,3,86,[],{},The data row meets all plausibility rules.
unbekannt,1996,Baden-Württemberg,Schülerin / Schüler,einmal pro Monat,2,2,1,1,2,3,3,1,2,3,2,2,1,5,1,3,4,3,1,5,4,4,3,2,3,2,4,5,5,2,4,3,4,1,4,2,1,2,4,4,1,5,3,2,1,5,2,3,2,3,1,3,1,2,3,86,"[""rule_5""]","{""rule_5"": ""The 'geschlecht' column is 'unbekannt' while 'beruf' is specified as 'Sch\u00fclerin / Sch\u00fcler'.""}","The data quality is mostly acceptable, but there is an inconsistency between gender and profession."
weiblich,1999,Baden-Württemberg,Studentin / Student,mehrmals pro Woche,2,3,1,1,3,3,2,5,4,5,4,2,1,3,3,3,2,5,1,5,2,3,2,3,5,4,3,3,3,2,4,4,3,1,2,1,2,3,5,3,1,1,3,1,2,2,1,3,4,3,2,5,4,2,3,86,"[""rule_2"", ""rule_7""]","{""rule_2"": ""The 'alter' indicates a year (1999) that makes the person under 18, but 'beruf' is 'Studentin / Student', which is a profession requiring adulthood."", ""rule_7"": ""The 'praef_sorte_alkoholfrei' is rated high (4), but 'konsumhaeufigkeit' is 'mehrmals pro Woche', which is inconsistent.""}",The data quality is good but has some inconsistencies regarding age-related profession and preferences.
weiblich,2002,Baden-Württemberg,Angestellte / Angestellter,mehrmals im Monat,2,3,1,2,3,2,3,1,2,3,1,1,1,5,5,4,1,1,1,5,5,4,5,1,3,2,4,2,3,3,4,1,4,1,1,1,2,2,4,2,2,4,1,2,2,5,3,1,4,5,1,2,2,3,3,86,"[""rule_2""]","{""rule_2"": ""The 'alter' indicates a year (2002) that makes the person under 18, but 'beruf' is 'Angestellte / Angestellter', which requires adulthood.""}",The data row has one violation related to age and profession consistency.
weiblich,2001,Baden-Württemberg,Studentin / Student,mehrmals im Monat,2,3,2,2,1,2,3,4,2,5,4,1,5,3,1,2,2,2,2,5,4,4,2,3,3,2,2,5,3,3,5,1,5,2,1,1,3,3,1,5,1,5,3,4,1,3,2,4,2,5,3,2,3,2,3,86,"[""rule_2"", ""rule_6""]","{""rule_2"": ""The 'alter' indicates a year (2001) that makes the person under 18 (current year is 2023), but 'beruf' is 'Studentin / Student', which is acceptable for someone under 18, so this rule is not violated."", ""rule_6"": ""The 'involvement_unverzichtbar' (5) is higher than 'involvement_interesse' (4), which violates the rule.""}",The data quality is mostly acceptable with some inconsistencies in involvement ratings.
weiblich,2003,Baden-Württemberg,keine Angabe,mehrmals im Monat,3,3,2,1,2,2,3,4,3,5,2,5,1,2,5,4,2,4,4,5,4,4,3,3,3,2,2,5,1,3,1,2,4,1,1,1,2,5,4,4,1,5,4,4,3,3,2,3,1,4,1,3,3,2,3,100,[],{},The data row meets all the specified data quality rules.
maennlich,2004,Baden-Württemberg,Studentin / Student,seltener als einmal pro Monat,2,3,1,1,2,3,2,1,1,3,1,2,1,3,1,3,1,1,3,5,3,4,3,3,3,5,5,2,3,4,2,4,3,1,2,1,5,1,2,3,2,5,2,1,2,1,3,3,1,4,1,3,4,1,5,86,"[""rule_2""]","{""rule_2"": ""The 'alter' indicates a year (2004) that makes the person under 18, but 'beruf' is 'Studentin / Student', which is a profession requiring adulthood.""}",The data row has one violation related to age and profession consistency.
maennlich,2002,Baden-Württemberg,Schülerin / Schüler,mehrmals im Monat,2,3,1,1,3,2,2,2,2,5,3,3,1,5,3,4,3,3,3,4,4,3,4,3,1,5,2,1,2,3,4,2,1,1,2,1,1,3,3,2,1,3,1,1,1,4,2,2,2,2,1,1,2,2,3,86,[],{},The data row meets all the plausibility rules.
maennlich,2004,keine Angabe,Studentin / Student,mehrmals im Monat,3,3,2,2,1,2,3,2,3,1,2,3,2,3,5,3,2,1,4,5,4,2,2,2,3,2,3,5,3,1,3,4,4,2,1,2,1,1,4,1,4,1,3,1,3,3,2,3,3,4,2,3,2,2,2,86,"[""rule_2"", ""rule_7""]","{""rule_2"": ""The 'alter' indicates a year (2004) that makes the person under 18, but 'beruf' is 'Studentin / Student', which is a profession requiring adulthood."", ""rule_7"": ""The 'praef_sorte_alkoholfrei' is rated high (4), but 'konsumhaeufigkeit' is 'mehrmals im Monat', which is inconsistent.""}",The data quality is good but has some inconsistencies regarding age-related profession and preferences.
unbekannt,keine Angabe,Baden-Württemberg,Angestellte / Angestellter,mehrmals im Monat,2,3,2,2,2,3,3,4,2,2,1,3,2,4,3,4,2,1,1,3,4,3,1,3,3,2,1,1,2,4,4,2,3,1,1,1,1,4,4,4,1,4,1,2,2,5,1,3,3,2,3,3,3,2,1,86,"[""rule_5"", ""rule_2""]","{""rule_5"": ""The 'geschlecht' is 'unbekannt' while 'beruf' is specified as 'Angestellte / Angestellter'."", ""rule_2"": ""The 'alter' is 'keine Angabe', so it cannot be determined if the person is under 18, but the profession suggests adulthood.""}","The data quality is compromised due to inconsistencies between gender and profession, as well as potential age-related implications."
unbekannt,2002,Baden-Württemberg,keine Angabe,mehrmals im Monat,2,3,2,2,2,3,3,4,2,4,4,5,1,3,1,5,4,2,3,5,2,4,3,4,5,1,1,3,2,3,2,2,1,1,2,2,1,1,4,3,5,5,1,1,4,5,2,5,3,3,3,3,3,2,4,86,"[""rule_5""]","{""rule_5"": ""The 'geschlecht' column is 'unbekannt' while 'beruf' is specified as 'keine Angabe', which does not violate the rule. However, if 'beruf' were specified differently, it would have been a violation.""}","The data quality is generally good, with one potential inconsistency regarding gender and profession."
unbekannt,1995,Baden-Württemberg,Studentin / Student,mehrmals pro Woche,3,3,2,1,2,2,1,4,1,4,4,3,1,4,5,4,1,2,2,5,4,3,2,5,3,1,1,3,3,2,4,2,3,1,3,1,2,4,5,3,1,3,1,3,1,3,1,3,2,3,2,1,3,2,3,86,"[""rule_5""]","{""rule_5"": ""The 'geschlecht' column is 'unbekannt' while 'beruf' is specified as 'Studentin / Student'.""}",The data row has a violation regarding the gender specification in relation to the profession.
weiblich,keine Angabe,Baden-Württemberg,Beamtin / Beamter,einmal pro Monat,2,2,2,1,3,3,1,4,1,4,2,3,1,3,2,4,5,5,1,4,2,4,1,5,2,2,3,2,2,5,4,4,3,1,1,1,1,1,2,3,2,4,1,2,2,5,1,3,1,3,4,3,1,2,4,100,[],{},The data row meets all specified plausibility rules.
weiblich,2004,Baden-Württemberg,Studentin / Student,mehrmals im Monat,2,3,1,1,3,2,2,2,1,5,5,1,1,4,2,4,2,4,2,4,2,4,4,3,4,3,4,4,4,3,5,2,2,1,1,2,1,1,5,2,3,5,1,3,1,2,2,2,5,2,2,2,3,2,4,86,"[""rule_2""]","{""rule_2"": ""The 'alter' indicates a year (2004) that makes the person under 18 (current year is 2023), but 'beruf' is 'Studentin / Student', which is a profession requiring adulthood.""}","The data quality is mostly acceptable, but there is an inconsistency between age and profession."
maennlich,keine Angabe,Baden-Württemberg,Angestellte / Angestellter,einmal pro Monat,2,3,1,1,2,3,3,2,2,3,3,3,4,4,5,3,3,1,2,5,1,3,3,1,3,3,4,4,2,3,3,1,3,1,5,1,1,4,4,3,5,4,1,2,5,3,3,5,3,1,2,4,3,2,4,100,[],{},The data row meets all specified plausibility rules.
maennlich,2000,Baden-Württemberg,Studentin / Student,mehrmals im Monat,2,3,1,1,3,3,3,2,5,5,2,3,2,3,3,1,4,1,2,5,4,5,5,1,3,4,4,4,3,3,3,4,2,1,1,1,2,1,4,3,1,4,2,2,3,5,2,3,5,3,2,2,1,1,3,100,[],{},The data row meets all the plausibility rules.
maennlich,2003,Baden-Württemberg,Beamtin / Beamter,mehrmals im Monat,2,3,2,1,3,3,2,2,5,4,3,2,5,3,2,4,3,1,1,5,5,1,3,2,2,2,4,2,1,3,4,4,5,3,1,1,1,2,4,5,2,5,1,5,2,2,4,1,4,2,1,1,2,2,4,72,"[""rule_2"", ""rule_6"", ""rule_7""]","{""rule_2"": ""The 'alter' indicates a year (2003) that makes the person under 18, but 'beruf' is 'Beamtin / Beamter', which requires adulthood."", ""rule_6"": ""The 'involvement_unverzichtbar' (5) is higher than 'involvement_interesse' (2)."", ""rule_7"": ""The 'praef_sorte_alkoholfrei' (4) is high, but 'konsumhaeufigkeit' is 'mehrmals im Monat', which is inconsistent.""}",The data quality is compromised due to multiple rule violations.
maennlich,2000,Baden-Württemberg,Studentin / Student,einmal pro Monat,2,3,1,1,3,3,3,2,2,5,2,4,1,2,1,4,3,2,3,4,4,4,2,2,5,3,2,3,2,4,3,3,3,3,1,1,1,4,4,2,1,5,1,1,5,4,2,3,2,3,1,2,3,2,3,100,[],{},The data row meets all specified data quality rules.
weiblich,1998,Baden-Württemberg,Studentin / Student,mehrmals im Monat,2,3,1,2,2,3,2,2,3,3,2,1,1,4,3,1,4,4,1,4,3,3,4,1,3,3,5,4,3,4,2,2,3,1,1,1,3,1,1,4,2,1,3,1,3,5,1,4,5,5,1,2,2,3,3,100,[],{},The data row meets all the plausibility rules.
maennlich,2005,Baden-Württemberg,keine Angabe,mehrmals pro Woche,2,3,1,1,1,2,1,1,3,4,1,1,2,5,3,4,3,1,1,4,3,4,3,4,5,4,1,4,2,4,3,4,1,4,1,1,1,2,4,3,2,3,1,3,4,5,4,3,3,1,2,2,4,2,3,100,[],{},The data row meets all quality standards with no violations.
maennlich,2004,Baden-Württemberg,ohne Beschäftigung,täglich,2,3,1,2,2,3,2,1,3,5,1,1,1,3,4,2,2,1,1,4,5,2,2,2,1,3,2,5,2,3,4,1,5,2,1,2,2,3,3,5,2,4,1,4,1,5,1,2,5,5,2,2,1,2,4,86,"[""rule_2""]","{""rule_2"": ""The 'alter' indicates a year (2004) that makes the person under 18, but 'beruf' is 'ohne Besch\u00e4ftigung', which is not a violation.""}",The data row has one violation related to age and profession consistency.
maennlich,1995,Baden-Württemberg,Angestellte / Angestellter,mehrmals pro Woche,3,3,1,1,3,2,3,5,2,4,5,1,2,4,2,2,2,1,1,5,5,4,5,3,4,2,5,5,3,3,2,1,1,4,3,2,4,1,1,1,4,2,1,2,3,5,4,4,1,5,3,2,2,3,4,72,"[""rule_2""]","{""rule_2"": ""The 'alter' indicates a year (1995) that makes the person under 18, but 'beruf' is 'Angestellte / Angestellter', which requires adulthood.""}",The data row has one violation related to age and profession consistency.
weiblich,1998,Baden-Württemberg,Studentin / Student,mehrmals im Monat,3,3,2,1,2,3,2,5,5,3,2,1,3,4,1,4,2,5,2,5,1,5,2,2,3,2,1,5,3,4,3,4,3,1,1,1,1,1,5,2,2,5,1,2,3,3,1,1,1,4,1,2,2,2,3,100,[],{},The data row meets all the specified data quality rules.
weiblich,2005,Baden-Württemberg,Angestellte / Angestellter,mehrmals pro Woche,2,3,1,1,2,1,1,2,3,4,1,3,1,4,3,1,2,3,3,5,4,3,5,2,3,3,5,3,2,3,3,1,4,2,2,1,1,5,2,5,1,4,3,2,1,4,1,3,1,5,4,2,1,2,3,72,"[""rule_2""]","{""rule_2"": ""The 'alter' indicates a year (2005) that makes the person under 18, but 'beruf' is 'Angestellte / Angestellter', which requires adulthood.""}",The data row has one violation related to age and profession consistency.
weiblich,2004,Baden-Württemberg,Studentin / Student,einmal pro Monat,2,3,1,2,2,2,3,4,3,4,3,4,4,2,1,2,2,3,3,5,2,4,5,3,3,2,1,1,3,3,3,1,1,1,5,2,3,1,4,4,1,5,1,2,1,4,2,4,3,2,4,3,2,2,3,86,"[""rule_2""]","{""rule_2"": ""The 'alter' indicates a year (2004) that makes the person under 18, but 'beruf' is 'Studentin / Student', which is a profession requiring adulthood.""}",The data row has one violation related to age and profession consistency.
weiblich,2002,Bayern,Studentin / Student,mehrmals im Monat,2,3,1,1,2,3,2,4,2,4,4,5,1,1,3,3,3,2,1,5,4,3,3,2,2,3,2,4,3,3,4,3,5,4,1,1,1,4,1,5,1,4,1,5,2,4,4,2,4,3,2,2,3,3,4,100,[],{},The data row meets all quality standards without any violations.
weiblich,2004,Baden-Württemberg,Studentin / Student,mehrmals im Monat,2,1,1,1,2,2,2,1,3,4,3,2,2,5,4,3,4,2,1,4,5,4,4,4,5,2,1,4,2,4,4,2,3,1,1,2,2,1,3,3,2,4,1,2,3,3,1,4,1,5,1,1,3,2,2,86,"[""rule_2""]","{""rule_2"": ""The 'alter' indicates a year (2004) that makes the person under 18 (current year is 2023), but 'beruf' is 'Studentin / Student', which is a profession requiring adulthood.""}","The data quality is mostly good, but there is an inconsistency between age and profession."
unbekannt,2003,Baden-Württemberg,Studentin / Student,mehrmals pro Woche,2,2,2,3,2,2,2,5,1,4,4,1,4,1,3,5,3,1,4,4,3,3,4,3,5,4,4,3,2,4,5,4,5,1,1,1,1,1,4,4,1,2,1,3,3,5,2,3,1,2,2,3,3,2,1,72,"[""rule_5"", ""rule_2"", ""rule_4""]","{""rule_5"": ""The 'geschlecht' is 'unbekannt' while 'beruf' is specified as 'Studentin / Student'."", ""rule_2"": ""The 'alter' indicates a year (2003) that makes the person under 18, but 'beruf' is 'Studentin / Student', which is inconsistent."", ""rule_4"": ""The 'alkoholverzicht_wichtig' is rated high (4), but 'konsumhaeufigkeit' is 'mehrmals pro Woche', which is inconsistent.""}","The data quality is compromised due to multiple inconsistencies regarding age, gender, and consumption habits."
maennlich,2007,Baden-Württemberg,Studentin / Student,mehrmals im Monat,2,3,1,1,3,3,2,5,4,4,2,1,5,1,5,4,2,2,2,5,4,2,4,3,4,4,2,2,3,3,3,1,3,2,3,3,1,1,2,3,1,2,3,2,2,1,4,2,3,3,1,5,3,2,3,86,"[""rule_2""]","{""rule_2"": ""The 'alter' indicates a year (2007) that makes the person under 18, but 'beruf' is 'Studentin / Student', which is a profession requiring adulthood.""}","The data quality is mostly acceptable, but there is an inconsistency between age and profession."
weiblich,keine Angabe,Baden-Württemberg,Studentin / Student,täglich,2,3,2,3,3,2,3,5,5,3,4,1,1,5,3,4,3,3,5,5,4,3,2,3,2,3,4,5,2,3,3,1,1,1,1,4,2,2,3,3,1,4,2,2,3,5,1,3,4,5,1,2,1,2,2,100,[],{},The data row meets all quality standards.
maennlich,2002,Baden-Württemberg,Studentin / Student,mehrmals im Monat,2,3,2,3,1,3,2,1,1,3,2,4,1,3,3,4,5,1,2,5,3,2,1,3,5,4,2,4,2,3,3,3,3,3,2,2,1,1,3,3,1,5,1,1,3,5,1,4,2,4,2,2,2,2,3,86,"[""rule_2""]","{""rule_2"": ""The 'alter' indicates a year (2002) that makes the person under 18, but 'beruf' is 'Studentin / Student', which is a profession requiring adulthood.""}","The data quality is mostly acceptable, with one violation related to age and profession consistency."
maennlich,2004,keine Angabe,Studentin / Student,mehrmals im Monat,2,2,1,1,3,3,3,2,1,3,1,1,2,4,4,2,4,1,2,5,1,3,3,5,5,5,3,2,2,2,5,3,4,4,1,1,3,1,1,5,1,4,1,1,3,5,1,4,5,3,4,2,2,2,3,86,"[""rule_2""]","{""rule_2"": ""The 'alter' indicates a year (2004) that makes the person under 18, but 'beruf' is 'Studentin / Student', which is a profession requiring adulthood.""}","The data quality is mostly acceptable, but there is an inconsistency between age and profession."
maennlich,2002,Baden-Württemberg,Studentin / Student,mehrmals im Monat,2,3,2,1,3,3,3,3,3,1,4,3,3,1,3,2,1,5,1,5,4,5,3,3,2,3,3,4,3,3,5,1,5,3,1,1,2,1,4,3,1,4,5,4,2,4,3,5,4,4,1,3,1,3,3,86,"[""rule_2""]","{""rule_2"": ""The 'alter' indicates a year (2002) that makes the person under 18, but 'beruf' is 'Studentin / Student', which is a profession requiring adulthood.""}",The data row has one violation related to age and profession consistency.
weiblich,keine Angabe,Baden-Württemberg,Schülerin / Schüler,seltener als einmal pro Monat,2,3,1,1,2,3,2,5,2,3,4,1,1,3,1,4,3,2,1,2,4,2,1,2,3,4,1,4,4,3,3,2,3,2,1,1,2,1,4,4,1,5,1,3,2,3,2,4,4,4,3,1,2,2,4,100,[],{},The data row meets all specified plausibility rules.
weiblich,1999,Baden-Württemberg,keine Angabe,mehrmals im Monat,2,3,2,1,3,2,2,3,3,5,2,3,1,1,1,4,5,4,1,4,2,5,2,2,4,2,2,3,2,3,5,4,4,1,1,2,2,5,5,5,2,5,2,2,3,5,1,4,5,5,2,2,2,1,2,100,[],{},The data row meets all the specified data quality rules.
weiblich,2002,Baden-Württemberg,Angestellte / Angestellter,täglich,2,3,1,1,3,2,2,4,2,3,1,2,1,5,1,3,2,5,1,4,5,3,2,3,5,2,2,3,3,2,4,2,3,3,1,5,1,5,5,5,2,4,2,2,2,4,1,4,3,2,1,1,2,2,3,72,"[""rule_2""]","{""rule_2"": ""The 'alter' indicates a year (2002) that makes the person under 18 (current year is 2023), but 'beruf' is 'Angestellte / Angestellter', which requires adulthood.""}",The data row has one violation related to age and profession consistency.
weiblich,2002,Baden-Württemberg,keine Angabe,seltener als einmal pro Monat,3,2,2,2,2,3,2,2,4,3,2,2,1,4,3,2,1,5,1,5,5,4,1,2,3,2,4,2,5,3,4,4,1,2,5,5,2,1,1,3,1,3,1,1,3,4,2,5,4,3,2,2,1,2,3,100,[],{},The data row meets all the plausibility rules.
maennlich,2005,Baden-Württemberg,in Ausbildung/im Freiwilligendienst,mehrmals im Monat,3,3,2,1,3,2,2,4,1,3,3,4,3,5,5,4,3,2,2,4,5,4,2,2,5,3,3,4,2,3,3,3,5,1,1,2,1,2,2,3,1,1,1,2,3,5,1,3,4,3,2,2,4,2,5,86,"[""rule_2""]","{""rule_2"": ""The 'alter' indicates a year (2005) that makes the person under 18, but 'beruf' is 'in Ausbildung/im Freiwilligendienst', which is inconsistent with being underage.""}","The data quality is mostly good, but there is an inconsistency between age and profession."
weiblich,2003,Nordrhein-Westfalen,Angestellte / Angestellter,seltener als einmal pro Monat,2,2,2,1,2,2,3,5,3,5,2,4,2,3,4,4,3,2,1,3,4,2,4,2,3,2,2,4,3,3,2,2,2,4,1,2,2,3,3,4,1,2,3,2,3,5,1,3,2,3,1,1,3,2,2,86,"[""rule_2""]","{""rule_2"": ""The 'alter' indicates a year (2003) that makes the person under 18, but 'beruf' is 'Angestellte / Angestellter', which requires adulthood.""}",The data row has one violation related to age and profession consistency.
weiblich,2003,Baden-Württemberg,Studentin / Student,mehrmals im Monat,3,3,1,1,3,3,2,2,3,4,4,5,4,4,4,4,3,4,1,4,3,5,1,2,5,2,4,3,2,3,2,1,3,1,1,2,3,3,3,4,1,5,3,2,1,5,1,2,5,3,2,2,4,4,2,86,"[""rule_2""]","{""rule_2"": ""The 'alter' indicates a year (2003) that makes the person under 18, but 'beruf' is 'Studentin / Student', which is a profession requiring adulthood.""}",The data row has one violation related to age and profession consistency.
unbekannt,1998,Baden-Württemberg,Angestellte / Angestellter,seltener als einmal pro Monat,3,3,2,2,3,3,2,4,2,5,2,1,2,3,2,4,2,4,5,5,3,4,3,2,3,3,2,4,1,5,4,2,3,1,4,2,3,1,3,3,2,5,1,4,2,3,2,3,4,5,2,3,3,2,1,72,"[""rule_2"", ""rule_5""]","{""rule_2"": ""The 'alter' indicates a year (1998) that makes the person under 18, but 'beruf' is 'Angestellte / Angestellter', which requires adulthood."", ""rule_5"": ""The 'geschlecht' is 'unbekannt' while 'beruf' is specified as 'Angestellte / Angestellter'.""}",The data row has inconsistencies regarding age-related profession requirements and gender specification.
maennlich,1996,Baden-Württemberg,Studentin / Student,seltener als einmal pro Monat,3,3,1,1,2,3,1,4,4,3,2,1,1,4,4,4,2,2,1,5,3,2,1,2,3,4,3,5,3,3,4,1,3,3,2,1,3,4,4,5,1,4,2,1,2,3,3,2,2,3,2,2,3,4,2,100,[],{},The data row meets all specified data quality rules.
weiblich,2000,Baden-Württemberg,Studentin / Student,mehrmals im Monat,2,3,2,2,3,3,1,4,2,4,2,2,1,1,3,2,3,1,4,5,4,4,5,2,2,3,1,4,4,5,2,1,3,1,1,1,1,1,3,3,1,3,1,2,5,2,1,3,1,4,2,2,1,4,2,86,"[""rule_2"", ""rule_4""]","{""rule_2"": ""The 'alter' indicates a year (2000) that makes the person under 18 (current year is 2023), and 'beruf' is 'Studentin / Student', which is a profession requiring adulthood."", ""rule_4"": ""The 'alkoholverzicht_wichtig' is rated high (4), but 'konsumhaeufigkeit' is 'mehrmals im Monat', which is inconsistent.""}","The data quality is compromised due to inconsistencies between age and profession, as well as between alcohol abstinence importance and consumption frequency."
maennlich,2003,Baden-Württemberg,Studentin / Student,seltener als einmal pro Monat,1,3,2,2,2,3,1,4,1,3,3,2,2,3,3,1,4,2,5,4,4,4,4,3,3,2,1,5,4,3,4,1,2,2,2,1,2,4,3,1,2,3,2,3,1,4,1,3,5,5,3,3,1,2,3,86,"[""rule_2"", ""rule_4""]","{""rule_2"": ""The 'alter' indicates a year (2003) that makes the person under 18, but 'beruf' is 'Studentin / Student', which is a profession requiring adulthood."", ""rule_4"": ""The 'alkoholverzicht_wichtig' is rated high (5), but 'konsumhaeufigkeit' is 'seltener als einmal pro Monat', which is inconsistent with the high importance of alcohol abstinence.""}","The data quality is compromised due to inconsistencies between age and profession, as well as between alcohol abstinence importance and consumption frequency."
weiblich,1999,Baden-Württemberg,Schülerin / Schüler,seltener als einmal pro Monat,2,3,2,2,3,3,2,4,3,3,2,5,2,1,1,2,3,3,1,4,4,4,4,4,3,4,2,4,5,5,3,5,1,5,4,1,1,1,5,5,5,4,1,3,2,2,2,3,1,5,3,2,2,2,3,100,[],{},The data row meets all the specified data quality rules.
maennlich,2002,Baden-Württemberg,Schülerin / Schüler,mehrmals im Monat,1,3,1,1,2,2,2,5,2,3,1,5,1,3,1,5,3,5,1,4,2,3,1,3,3,2,2,4,2,4,5,2,3,1,1,2,1,2,1,3,1,3,1,1,1,4,1,3,1,1,2,3,4,2,3,86,[],{},The data row meets all the plausibility rules.
weiblich,1998,Baden-Württemberg,Studentin / Student,mehrmals im Monat,2,3,1,1,2,3,1,5,2,4,1,2,5,4,3,2,2,1,2,4,2,5,1,2,2,3,4,4,2,4,2,2,1,3,2,2,1,4,4,3,2,5,2,2,3,4,1,5,1,3,1,1,1,3,3,86,"[""rule_2"", ""rule_6""]","{""rule_2"": ""The 'alter' indicates a year (1998) that makes the person under 18, but 'beruf' is 'Studentin / Student', which is a profession requiring adulthood."", ""rule_6"": ""The 'involvement_unverzichtbar' (5) is higher than 'involvement_interesse' (5), which is inconsistent.""}","The data row has some inconsistencies regarding age and profession, as well as involvement ratings."
weiblich,2001,Baden-Württemberg,Studentin / Student,mehrmals im Monat,2,3,1,2,3,3,2,1,2,5,1,1,2,5,3,4,2,3,4,4,1,4,3,3,4,4,2,4,2,3,4,4,5,2,1,2,2,1,4,5,2,1,1,5,5,4,3,1,3,3,2,2,2,2,1,86,"[""rule_2"", ""rule_4"", ""rule_7""]","{""rule_2"": ""The 'alter' indicates a year (2001) that makes the person under 18, but 'beruf' is 'Studentin / Student', which is a profession requiring adulthood."", ""rule_4"": ""The 'alkoholverzicht_wichtig' is rated high (4), but 'konsumhaeufigkeit' is 'mehrmals im Monat', which is inconsistent."", ""rule_7"": ""The 'praef_sorte_alkoholfrei' is rated high (4), but 'konsumhaeufigkeit' is 't\u00e4glich', which is inconsistent.""}","The data quality is compromised due to multiple rule violations regarding age, consumption frequency, and preferences."
weiblich,2002,Baden-Württemberg,keine Angabe,mehrmals im Monat,2,3,2,3,1,2,2,1,2,2,1,3,2,2,2,2,2,1,3,5,1,1,4,3,2,3,2,5,2,3,4,4,3,1,5,2,1,4,2,3,2,3,3,3,2,3,2,2,3,2,4,2,1,2,3,100,[],{},The data row meets all the plausibility rules.
weiblich,1996,Baden-Württemberg,Studentin / Student,mehrmals im Monat,2,2,2,1,3,2,1,3,4,3,2,1,2,4,3,5,3,4,4,5,4,5,2,2,4,4,1,4,2,3,4,1,3,4,1,1,1,1,1,4,1,5,1,5,3,4,3,5,1,3,2,4,1,1,3,86,"[""rule_2"", ""rule_4""]","{""rule_2"": ""The 'alter' indicates a year (1996) that makes the person under 18, but 'beruf' is 'Studentin / Student', which is a profession requiring adulthood."", ""rule_4"": ""The 'alkoholverzicht_wichtig' is rated high (4), but 'konsumhaeufigkeit' is 'mehrmals im Monat', which is inconsistent.""}","The data quality is compromised due to inconsistencies between age and profession, as well as between alcohol abstinence importance and consumption frequency."
unbekannt,keine Angabe,Baden-Württemberg,keine Angabe,mehrmals im Monat,2,2,1,1,2,3,3,2,3,3,4,3,2,1,3,4,4,1,2,4,3,3,2,2,3,2,4,3,2,3,1,2,2,1,1,1,1,2,5,3,1,5,1,3,2,4,1,3,2,5,1,2,3,2,3,100,[],{},The data row meets all the plausibility rules.
maennlich,2004,Baden-Württemberg,Studentin / Student,mehrmals pro Woche,3,3,2,2,3,2,1,2,1,3,2,2,1,1,1,5,2,3,2,4,4,3,5,4,4,4,1,4,3,2,4,2,2,5,2,2,2,4,4,3,1,4,1,2,1,2,4,5,5,4,2,3,3,1,4,86,"[""rule_2""]","{""rule_2"": ""The 'alter' indicates a year (2004) that makes the person under 18, but 'beruf' is 'Studentin / Student', which is a profession that typically requires adulthood.""}","The data quality is mostly good, but there is an inconsistency between age and profession."
maennlich,1995,keine Angabe,keine Angabe,mehrmals pro Woche,2,1,2,2,3,3,2,2,1,4,4,2,2,4,3,4,4,1,1,5,5,4,3,2,2,5,2,4,3,3,4,5,1,1,1,1,3,1,3,4,1,2,1,4,3,5,2,3,1,1,3,3,3,2,3,100,[],{},The data row meets all the plausibility rules.
weiblich,1996,Baden-Württemberg,ohne Beschäftigung,seltener als einmal pro Monat,3,3,1,2,2,3,2,5,2,4,4,4,2,3,4,5,2,4,1,5,5,4,4,1,3,5,4,4,1,2,5,2,4,1,1,2,2,1,4,5,2,4,1,3,1,3,2,2,1,5,1,1,4,2,4,100,[],{},The data row meets all specified data quality rules.
weiblich,2002,Baden-Württemberg,Studentin / Student,seltener als einmal pro Monat,3,3,1,2,3,2,1,3,2,4,2,2,1,4,1,2,2,4,4,3,2,5,2,2,3,3,3,3,5,3,3,3,4,1,2,3,1,4,2,3,1,1,4,2,5,1,1,2,3,4,2,3,3,2,3,100,[],{},The data row meets all quality standards.
maennlich,2003,Baden-Württemberg,Studentin / Student,einmal pro Monat,2,3,1,1,3,1,2,1,1,4,3,3,1,1,3,2,2,1,1,4,5,5,5,2,5,3,2,3,1,4,3,5,1,1,1,1,1,1,5,4,1,5,2,1,2,5,3,3,3,4,3,3,3,2,1,86,"[""rule_2"", ""rule_7""]","{""rule_2"": ""The 'alter' indicates a year (2003) that makes the person under 18, but 'beruf' is 'Studentin / Student', which is inconsistent with being underage."", ""rule_7"": ""The 'praef_sorte_alkoholfrei' is rated high (5), but 'konsumhaeufigkeit' is 'einmal pro Monat', which is inconsistent with the preference.""}",The data row has some inconsistencies regarding age-related profession and preferences.
weiblich,2000,Baden-Württemberg,keine Angabe,mehrmals im Monat,2,3,1,2,3,2,1,2,5,4,1,1,5,4,3,3,3,2,1,3,4,5,2,1,5,2,4,2,2,3,3,3,5,2,1,2,3,4,4,3,1,4,2,2,2,3,2,3,1,3,3,2,1,2,3,100,[],{},The data row meets all quality standards without any violations.
maennlich,2003,Baden-Württemberg,Studentin / Student,mehrmals im Monat,2,3,1,2,3,2,2,3,3,3,1,1,1,4,5,4,1,2,1,4,4,3,3,2,3,4,3,5,3,3,4,3,4,2,1,1,1,4,4,3,2,3,2,2,1,5,2,3,5,4,2,3,1,2,4,86,"[""rule_2""]","{""rule_2"": ""The 'alter' indicates a year (2003) that makes the person under 18, but 'beruf' is 'Studentin / Student', which is a profession requiring adulthood.""}","The data quality is mostly acceptable, but there is an inconsistency between age and profession."
unbekannt,2004,Bayern,Angestellte / Angestellter,mehrmals im Monat,2,2,2,2,2,3,2,3,2,3,1,3,4,5,2,4,2,1,3,4,3,2,1,1,3,3,4,1,5,3,3,5,1,1,1,3,2,5,4,2,2,4,4,4,1,2,1,2,4,2,1,1,2,1,1,72,"[""rule_2"", ""rule_5""]","{""rule_2"": ""The 'alter' indicates a year (2004) that makes the person under 18, but 'beruf' is 'Angestellte / Angestellter', which requires adulthood."", ""rule_5"": ""The 'geschlecht' is 'unbekannt' while 'beruf' is specified as 'Angestellte / Angestellter'.""}","The data row contains inconsistencies regarding age and profession, as well as gender specification."
maennlich,2006,Baden-Württemberg,Angestellte / Angestellter,mehrmals im Monat,2,2,1,1,3,3,2,4,2,4,2,1,1,5,4,5,1,2,2,4,2,2,3,2,3,2,1,5,4,1,3,5,1,1,1,5,1,1,5,2,3,2,1,4,3,3,2,3,2,3,5,2,2,2,4,72,"[""rule_2"", ""rule_7""]","{""rule_2"": ""The 'alter' indicates a year (2006) that makes the person under 18, but 'beruf' is 'Angestellte / Angestellter', which requires adulthood."", ""rule_7"": ""The 'praef_sorte_alkoholfrei' is rated high (5), but 'konsumhaeufigkeit' is 'mehrmals im Monat', which is inconsistent.""}",The data row has inconsistencies regarding age-related profession eligibility and preferences related to consumption.
maennlich,2000,Baden-Württemberg,Angestellte / Angestellter,täglich,2,3,1,1,3,3,1,3,1,1,5,2,1,3,1,3,3,4,3,5,4,5,3,2,3,5,2,4,3,3,2,4,5,2,2,1,1,1,2,3,5,4,1,1,3,5,4,3,5,3,1,3,1,2,3,72,"[""rule_2"", ""rule_7""]","{""rule_2"": ""The 'alter' indicates a year (2000) that makes the person under 18 (current year 2023), but 'beruf' is 'Angestellte / Angestellter', which requires adulthood."", ""rule_7"": ""The 'praef_sorte_alkoholfrei' is rated high (4), but 'konsumhaeufigkeit' is 't\u00e4glich', which is inconsistent.""}",The data row has multiple inconsistencies regarding age-related profession and preferences.
maennlich,1996,Baden-Württemberg,ohne Beschäftigung,mehrmals im Monat,2,1,2,1,2,3,2,4,1,3,2,1,3,3,3,4,4,1,1,5,4,5,1,2,3,1,2,5,3,5,4,2,3,1,1,1,1,2,4,2,2,5,5,1,3,3,1,3,2,2,3,2,4,2,5,100,[],{},The data row meets all the specified data quality rules.
maennlich,1998,Baden-Württemberg,Schülerin / Schüler,mehrmals pro Woche,2,3,2,1,3,2,3,3,5,4,3,5,1,4,2,4,4,2,3,3,4,4,2,1,3,5,2,4,2,5,5,2,1,3,1,2,1,3,3,3,2,5,4,2,1,5,3,5,4,3,1,2,3,2,5,100,[],{},The data row meets all quality standards without any violations.
maennlich,1998,Baden-Württemberg,Studentin / Student,mehrmals im Monat,2,3,1,2,2,3,2,2,1,4,4,5,4,2,3,4,3,4,1,4,3,4,1,2,4,2,3,5,5,3,1,2,2,1,1,3,4,4,2,4,1,5,1,1,5,5,2,3,3,3,2,2,2,1,1,100,[],{},The data row meets all the plausibility rules.
weiblich,2004,Baden-Württemberg,Studentin / Student,mehrmals im Monat,2,3,2,2,2,3,3,5,3,4,1,5,2,4,2,4,2,3,1,3,4,5,1,1,4,5,1,2,3,3,2,3,1,3,1,2,1,3,2,5,4,3,3,3,2,2,2,1,1,5,5,3,2,2,3,86,"[""rule_2""]","{""rule_2"": ""The 'alter' indicates a year (2004) that makes the person under 18, but 'beruf' is 'Studentin / Student', which is a profession requiring adulthood.""}","The data quality is mostly good, but there is an inconsistency between age and profession."
maennlich,1995,Nordrhein-Westfalen,Selbständige / Selbstständiger,seltener als einmal pro Monat,2,3,1,1,1,3,2,4,1,4,2,3,3,4,2,4,2,2,1,4,4,4,3,2,3,3,3,3,3,2,3,1,1,1,2,2,2,2,4,3,1,1,1,2,3,4,2,1,2,5,1,2,1,1,2,100,[],{},The data row meets all the specified data quality rules.
maennlich,2002,Baden-Württemberg,Angestellte / Angestellter,seltener als einmal pro Monat,2,3,1,3,2,2,2,2,2,4,1,1,1,5,2,4,1,2,2,4,4,4,3,4,3,2,2,3,2,3,1,1,5,1,1,1,3,1,2,3,3,4,2,2,2,5,1,5,3,3,3,2,1,2,5,86,"[""rule_2""]","{""rule_2"": ""The 'alter' indicates a year (2002) that makes the person under 18 (current year 2023), but 'beruf' is 'Angestellte / Angestellter', which requires adulthood.""}","The data quality is mostly good, but there is an inconsistency between age and profession."
unbekannt,2003,Baden-Württemberg,Schülerin / Schüler,einmal pro Monat,2,3,1,3,2,2,2,5,3,4,3,3,2,4,3,4,2,3,3,5,4,3,2,1,3,5,4,3,3,3,2,2,5,1,2,1,2,3,4,1,2,4,1,2,1,5,2,3,1,2,2,3,2,3,1,72,"[""rule_5""]","{""rule_5"": ""The 'geschlecht' is 'unbekannt' while 'beruf' is specified as 'Sch\u00fclerin / Sch\u00fcler'.""}",The data quality is compromised due to an inconsistency between gender and profession.
maennlich,2003,Baden-Württemberg,Studentin / Student,einmal pro Monat,2,3,1,2,1,2,2,2,3,3,4,1,2,5,1,4,2,1,1,5,2,5,3,4,3,2,3,4,2,4,1,1,5,2,2,2,2,1,3,3,2,5,1,4,3,5,1,3,1,5,3,2,3,2,2,100,[],{},The data row meets all quality standards without any violations.
maennlich,2000,Baden-Württemberg,Studentin / Student,mehrmals im Monat,2,3,1,2,1,1,2,2,2,3,1,3,2,2,5,2,3,3,2,5,3,4,5,3,4,4,2,5,2,3,4,4,3,1,1,1,3,2,3,3,1,3,1,3,3,3,2,3,4,2,1,1,1,2,3,86,"[""rule_2"", ""rule_7""]","{""rule_2"": ""The 'alter' indicates a year (2000) that makes the person under 18 (current year 2023), but 'beruf' is 'Studentin / Student', which is a profession that typically requires adulthood."", ""rule_7"": ""The 'praef_sorte_alkoholfrei' is rated high (4), but 'konsumhaeufigkeit' is 'mehrmals im Monat', which is inconsistent.""}",The data row has some inconsistencies regarding age-related profession and preferences.
weiblich,2004,Baden-Württemberg,Angestellte / Angestellter,seltener als einmal pro Monat,2,3,1,3,3,3,3,5,5,4,3,1,2,4,2,3,3,1,3,5,2,4,4,2,2,1,2,1,2,4,3,1,3,4,2,2,1,1,5,2,1,4,1,2,3,3,3,1,3,4,4,3,2,2,5,86,"[""rule_2""]","{""rule_2"": ""The 'alter' indicates a year (2004) that makes the person under 18, but 'beruf' is 'Angestellte / Angestellter', which requires adulthood.""}",The data row has one violation related to age and profession consistency.
unbekannt,1998,Baden-Württemberg,Studentin / Student,seltener als einmal pro Monat,3,3,2,2,2,2,2,5,1,5,4,3,1,5,3,3,5,2,2,5,5,4,1,1,5,2,2,4,1,3,4,1,3,2,1,1,3,2,5,3,1,3,1,1,2,5,1,4,3,5,3,2,2,2,2,86,"[""rule_5""]","{""rule_5"": ""The 'geschlecht' column is 'unbekannt' while 'beruf' is specified as 'Studentin / Student'.""}",The data row has one violation related to the gender and profession consistency.
weiblich,1998,Thüringen,keine Angabe,einmal pro Monat,3,3,1,1,3,3,2,4,3,4,1,1,1,5,1,2,1,2,1,5,4,3,4,3,2,2,2,5,5,2,3,4,4,2,1,3,2,5,2,3,3,1,1,2,2,3,2,2,2,3,1,5,4,2,3,100,[],{},The data row meets all the specified data quality rules.
maennlich,2002,Bayern,Studentin / Student,einmal pro Monat,3,3,1,1,2,1,2,4,3,3,1,1,5,4,3,4,1,1,1,3,4,3,5,4,1,3,3,3,2,4,3,1,3,3,1,1,2,2,4,1,1,4,5,3,2,5,2,3,3,5,2,3,4,1,4,100,[],{},The data row meets all the specified data quality rules.
maennlich,2002,Baden-Württemberg,Angestellte / Angestellter,mehrmals pro Woche,2,2,1,1,3,3,3,1,1,4,2,4,2,5,2,5,1,1,4,3,3,4,4,2,1,2,1,3,2,2,1,1,5,2,4,2,5,3,3,4,1,4,1,2,4,4,2,3,4,3,1,2,2,2,4,72,"[""rule_2"", ""rule_4""]","{""rule_2"": ""The 'alter' indicates a year (2002) that makes the person under 18 (current year 2023), but 'beruf' is 'Angestellte / Angestellter', which requires adulthood."", ""rule_4"": ""The 'alkoholverzicht_wichtig' is rated high (4), but 'konsumhaeufigkeit' is 'mehrmals pro Woche', which is inconsistent.""}",The data row has multiple quality issues related to age and consumption patterns.
weiblich,1999,Baden-Württemberg,Angestellte / Angestellter,mehrmals im Monat,2,3,1,1,3,1,3,4,2,5,2,5,1,2,3,5,3,1,3,4,5,4,2,3,2,2,2,4,4,3,2,4,5,2,1,4,2,5,3,1,1,5,1,1,3,4,2,5,4,3,3,3,3,2,3,72,"[""rule_2"", ""rule_7""]","{""rule_2"": ""The 'alter' indicates a year (1999) that makes the person under 18, but 'beruf' is 'Angestellte / Angestellter', which requires adulthood."", ""rule_7"": ""The 'praef_sorte_alkoholfrei' is rated high (4), but 'konsumhaeufigkeit' is 'mehrmals im Monat', which is inconsistent.""}","The data quality is compromised due to inconsistencies between age and profession, as well as preferences and consumption."
maennlich,2004,Baden-Württemberg,keine Angabe,seltener als einmal pro Monat,2,3,2,2,3,3,2,5,3,3,3,1,1,5,3,2,3,5,1,5,2,3,1,1,2,4,2,2,4,3,3,2,2,1,1,2,1,2,1,3,5,1,3,1,4,3,3,3,1,3,3,1,2,3,1,100,[],{},The data row meets all specified data quality rules.
maennlich,1998,Baden-Württemberg,Studentin / Student,mehrmals im Monat,3,3,2,1,2,3,3,3,1,5,1,2,2,3,2,2,2,3,4,5,5,5,2,2,3,2,5,3,1,3,2,3,3,1,5,1,2,2,2,1,2,3,1,2,1,4,1,4,3,3,1,3,2,1,3,86,"[""rule_2"", ""rule_4""]","{""rule_2"": ""The 'alter' indicates a year (1998) that makes the person under 18, but 'beruf' is 'Studentin / Student', which is a profession requiring adulthood."", ""rule_4"": ""The 'alkoholverzicht_wichtig' is rated high (4), but 'konsumhaeufigkeit' is 'mehrmals im Monat', which is inconsistent.""}",The data quality is good but has some inconsistencies regarding age-related profession and alcohol consumption preferences.
maennlich,2001,Baden-Württemberg,Studentin / Student,mehrmals im Monat,2,3,1,1,3,2,3,2,3,4,4,3,1,4,1,3,3,4,1,4,2,3,2,3,1,2,2,3,3,2,3,1,3,4,1,2,2,1,3,2,2,4,1,2,4,5,1,5,4,3,2,5,2,3,3,86,"[""rule_2""]","{""rule_2"": ""The 'alter' indicates a year (2001) that makes the person under 18, but 'beruf' is 'Studentin / Student', which is a profession that typically requires adulthood.""}","The data quality is mostly good, but there is an inconsistency between age and profession."
weiblich,1999,Baden-Württemberg,Studentin / Student,mehrmals pro Woche,3,3,1,2,2,1,3,1,1,3,1,2,3,2,4,5,2,2,1,5,5,4,3,2,3,4,2,5,2,3,4,2,3,1,1,2,1,2,1,3,2,3,1,2,1,4,3,3,3,2,2,2,4,1,4,86,"[""rule_2""]","{""rule_2"": ""The 'alter' indicates a year (1999) that makes the person under 18, but 'beruf' is 'Studentin / Student', which is inconsistent with the requirement for adulthood.""}",The data row has one violation related to age and profession consistency.
maennlich,2007,Baden-Württemberg,Angestellte / Angestellter,mehrmals pro Woche,2,3,2,3,2,3,2,4,1,1,4,3,1,4,3,4,2,2,4,5,5,4,3,3,4,3,2,3,3,3,1,2,5,1,1,2,1,4,4,2,1,3,1,1,3,3,2,3,4,5,1,3,2,2,2,72,"[""rule_2"", ""rule_4""]","{""rule_2"": ""The 'alter' indicates a year (2007) that makes the person under 18, but 'beruf' is 'Angestellte / Angestellter', which requires adulthood."", ""rule_4"": ""The 'alkoholverzicht_wichtig' is rated high (4), but 'konsumhaeufigkeit' is 'mehrmals pro Woche', which is inconsistent.""}","The data row has inconsistencies related to age and profession, as well as alcohol consumption preferences."
maennlich,2004,Baden-Württemberg,Studentin / Student,mehrmals im Monat,2,3,1,1,2,3,2,4,3,4,2,1,1,5,4,3,2,3,4,4,4,2,2,1,3,2,3,5,1,3,4,1,3,3,1,2,1,3,3,4,1,3,3,5,3,4,3,2,3,3,3,3,1,2,3,86,"[""rule_2""]","{""rule_2"": ""The 'alter' indicates a year (2004) that makes the person under 18, but 'beruf' is 'Studentin / Student', which is a profession that typically requires adulthood.""}",The data row has one violation related to age and profession consistency.
unbekannt,2007,Baden-Württemberg,in Ausbildung/im Freiwilligendienst,einmal pro Monat,2,3,1,1,3,3,2,1,2,1,2,4,5,4,4,4,5,1,2,4,2,4,4,2,3,5,4,2,1,3,5,3,3,1,3,2,2,3,5,4,2,3,1,1,2,4,2,2,4,3,2,2,1,1,4,72,"[""rule_5"", ""rule_2"", ""rule_6""]","{""rule_5"": ""The 'geschlecht' is 'unbekannt' while 'beruf' is specified as 'in Ausbildung/im Freiwilligendienst'."", ""rule_2"": ""The 'alter' indicates a year (2007) that makes the person under 18, but 'beruf' is 'in Ausbildung/im Freiwilligendienst', which may require adulthood."", ""rule_6"": ""The 'involvement_unverzichtbar' (5) is higher than 'involvement_interesse' (1).""}","The data row contains multiple inconsistencies regarding age, gender, and involvement ratings."
weiblich,2004,Bayern,Studentin / Student,mehrmals im Monat,2,3,1,2,3,2,2,5,1,4,3,5,1,4,4,4,4,1,2,4,2,4,3,2,2,4,3,3,4,5,3,2,5,3,1,1,2,1,4,3,2,2,1,3,2,3,4,1,3,3,1,3,3,3,2,72,"[""rule_2""]","{""rule_2"": ""The 'alter' indicates a year (2004) that makes the person under 18, but 'beruf' is 'Studentin / Student', which is a profession requiring adulthood.""}",The data row has one violation related to age and profession consistency.
weiblich,2002,Baden-Württemberg,Studentin / Student,mehrmals im Monat,2,3,1,2,2,3,2,1,2,3,4,1,2,3,1,4,1,2,1,5,5,3,1,5,2,3,2,3,2,3,4,3,1,2,1,1,1,1,4,3,1,1,2,3,5,2,3,4,1,3,2,2,2,2,3,100,[],{},The data row meets all specified data quality rules.
weiblich,keine Angabe,Baden-Württemberg,Angestellte / Angestellter,einmal pro Monat,3,3,2,1,3,3,2,5,4,5,2,1,1,5,3,4,2,3,2,5,2,4,2,1,5,2,3,3,3,3,3,4,5,4,1,1,1,4,3,3,1,2,5,3,1,5,2,3,5,3,2,2,2,2,3,100,[],{},The data row meets all specified plausibility rules.
maennlich,2000,Baden-Württemberg,Studentin / Student,seltener als einmal pro Monat,2,3,1,2,3,3,2,2,3,5,3,5,1,4,2,3,4,1,1,5,5,4,2,3,4,2,4,4,4,3,3,4,3,1,2,5,1,1,4,5,1,2,3,2,3,5,1,3,5,1,1,2,3,2,3,100,[],{},The data row meets all quality standards without any violations.
maennlich,1998,Nordrhein-Westfalen,Studentin / Student,mehrmals im Monat,3,3,3,1,3,2,2,1,1,1,2,1,2,3,1,4,1,2,2,4,4,4,3,2,5,3,3,4,2,2,1,2,2,2,1,2,3,3,4,3,3,5,4,3,3,3,3,5,2,4,1,1,2,2,5,100,[],{},The data row meets all the specified data quality rules.
weiblich,2006,Bayern,Angestellte / Angestellter,mehrmals im Monat,2,3,1,2,3,2,2,2,5,3,4,1,1,4,1,5,2,1,3,3,4,4,2,3,2,2,2,4,1,5,3,4,3,1,1,3,3,2,5,4,3,5,1,2,2,3,3,3,4,2,1,3,1,2,2,72,"[""rule_2"", ""rule_7""]","{""rule_2"": ""The 'alter' indicates a year (2006) that makes the person under 18, but 'beruf' is 'Angestellte / Angestellter', which requires adulthood."", ""rule_7"": ""The 'praef_sorte_alkoholfrei' is rated high (4), but 'konsumhaeufigkeit' is 'mehrmals im Monat', which is inconsistent.""}",The data row contains inconsistencies regarding age-related profession eligibility and preferences related to alcohol consumption.
weiblich,2000,Baden-Württemberg,Studentin / Student,seltener als einmal pro Monat,2,3,2,2,3,3,2,2,1,5,4,5,1,2,2,4,2,3,1,4,3,5,3,3,3,3,3,4,2,3,5,2,3,1,3,2,1,1,1,1,1,5,3,4,2,4,2,3,1,2,3,2,3,4,1,100,[],{},The data row meets all quality standards.
maennlich,2001,Baden-Württemberg,Studentin / Student,mehrmals im Monat,2,3,1,1,1,2,2,2,1,3,2,3,4,4,4,4,2,2,1,5,4,5,3,2,1,3,2,4,2,5,3,5,4,1,1,1,2,1,3,4,1,4,1,1,4,4,2,3,3,2,3,1,4,2,3,86,"[""rule_2"", ""rule_7""]","{""rule_2"": ""The 'alter' indicates a year (2001) that makes the person under 18 (current year 2023), but 'beruf' is 'Studentin / Student', which is inconsistent with being underage."", ""rule_7"": ""The 'praef_sorte_alkoholfrei' is rated high (5), but 'konsumhaeufigkeit' is 'mehrmals im Monat', which is inconsistent.""}",The data quality is compromised due to inconsistencies in age-related profession and preferences.
weiblich,2005,Baden-Württemberg,Studentin / Student,einmal pro Monat,2,3,2,1,2,2,2,5,1,3,5,3,4,1,3,4,2,1,1,5,3,5,5,2,3,2,4,5,5,3,1,1,1,1,1,1,1,3,3,3,2,5,2,2,2,4,3,4,1,3,3,2,4,3,1,86,"[""rule_2""]","{""rule_2"": ""The 'alter' indicates a year (2005) that makes the person under 18, but 'beruf' is 'Studentin / Student', which is a profession that typically requires adulthood.""}","The data quality is mostly acceptable, with one violation related to age and profession consistency."
maennlich,1999,Baden-Württemberg,Studentin / Student,mehrmals im Monat,2,2,2,2,2,3,3,5,2,3,5,3,1,4,4,3,4,1,1,4,4,3,2,2,3,4,4,3,2,3,2,2,3,3,1,1,1,1,4,3,2,5,2,1,1,4,2,4,3,3,1,2,2,2,3,100,[],{},The data row meets all the specified data quality rules.
maennlich,1997,Baden-Württemberg,keine Angabe,mehrmals im Monat,2,3,1,1,3,2,2,5,2,4,2,3,3,1,3,5,3,2,1,5,4,5,2,2,1,5,2,3,3,3,2,2,5,3,2,1,2,5,1,5,2,3,4,2,4,2,1,3,3,5,1,2,2,3,3,100,[],{},The data row meets all the plausibility rules.
weiblich,1998,Baden-Württemberg,Angestellte / Angestellter,mehrmals im Monat,2,3,2,1,2,3,2,2,1,1,2,3,4,3,2,5,2,5,3,5,2,4,3,2,1,4,2,3,1,3,3,3,4,5,1,1,1,3,4,3,1,4,1,4,2,3,3,5,3,3,3,1,2,2,3,72,"[""rule_2""]","{""rule_2"": ""The 'alter' indicates a year (1998) that makes the person under 18, but 'beruf' is 'Angestellte / Angestellter', which requires adulthood.""}",The data row has one violation related to age and profession consistency.
weiblich,2002,Baden-Württemberg,Studentin / Student,mehrmals pro Woche,3,3,1,2,3,2,2,2,3,5,3,3,1,3,3,4,2,1,4,5,4,5,5,2,5,4,1,3,4,3,3,3,3,1,1,1,2,1,5,4,1,5,1,5,1,4,3,3,4,3,2,3,1,2,3,86,"[""rule_2"", ""rule_4""]","{""rule_2"": ""The 'alter' indicates a year (2002) that makes the person under 18, but 'beruf' is 'Studentin / Student', which is a profession requiring adulthood."", ""rule_4"": ""The 'alkoholverzicht_wichtig' is rated high (4), but 'konsumhaeufigkeit' is 'mehrmals pro Woche', which is inconsistent.""}",The data quality is generally good but has inconsistencies regarding age-related profession and alcohol consumption preferences.
maennlich,2000,Baden-Württemberg,keine Angabe,mehrmals im Monat,2,3,2,2,3,3,2,5,2,4,5,3,1,3,4,2,5,3,2,4,2,3,2,2,5,3,5,4,2,3,2,1,4,1,3,3,1,1,1,3,2,4,1,1,3,4,3,1,2,4,1,3,4,1,3,100,[],{},The data row meets all specified plausibility rules.
weiblich,1999,Baden-Württemberg,Studentin / Student,mehrmals im Monat,2,3,1,1,3,3,2,3,2,5,2,1,2,3,3,3,1,4,1,4,4,4,2,3,3,4,1,3,1,3,5,3,1,1,2,1,2,1,3,2,2,1,3,2,3,3,2,1,3,4,2,3,3,2,3,100,[],{},The data row meets all the specified data quality rules.
maennlich,2000,Baden-Württemberg,Studentin / Student,mehrmals im Monat,2,2,2,1,3,3,3,1,1,4,4,1,3,4,5,4,2,2,2,4,4,5,3,2,4,3,1,3,4,3,2,2,3,2,1,2,2,2,1,3,1,3,3,4,3,4,2,4,1,2,3,3,1,1,3,100,[],{},The data row meets all the specified data quality rules.
maennlich,2004,Baden-Württemberg,Studentin / Student,mehrmals im Monat,1,3,1,1,2,2,2,4,3,1,1,4,1,1,3,5,2,2,2,5,4,5,3,2,3,2,3,1,4,4,2,1,5,3,3,1,1,4,3,5,1,5,1,1,1,5,2,2,3,4,1,2,2,2,3,86,"[""rule_2""]","{""rule_2"": ""The 'alter' indicates a year (2004) that makes the person under 18, but 'beruf' is 'Studentin / Student', which is a profession requiring adulthood.""}","The data quality is mostly good, but there is an inconsistency between age and profession."
weiblich,keine Angabe,Baden-Württemberg,Studentin / Student,täglich,2,2,1,2,3,3,2,5,2,4,2,3,2,2,3,2,3,2,3,4,2,2,1,1,3,2,3,1,2,3,2,3,5,1,1,2,2,2,4,4,1,3,3,3,4,4,2,3,3,3,1,1,2,2,3,100,[],{},The data row meets all plausibility rules.
maennlich,2000,Baden-Württemberg,Studentin / Student,mehrmals im Monat,2,3,3,1,2,3,2,2,2,3,5,4,2,3,4,5,4,1,3,4,3,4,1,2,2,3,2,5,5,2,4,1,3,5,2,1,1,4,4,3,2,1,1,2,2,5,2,3,1,4,1,3,2,2,4,86,"[""rule_2""]","{""rule_2"": ""The 'alter' indicates a year (2000) that makes the person under 18 (current year 2023), but 'beruf' is 'Studentin / Student', which is a profession requiring adulthood.""}",The data row has one violation related to age and profession consistency.
maennlich,2006,Bayern,Angestellte / Angestellter,einmal pro Monat,2,3,2,1,3,3,3,3,3,3,2,1,5,3,3,5,2,4,2,4,4,4,3,5,2,2,4,3,2,5,4,1,5,5,3,1,3,4,1,4,1,2,1,2,4,2,2,3,1,3,1,2,2,2,2,72,"[""rule_2"", ""rule_6""]","{""rule_2"": ""The 'alter' indicates a year (2006) that makes the person under 18, but 'beruf' is 'Angestellte / Angestellter', which requires adulthood."", ""rule_6"": ""The 'involvement_unverzichtbar' (5) is higher than 'involvement_interesse' (3).""}","The data row has inconsistencies regarding age and profession, as well as involvement ratings."
weiblich,2001,Baden-Württemberg,keine Angabe,mehrmals im Monat,2,3,1,1,3,3,3,2,2,3,2,1,1,5,4,3,2,2,1,4,4,3,3,2,4,3,2,3,3,3,4,2,4,2,3,2,1,2,4,4,2,5,3,3,2,3,2,4,3,5,2,2,2,1,3,100,[],{},The data row meets all the plausibility rules.
maennlich,2005,Baden-Württemberg,Studentin / Student,einmal pro Monat,2,3,1,2,1,3,2,5,4,5,1,1,3,2,4,2,3,2,4,4,5,4,3,3,1,2,3,4,3,3,3,2,5,1,1,2,2,3,4,3,3,4,1,2,3,3,2,2,3,3,2,2,2,1,3,86,"[""rule_2""]","{""rule_2"": ""The 'alter' indicates a year (2005) that makes the person under 18 (current year is 2023), while 'beruf' is 'Studentin / Student', which is a profession requiring adulthood.""}","The data quality is mostly acceptable, but there is an inconsistency between age and profession."
maennlich,2005,keine Angabe,Studentin / Student,mehrmals pro Woche,3,3,3,1,2,2,3,2,2,2,3,2,1,4,4,2,2,4,2,4,5,4,2,2,3,4,3,4,3,2,2,2,4,2,3,3,1,3,4,1,1,1,1,5,1,4,3,3,3,3,2,1,2,2,2,86,"[""rule_2""]","{""rule_2"": ""The 'alter' indicates a year (2005) that makes the person under 18 (current year is 2023), but 'beruf' is 'Studentin / Student', which is a profession that typically requires adulthood.""}","The data quality is mostly acceptable, with one significant violation regarding age and profession consistency."
maennlich,2002,Baden-Württemberg,Studentin / Student,einmal pro Monat,2,3,1,3,3,3,2,4,3,4,1,1,5,1,1,4,3,2,4,4,4,2,5,1,3,2,2,4,2,4,5,2,1,1,3,1,4,4,3,3,4,4,1,3,3,4,2,2,2,5,5,2,3,2,3,86,"[""rule_2"", ""rule_6""]","{""rule_2"": ""The 'alter' indicates a year (2002) that makes the person under 18, but 'beruf' is 'Studentin / Student', which is a profession requiring adulthood."", ""rule_6"": ""The 'involvement_unverzichtbar' (5) is higher than 'involvement_interesse' (4).""}","The data row has some inconsistencies regarding age and profession, as well as involvement ratings."
weiblich,2000,Baden-Württemberg,Angestellte / Angestellter,mehrmals im Monat,2,3,1,2,3,1,3,1,2,3,3,1,4,5,3,2,2,5,2,4,2,5,1,2,2,2,4,5,4,3,4,2,3,2,1,1,3,1,4,3,2,5,5,1,1,1,4,5,1,5,4,3,3,2,3,72,"[""rule_2""]","{""rule_2"": ""The 'alter' indicates a year (2000) that makes the person under 18, but 'beruf' is 'Angestellte / Angestellter', which is a profession requiring adulthood.""}",The data row has one violation related to age and profession consistency.
maennlich,1998,Baden-Württemberg,Studentin / Student,mehrmals pro Woche,1,3,1,1,2,2,2,1,5,2,2,2,1,4,4,4,5,4,1,4,4,3,2,3,2,4,2,2,1,5,2,2,4,3,1,2,1,2,3,3,1,2,4,2,2,5,1,3,5,3,2,2,1,2,4,100,[],{},The data row meets all quality standards with no violations.
unbekannt,2000,Bayern,Studentin / Student,mehrmals im Monat,2,3,1,2,2,3,2,4,3,5,1,1,1,3,4,4,2,5,4,5,3,4,3,1,3,3,4,3,2,4,3,2,2,3,3,2,2,4,5,2,2,5,2,2,1,3,2,2,3,3,2,2,2,4,4,72,"[""rule_5"", ""rule_2""]","{""rule_5"": ""The 'geschlecht' is 'unbekannt' while 'beruf' is specified as 'Studentin / Student'."", ""rule_2"": ""The 'alter' indicates a year (2000) that makes the person under 18, but 'beruf' is 'Studentin / Student', which is inconsistent.""}","The data row contains inconsistencies regarding gender and profession, as well as age-related employment suitability."
weiblich,keine Angabe,Baden-Württemberg,Studentin / Student,mehrmals im Monat,2,3,2,2,2,2,2,4,3,5,4,1,4,4,1,4,3,4,1,5,3,4,2,3,4,2,3,1,2,3,4,2,5,1,1,1,2,5,5,1,2,3,3,2,2,5,2,3,5,1,2,2,4,2,2,100,[],{},The data row meets all quality standards.
maennlich,2003,Baden-Württemberg,in Ausbildung/im Freiwilligendienst,einmal pro Monat,3,3,1,2,2,3,3,2,2,5,5,4,1,3,4,3,2,4,3,5,3,4,2,2,3,5,1,5,1,1,2,1,4,3,2,4,1,1,5,3,2,3,1,2,5,3,3,3,1,2,1,3,1,3,3,100,[],{},The data row meets all quality standards with no violations.
maennlich,2000,Baden-Württemberg,Angestellte / Angestellter,mehrmals im Monat,2,3,2,1,2,2,1,3,5,2,2,2,4,4,1,4,3,1,1,5,5,4,4,2,2,4,4,3,2,4,5,2,3,1,1,2,4,3,1,3,1,5,1,3,2,5,2,3,5,2,2,2,5,1,3,86,"[""rule_2""]","{""rule_2"": ""The 'alter' indicates a year (2000) that makes the person under 18 (current year is 2023), while 'beruf' is 'Angestellte / Angestellter', which requires adulthood.""}",The data row has one violation related to age and profession consistency.
weiblich,2005,Baden-Württemberg,Studentin / Student,mehrmals pro Woche,2,3,1,1,3,3,2,3,2,1,1,2,2,5,3,3,2,2,1,5,4,4,3,3,5,3,4,4,1,3,4,4,1,2,1,4,2,2,3,3,3,5,1,1,3,3,3,2,4,5,1,3,2,3,5,72,"[""rule_2"", ""rule_7""]","{""rule_2"": ""The 'alter' indicates a year (2005) that makes the person under 18, but 'beruf' is 'Studentin / Student', which is a profession that typically requires adulthood."", ""rule_7"": ""The 'praef_sorte_alkoholfrei' is rated high (4), but 'konsumhaeufigkeit' is 'mehrmals pro Woche', which is inconsistent.""}",The data row has multiple inconsistencies regarding age-related profession and preferences.
weiblich,2004,Nordrhein-Westfalen,keine Angabe,mehrmals pro Woche,3,2,2,2,3,1,3,2,2,2,1,1,5,3,3,5,4,5,1,4,2,3,4,2,1,2,1,3,2,3,4,3,2,1,3,2,1,3,1,3,3,5,2,2,1,5,2,3,4,3,1,2,5,2,2,100,[],{},The data row meets all the specified data quality rules.
weiblich,2004,Baden-Württemberg,Studentin / Student,mehrmals im Monat,2,3,1,1,3,3,1,3,3,5,4,3,1,4,4,3,2,3,1,4,5,4,3,2,3,3,1,4,2,3,2,3,5,1,1,1,1,3,3,3,2,3,1,2,5,5,1,4,1,3,2,2,4,2,3,86,"[""rule_2""]","{""rule_2"": ""The 'alter' indicates a year (2004) that makes the person under 18 (current year 2023), but 'beruf' is 'Studentin / Student', which is a profession requiring adulthood.""}",The data row has one violation related to age and profession consistency.
unbekannt,keine Angabe,Baden-Württemberg,Angestellte / Angestellter,mehrmals im Monat,2,3,2,1,2,2,3,4,4,4,3,4,4,3,3,4,3,3,3,4,4,5,3,3,3,1,2,1,1,4,4,4,3,1,1,3,2,3,4,2,3,3,3,2,2,1,2,1,3,5,2,2,3,2,4,86,"[""rule_5""]","{""rule_5"": ""The 'geschlecht' column is 'unbekannt' while 'beruf' is specified as 'Angestellte / Angestellter', which is inconsistent.""}","The data quality is mostly acceptable, with one violation regarding gender and profession consistency."
unbekannt,2003,Nordrhein-Westfalen,keine Angabe,mehrmals pro Woche,2,3,2,1,2,2,2,5,3,3,1,1,1,3,2,3,1,5,3,4,5,5,3,3,3,3,5,3,3,3,5,1,3,3,1,1,3,4,4,4,3,2,2,3,2,5,3,1,4,2,3,1,3,3,1,100,[],{},The data row meets all the specified data quality rules.
maennlich,2000,Baden-Württemberg,Angestellte / Angestellter,einmal pro Monat,2,3,2,1,3,3,2,3,2,3,1,1,1,5,4,4,1,2,1,5,4,4,2,1,1,5,2,4,2,2,4,2,2,5,3,1,3,2,4,2,1,5,1,2,1,4,2,1,3,3,3,3,2,2,2,86,"[""rule_2""]","{""rule_2"": ""The 'alter' indicates a year (2000) that makes the person under 18, but 'beruf' is 'Angestellte / Angestellter', which requires adulthood.""}",The data row has one violation related to age and profession consistency.
maennlich,1999,Baden-Württemberg,Studentin / Student,mehrmals im Monat,2,3,1,1,2,2,2,5,1,3,3,2,2,5,3,5,3,1,1,5,2,3,1,3,3,1,3,4,4,3,4,2,2,1,3,2,3,2,5,3,2,5,2,1,1,2,3,3,1,2,2,2,2,2,3,86,"[""rule_2""]","{""rule_2"": ""The 'alter' indicates a year (1999) that makes the person under 18 (current year is 2023), but 'beruf' is 'Studentin / Student', which is a profession that typically requires adulthood.""}","The data quality is mostly good, but there is an inconsistency between age and profession."
maennlich,2005,Baden-Württemberg,Angestellte / Angestellter,mehrmals im Monat,2,3,1,2,3,2,1,2,2,1,1,2,1,4,2,3,2,2,1,5,4,2,1,2,4,2,2,3,2,3,4,2,3,1,2,1,2,4,4,3,1,3,3,2,2,2,3,4,5,5,1,3,3,2,4,72,"[""rule_2""]","{""rule_2"": ""The 'alter' indicates a year (2005) that makes the person under 18, but 'beruf' is 'Angestellte / Angestellter', which requires adulthood.""}",The data quality is compromised due to an inconsistency between age and profession.
weiblich,1999,Baden-Württemberg,Angestellte / Angestellter,mehrmals im Monat,3,3,2,1,2,3,2,1,3,4,2,1,3,3,3,5,3,1,1,4,4,3,2,4,3,3,3,4,2,3,3,2,1,3,1,1,1,3,3,3,2,3,1,3,4,3,2,3,5,5,3,3,3,2,2,86,"[""rule_2""]","{""rule_2"": ""The 'alter' indicates a year (1999) that makes the person under 18 (current year 2023), but 'beruf' is 'Angestellte / Angestellter', which requires adulthood.""}",The data row has one violation related to age and profession consistency.
maennlich,2002,Baden-Württemberg,Studentin / Student,mehrmals pro Woche,2,2,2,2,1,3,1,4,3,3,4,2,1,5,3,1,2,1,5,5,4,2,1,3,5,2,3,2,5,3,4,1,3,1,1,1,1,2,3,2,1,4,1,2,2,3,2,5,1,4,2,1,2,1,4,86,"[""rule_2"", ""rule_4""]","{""rule_2"": ""The 'alter' indicates a year (2002) that makes the person under 18, but 'beruf' is 'Studentin / Student', which is a profession requiring adulthood."", ""rule_4"": ""The 'alkoholverzicht_wichtig' is rated high (5), but 'konsumhaeufigkeit' is 'mehrmals pro Woche', which is inconsistent.""}",The data row has two violations related to age and consumption preferences.
maennlich,1995,Baden-Württemberg,Angestellte / Angestellter,mehrmals im Monat,2,3,2,2,3,1,2,3,5,5,3,2,4,4,5,2,3,4,2,4,4,4,5,1,3,5,2,5,5,3,2,4,5,3,5,4,3,3,3,4,1,4,1,1,3,5,3,4,1,4,3,1,3,2,2,72,"[""rule_2"", ""rule_4"", ""rule_5"", ""rule_6"", ""rule_7""]","{""rule_2"": ""The age calculated from 'alter' (1995) indicates the person is under 18, but 'beruf' is 'Angestellte / Angestellter', which requires adulthood."", ""rule_4"": ""The 'alkoholverzicht_wichtig' is rated 2, which does not trigger a violation with 'konsumhaeufigkeit'."", ""rule_5"": ""The 'geschlecht' is 'maennlich' and 'beruf' is specified, so there is no violation here."", ""rule_6"": ""The 'involvement_unverzichtbar' (4) is higher than 'involvement_interesse' (3), which is inconsistent."", ""rule_7"": ""The 'praef_sorte_alkoholfrei' is rated 4, but 'konsumhaeufigkeit' is 'mehrmals im Monat', which is inconsistent.""}","The data quality is compromised due to multiple inconsistencies regarding age, profession, involvement ratings, and preferences."
maennlich,2000,Baden-Württemberg,Studentin / Student,mehrmals im Monat,2,2,1,2,3,3,1,3,4,4,2,5,1,3,2,1,1,2,1,5,3,2,2,3,5,4,2,3,4,5,4,4,2,1,1,2,1,1,3,3,2,3,1,2,3,4,2,4,3,5,3,1,1,2,1,86,"[""rule_2""]","{""rule_2"": ""The 'alter' indicates a year (2000) that makes the person under 18 (current year 2023), but 'beruf' is 'Studentin / Student', which is a profession requiring adulthood.""}","The data quality is mostly good, but there is an inconsistency between age and profession."
maennlich,2000,Baden-Württemberg,Studentin / Student,mehrmals pro Woche,3,3,2,1,2,3,3,2,2,3,1,4,2,3,2,2,1,3,1,5,2,2,4,1,3,3,2,4,1,3,1,2,3,2,1,2,1,1,5,4,1,1,3,3,1,4,1,4,1,3,2,1,2,2,3,86,"[""rule_2""]","{""rule_2"": ""The 'alter' indicates a year (2000) that makes the person under 18 (current year is 2023), but 'beruf' is 'Studentin / Student', which is a profession requiring adulthood.""}","The data quality is mostly good, but there is an inconsistency between age and profession."
weiblich,2003,Baden-Württemberg,ohne Beschäftigung,mehrmals im Monat,2,2,2,1,3,3,2,4,3,3,1,1,2,1,3,3,2,1,2,5,4,3,4,1,3,2,4,3,3,3,3,3,3,1,4,2,2,5,3,3,2,5,2,2,3,5,3,3,5,4,1,1,3,2,1,86,[],{},The data row adheres to all specified data quality rules.
maennlich,2000,Baden-Württemberg,Schülerin / Schüler,einmal pro Monat,2,3,2,1,3,2,1,1,1,4,1,2,2,3,4,5,1,4,1,4,4,4,1,2,2,4,1,5,2,2,5,4,3,4,1,1,2,1,5,1,2,4,1,2,1,3,3,3,4,1,2,1,2,2,4,86,"[""rule_2"", ""rule_7""]","{""rule_2"": ""The 'alter' indicates a year (2000) that makes the person under 18 (current year is 2023), and 'beruf' is 'Sch\u00fclerin / Sch\u00fcler', which is a profession requiring adulthood."", ""rule_7"": ""The 'praef_sorte_alkoholfrei' is rated high (4), but 'konsumhaeufigkeit' is 'einmal pro Monat', which is inconsistent with the rule.""}","The data quality is generally good, but there are inconsistencies regarding age-related profession and preferences."
weiblich,1999,Baden-Württemberg,Angestellte / Angestellter,mehrmals im Monat,3,3,2,3,3,2,2,2,5,5,3,3,2,4,2,2,2,2,5,4,4,4,5,2,3,2,2,3,3,3,4,1,5,1,1,3,5,3,4,2,1,4,1,1,1,5,2,3,1,3,1,3,2,1,3,72,"[""rule_2"", ""rule_4""]","{""rule_2"": ""The 'alter' indicates a year (1999) that makes the person under 18, but 'beruf' is 'Angestellte / Angestellter', which requires adulthood."", ""rule_4"": ""The 'alkoholverzicht_wichtig' is rated high (5), but 'konsumhaeufigkeit' is 'mehrmals im Monat', which is inconsistent.""}",The data row has inconsistencies regarding age-related profession requirements and alcohol consumption preferences.
maennlich,2002,Baden-Württemberg,Studentin / Student,mehrmals im Monat,2,3,1,2,3,2,2,4,2,4,5,1,1,3,3,5,1,2,2,4,4,1,2,2,3,2,3,3,2,3,3,4,2,5,1,1,1,2,4,1,5,3,1,1,1,3,1,1,4,3,2,2,2,1,3,86,"[""rule_2"", ""rule_7""]","{""rule_2"": ""The 'alter' indicates a year (2002) that makes the person under 18, but 'beruf' is 'Studentin / Student', which is a profession requiring adulthood."", ""rule_7"": ""The 'praef_sorte_alkoholfrei' is rated high (4), but 'konsumhaeufigkeit' is 'mehrmals im Monat', which is inconsistent.""}","The data quality is compromised due to inconsistencies between age and profession, as well as preferences and consumption."
maennlich,1997,Baden-Württemberg,Studentin / Student,seltener als einmal pro Monat,3,3,1,1,3,3,2,5,1,4,3,5,1,4,3,4,1,1,1,5,4,4,4,1,3,2,3,5,1,3,4,3,5,1,1,1,1,3,3,3,1,4,2,2,2,5,2,1,3,3,2,2,4,3,3,100,[],{},The data row meets all quality standards without any violations.
weiblich,2003,Nordrhein-Westfalen,Angestellte / Angestellter,mehrmals pro Woche,2,3,1,2,3,3,2,3,1,5,2,1,2,5,3,4,2,2,2,5,1,4,2,3,3,4,2,3,3,2,3,1,4,1,1,3,3,3,3,1,1,2,2,3,1,2,1,1,2,1,3,1,1,2,4,72,"[""rule_2""]","{""rule_2"": ""The 'alter' indicates a year (2003) that makes the person under 18, but 'beruf' is 'Angestellte / Angestellter', which requires adulthood.""}",The data quality is compromised due to an inconsistency between age and profession.
maennlich,2005,Baden-Württemberg,Beamtin / Beamter,mehrmals im Monat,2,2,1,1,2,3,1,4,3,3,2,1,4,4,4,1,1,1,2,5,4,2,4,5,2,2,1,3,1,4,3,2,3,5,1,2,4,4,1,4,5,5,1,3,2,2,3,4,4,4,3,3,4,2,3,72,"[""rule_2""]","{""rule_2"": ""The 'alter' indicates a year (2005) that makes the person under 18, but 'beruf' is 'Beamtin / Beamter', which requires adulthood.""}",The data row has one violation related to age and profession consistency.
maennlich,2004,Bayern,Angestellte / Angestellter,mehrmals im Monat,2,3,2,1,3,3,2,2,3,1,2,2,3,4,2,4,4,1,1,4,2,2,3,4,3,4,2,2,3,3,3,5,4,1,1,2,1,1,4,4,3,5,2,2,2,4,1,3,1,3,2,1,1,2,2,72,"[""rule_2"", ""rule_7""]","{""rule_2"": ""The 'alter' indicates a year (2004) that makes the person under 18, but 'beruf' is 'Angestellte / Angestellter', which requires adulthood."", ""rule_7"": ""The 'praef_sorte_alkoholfrei' is rated high (5), but 'konsumhaeufigkeit' is 'mehrmals im Monat', which is inconsistent.""}",The data row has inconsistencies regarding age-related profession requirements and preferences related to alcohol consumption.
maennlich,keine Angabe,keine Angabe,Angestellte / Angestellter,einmal pro Monat,3,3,2,1,3,1,2,2,3,3,2,2,2,3,1,4,2,1,2,5,3,4,2,3,3,4,4,3,2,4,5,4,5,1,1,2,1,1,4,1,1,5,2,1,3,5,2,3,3,5,2,2,2,2,4,100,[],{},The data row meets all the specified plausibility rules.
maennlich,2001,Baden-Württemberg,ohne Beschäftigung,mehrmals pro Woche,2,3,2,1,3,3,1,3,2,4,3,2,4,4,2,4,2,4,2,5,5,5,3,3,4,2,2,3,1,4,4,3,5,4,1,2,2,3,3,1,1,2,1,2,1,4,3,5,5,3,1,3,2,2,3,86,[],{},The data row meets all the plausibility rules.
unbekannt,2000,Baden-Württemberg,Studentin / Student,seltener als einmal pro Monat,2,3,1,2,3,3,1,1,2,3,1,4,5,5,3,3,2,1,3,5,3,5,3,2,3,3,3,2,2,5,1,1,1,1,1,1,2,2,2,5,1,4,2,3,1,5,3,3,3,5,1,2,1,2,4,72,"[""rule_5""]","{""rule_5"": ""The 'geschlecht' is 'unbekannt' while 'beruf' is specified as 'Studentin / Student'.""}",The data quality is compromised due to an inconsistency between gender and profession.
maennlich,2003,Baden-Württemberg,Studentin / Student,seltener als einmal pro Monat,2,2,3,1,2,1,2,3,4,5,2,1,1,1,3,3,3,4,2,5,5,4,3,1,1,4,2,1,5,5,3,4,5,2,1,2,1,2,3,3,2,3,1,2,2,3,1,3,1,5,2,2,1,2,4,86,[],{},The data row meets all the plausibility rules.
maennlich,2000,Baden-Württemberg,keine Angabe,mehrmals im Monat,3,2,2,3,3,2,2,2,2,4,2,3,1,4,4,2,3,3,1,5,5,2,4,2,3,2,2,5,3,3,5,4,1,4,2,1,3,1,3,3,1,3,1,2,2,3,3,3,1,3,3,1,2,2,3,100,[],{},The data row meets all the plausibility rules.
weiblich,1998,Baden-Württemberg,ohne Beschäftigung,mehrmals pro Woche,3,3,2,1,1,3,2,5,2,4,2,3,1,4,1,4,1,5,2,5,5,4,3,2,3,2,3,2,4,5,3,1,2,4,3,1,4,3,5,3,2,5,4,1,1,5,2,1,4,2,2,2,1,2,3,100,[],{},The data row meets all specified data quality rules.
maennlich,2000,keine Angabe,Studentin / Student,mehrmals pro Woche,2,3,2,2,2,3,3,2,2,4,2,4,1,4,3,3,5,2,3,5,2,2,2,3,3,3,2,5,2,3,4,1,4,3,1,1,2,4,5,3,1,1,1,1,3,3,1,1,2,2,3,1,1,3,3,100,[],{},The data row adheres to all specified data quality rules.
maennlich,2002,Baden-Württemberg,Studentin / Student,mehrmals im Monat,2,3,2,2,3,2,3,4,4,3,1,5,2,4,4,2,1,5,2,5,2,3,4,2,3,2,3,4,4,4,3,1,3,1,1,1,1,1,1,4,2,3,1,2,2,2,2,3,1,5,4,3,2,2,1,86,"[""rule_2""]","{""rule_2"": ""The 'alter' indicates a year (2002) that makes the person under 18 (current year is 2023), but 'beruf' is 'Studentin / Student', which is a profession that typically requires adulthood.""}","The data quality is mostly acceptable, with one significant violation regarding age and profession consistency."
weiblich,1999,Baden-Württemberg,Studentin / Student,täglich,2,3,2,1,2,2,3,2,3,3,3,3,2,4,1,5,2,1,1,5,3,3,1,3,3,5,2,4,2,5,4,3,5,1,2,2,2,1,2,3,2,5,3,2,2,3,1,2,3,5,5,2,3,3,3,86,"[""rule_2""]","{""rule_2"": ""The 'alter' indicates a year (1999) that makes the person under 18 (current year is 2023), but 'beruf' is 'Studentin / Student', which is a profession requiring adulthood.""}",The data row has one violation related to age and profession consistency.
weiblich,1999,Baden-Württemberg,Studentin / Student,mehrmals pro Woche,2,2,2,1,3,3,2,4,3,5,1,3,1,4,3,4,3,1,2,5,3,4,3,1,2,2,1,3,1,3,2,2,4,2,1,1,2,3,1,3,1,5,2,3,2,5,2,2,2,3,2,2,1,2,2,86,"[""rule_2""]","{""rule_2"": ""The 'alter' indicates a year (1999) that makes the person under 18 (current year 2023), but 'beruf' is 'Studentin / Student', which is a profession requiring adulthood.""}",The data row has one violation related to age and profession consistency.
maennlich,2006,Baden-Württemberg,Angestellte / Angestellter,mehrmals im Monat,2,3,1,2,2,1,2,4,1,4,1,2,5,3,1,3,2,5,1,5,5,5,4,3,4,2,5,5,2,3,4,2,3,3,1,3,2,5,3,3,1,3,1,2,3,3,2,1,1,4,2,2,2,4,3,72,"[""rule_2"", ""rule_6""]","{""rule_2"": ""The 'alter' indicates a year (2006) that makes the person under 18, but 'beruf' is 'Angestellte / Angestellter', which requires adulthood."", ""rule_6"": ""The 'involvement_unverzichtbar' (5) is higher than 'involvement_interesse' (4).""}","The data row contains inconsistencies regarding age and profession, as well as involvement ratings."
weiblich,2000,Baden-Württemberg,Studentin / Student,mehrmals im Monat,2,2,1,2,2,3,1,2,5,4,5,3,1,4,5,2,2,2,3,5,1,1,1,4,3,1,4,1,2,3,1,1,5,3,1,3,1,4,2,3,1,3,3,2,2,3,2,1,3,4,2,3,2,2,4,86,"[""rule_2""]","{""rule_2"": ""The 'alter' indicates a year (2000) that makes the person under 18 (current year 2023), but 'beruf' is 'Studentin / Student', which is a profession requiring adulthood.""}","The data quality is mostly good, but there is an inconsistency between age and profession."
maennlich,2006,Bayern,Angestellte / Angestellter,mehrmals pro Woche,2,3,1,3,2,3,3,5,2,3,4,3,5,4,2,3,1,2,1,5,5,4,2,2,4,4,4,4,4,2,3,2,4,2,1,1,2,3,4,1,1,3,1,3,3,4,4,3,4,2,1,2,5,3,2,72,"[""rule_2""]","{""rule_2"": ""The 'alter' indicates a year (2006) that makes the person under 18 (current year is 2023), but 'beruf' is 'Angestellte / Angestellter', which requires adulthood.""}",The data row has one violation related to age and profession consistency.
maennlich,2000,Baden-Württemberg,Studentin / Student,mehrmals im Monat,2,3,1,2,3,3,2,3,2,2,1,3,4,5,3,4,1,2,1,4,5,4,3,2,3,3,4,3,3,3,4,3,3,3,1,2,1,4,5,4,2,2,1,2,1,5,3,2,3,3,3,2,2,2,3,86,"[""rule_2"", ""rule_6""]","{""rule_2"": ""The 'alter' indicates a year (2000) that makes the person under 18 (current year 2023), but 'beruf' is 'Studentin / Student', which is a profession requiring adulthood."", ""rule_6"": ""The 'involvement_unverzichtbar' (4) is higher than 'involvement_interesse' (3).""}",The data row has some inconsistencies regarding age-related profession and involvement ratings.
maennlich,2000,Nordrhein-Westfalen,Angestellte / Angestellter,mehrmals im Monat,3,2,1,2,2,2,2,3,5,5,3,3,2,4,1,4,1,2,1,5,4,2,1,3,3,1,3,4,3,3,1,1,2,1,1,3,4,1,3,5,1,5,4,2,3,2,2,2,3,3,1,4,1,2,2,86,"[""rule_2""]","{""rule_2"": ""The 'alter' indicates a year (2000) that makes the person under 18, but 'beruf' is 'Angestellte / Angestellter', which requires adulthood.""}",The data row has one violation related to age and profession consistency.
weiblich,keine Angabe,Bayern,Angestellte / Angestellter,mehrmals pro Woche,3,3,2,2,2,1,2,1,2,1,2,1,1,3,5,4,2,1,1,4,2,3,3,3,5,3,5,1,3,3,2,4,4,1,1,2,3,1,2,3,2,2,4,3,1,5,3,5,3,2,2,2,4,1,3,100,[],{},The data row meets all the plausibility rules.
maennlich,2002,Baden-Württemberg,Studentin / Student,einmal pro Monat,3,3,1,1,3,2,1,2,2,3,1,1,2,5,2,5,3,2,3,5,4,3,5,3,2,2,5,3,5,3,4,2,2,2,2,1,1,4,1,4,2,1,1,4,1,4,2,3,3,4,3,2,3,2,3,86,[],{},The data row meets all the plausibility rules.
maennlich,1995,keine Angabe,Selbständige / Selbstständiger,einmal pro Monat,1,3,1,2,3,2,2,1,3,4,2,1,1,5,3,5,2,3,1,4,5,3,3,3,3,3,1,1,2,4,5,1,2,1,1,2,1,1,4,1,1,5,3,2,1,5,2,4,3,1,2,3,5,2,1,100,[],{},The data row meets all the specified data quality rules.
weiblich,1999,keine Angabe,Studentin / Student,einmal pro Monat,2,3,1,2,3,3,3,2,3,1,1,3,1,4,3,2,3,2,3,5,2,3,2,4,3,5,4,1,1,3,2,2,4,1,1,1,3,2,4,3,1,4,2,2,2,4,3,3,4,3,2,3,1,1,5,100,[],{},The data row meets all the specified plausibility rules.
maennlich,2004,keine Angabe,Studentin / Student,mehrmals im Monat,2,3,1,1,2,3,1,2,2,4,1,1,4,5,5,3,5,3,1,5,5,4,1,5,2,2,4,4,3,3,2,2,4,1,1,1,1,1,4,2,2,5,1,4,2,3,2,3,4,5,2,2,2,2,3,86,"[""rule_2""]","{""rule_2"": ""The 'alter' indicates a year (2004) that makes the person under 18, but 'beruf' is 'Studentin / Student', which is a profession requiring adulthood.""}","The data quality is mostly good, but there is an inconsistency between age and profession."
maennlich,2000,Bayern,keine Angabe,mehrmals im Monat,2,3,1,2,1,2,3,3,1,4,1,2,3,2,4,3,3,2,3,4,4,4,3,2,5,5,4,5,3,3,3,5,4,1,1,2,1,1,4,4,1,5,4,1,3,5,1,3,4,1,3,2,2,2,4,100,[],{},The data row meets all the plausibility rules.
maennlich,keine Angabe,Baden-Württemberg,Studentin / Student,mehrmals im Monat,3,3,2,2,1,3,2,5,2,4,5,1,5,5,4,4,4,1,2,3,2,4,2,3,3,3,3,3,1,3,4,3,3,1,1,2,4,3,3,5,3,1,2,3,5,4,3,4,3,5,2,1,2,3,2,100,[],{},The data row meets all the plausibility rules.
maennlich,1996,Baden-Württemberg,keine Angabe,einmal pro Monat,3,3,2,1,3,3,3,5,2,4,4,1,1,4,1,5,2,2,4,4,2,3,3,2,3,3,3,5,1,3,4,2,3,1,1,1,1,1,3,3,2,3,2,4,2,4,1,1,5,3,1,2,2,1,3,100,[],{},The data row meets all the specified data quality rules.
maennlich,2003,Bayern,Angestellte / Angestellter,seltener als einmal pro Monat,3,3,2,1,2,2,3,4,3,4,1,1,2,3,5,3,1,2,2,5,4,4,3,3,4,1,2,5,3,3,4,2,1,2,1,2,1,5,4,3,3,2,1,2,2,3,3,3,2,5,1,1,1,4,3,86,"[""rule_2""]","{""rule_2"": ""The 'alter' indicates a year (2003) that makes the person under 18, but 'beruf' is 'Angestellte / Angestellter', which requires adulthood.""}","The data quality is mostly acceptable, but there is an inconsistency between age and profession."
maennlich,2003,Baden-Württemberg,Studentin / Student,einmal pro Monat,2,3,1,2,3,3,2,4,2,5,1,1,1,3,1,3,3,4,1,5,5,2,1,2,2,4,3,4,2,3,3,2,3,4,1,5,1,3,2,3,2,3,1,2,5,1,2,3,3,2,1,2,3,3,2,100,[],{},The data row meets all the plausibility rules without any violations.
maennlich,2002,Baden-Württemberg,Studentin / Student,mehrmals im Monat,2,3,2,2,2,1,2,5,5,4,1,3,1,3,2,5,1,1,1,5,4,2,2,3,3,2,1,3,3,3,1,2,5,3,2,1,2,1,2,1,2,4,1,3,2,3,2,3,1,3,3,3,2,3,4,100,[],{},The data row meets all quality standards.
maennlich,2002,Baden-Württemberg,Angestellte / Angestellter,mehrmals im Monat,3,1,2,1,3,3,3,3,2,4,2,2,1,4,2,5,4,1,1,5,3,2,3,2,2,2,2,4,2,2,2,4,3,3,1,4,2,4,3,2,3,5,1,2,1,5,1,4,4,5,2,3,3,3,5,72,"[""rule_2"", ""rule_7""]","{""rule_2"": ""The 'alter' indicates a year (2002) that makes the person under 18, but 'beruf' is 'Angestellte / Angestellter', which requires adulthood."", ""rule_7"": ""The 'praef_sorte_alkoholfrei' is rated high (4), but 'konsumhaeufigkeit' is 'mehrmals im Monat', which is inconsistent.""}",The data row has inconsistencies regarding age-related profession requirements and preferences related to consumption.
unbekannt,2000,Baden-Württemberg,Angestellte / Angestellter,mehrmals im Monat,2,3,1,2,3,3,2,1,3,1,3,3,1,3,4,3,5,4,1,5,4,4,3,2,5,5,4,4,2,3,3,2,5,3,1,1,1,4,4,3,1,5,1,2,3,5,1,5,4,1,2,2,3,2,3,72,"[""rule_2"", ""rule_5""]","{""rule_2"": ""The 'alter' indicates a year (2000) that makes the person under 18, but 'beruf' is 'Angestellte / Angestellter', which requires adulthood."", ""rule_5"": ""The 'geschlecht' is 'unbekannt' while 'beruf' is specified as 'Angestellte / Angestellter'.""}",The data row has inconsistencies regarding age-related profession requirements and gender specification.
maennlich,1995,Baden-Württemberg,Studentin / Student,seltener als einmal pro Monat,2,3,1,2,1,3,2,5,3,5,4,5,1,3,4,4,1,2,1,5,3,3,4,3,5,3,2,4,3,4,4,3,2,1,2,1,2,2,4,1,1,5,1,3,2,2,2,3,4,2,3,1,1,2,3,100,[],{},The data row meets all the specified data quality rules.
unbekannt,2006,Baden-Württemberg,Studentin / Student,einmal pro Monat,2,3,2,1,3,3,2,5,1,3,2,1,3,4,3,2,3,1,2,3,3,4,3,3,2,3,3,3,4,3,2,1,3,3,2,1,2,1,1,2,1,3,3,3,1,5,1,4,4,3,2,3,2,2,2,72,"[""rule_5"", ""rule_2""]","{""rule_5"": ""The 'geschlecht' is 'unbekannt' while 'beruf' is specified as 'Studentin / Student'."", ""rule_2"": ""The 'alter' indicates a year (2006) that makes the person under 18, but 'beruf' is 'Studentin / Student', which is inconsistent with being underage.""}","The data row has inconsistencies regarding gender and profession, as well as age-related employment suitability."
maennlich,1995,Nordrhein-Westfalen,Studentin / Student,mehrmals pro Woche,2,3,2,3,3,3,1,3,5,3,3,1,1,5,3,2,2,4,3,5,3,4,2,3,3,4,1,4,2,1,5,5,1,1,2,2,1,5,1,3,1,4,3,2,1,3,2,5,2,2,2,1,2,4,3,86,"[""rule_2"", ""rule_7""]","{""rule_2"": ""The 'alter' indicates a year (1995) that makes the person under 18, but 'beruf' is 'Studentin / Student', which is a profession requiring adulthood."", ""rule_7"": ""The 'praef_sorte_alkoholfrei' is rated high (5), but 'konsumhaeufigkeit' is 'mehrmals pro Woche', which is inconsistent.""}",The data row has two violations related to age and consumption preferences.
weiblich,2002,Baden-Württemberg,in Ausbildung/im Freiwilligendienst,mehrmals im Monat,2,3,2,2,3,3,2,4,3,3,5,2,3,4,4,3,2,2,4,4,4,2,3,2,1,3,2,3,2,2,3,1,3,3,2,1,1,2,3,1,1,5,1,2,2,1,2,4,4,3,2,2,3,2,4,86,"[""rule_2"", ""rule_4""]","{""rule_2"": ""The 'alter' indicates a year (2002) that makes the person under 18, but 'beruf' is 'in Ausbildung/im Freiwilligendienst', which is a profession requiring adulthood."", ""rule_4"": ""The 'alkoholverzicht_wichtig' is rated high (4), but 'konsumhaeufigkeit' is 'mehrmals im Monat', which is inconsistent.""}",The data row has some inconsistencies regarding age-related profession and alcohol consumption preferences.
maennlich,keine Angabe,Baden-Württemberg,Studentin / Student,seltener als einmal pro Monat,2,3,2,1,1,3,3,4,2,4,2,2,4,4,5,5,4,2,2,5,4,2,3,3,4,1,2,4,2,3,4,1,1,4,1,2,2,1,5,2,2,5,1,1,3,5,1,3,3,1,1,2,1,2,1,100,[],{},The data row meets all plausibility rules.
weiblich,2003,Baden-Württemberg,Studentin / Student,seltener als einmal pro Monat,2,2,1,3,3,2,2,5,5,4,3,4,1,4,5,5,2,3,2,5,3,4,2,3,5,4,1,5,3,3,4,2,2,3,1,3,1,2,3,5,2,5,1,2,5,5,2,4,4,4,2,3,2,2,3,100,[],{},The data row meets all the specified data quality rules.
maennlich,1997,Baden-Württemberg,Angestellte / Angestellter,seltener als einmal pro Monat,2,2,1,1,2,2,1,2,3,5,1,2,4,5,5,5,3,2,2,5,5,3,2,2,3,4,3,4,3,3,3,4,5,1,1,4,2,1,3,1,1,5,3,1,3,5,4,3,3,3,1,1,4,2,4,86,"[""rule_2"", ""rule_6"", ""rule_7""]","{""rule_2"": ""The 'alter' indicates a year (1997) that makes the person under 18, but 'beruf' is 'Angestellte / Angestellter', which requires adulthood."", ""rule_6"": ""The 'involvement_unverzichtbar' (4) is higher than 'involvement_interesse' (2)."", ""rule_7"": ""The 'praef_sorte_alkoholfrei' (4) is high, but 'konsumhaeufigkeit' is 'seltener als einmal pro Monat', which is inconsistent.""}",The data quality is compromised due to multiple inconsistencies in age-related and involvement ratings.
maennlich,2000,Baden-Württemberg,keine Angabe,mehrmals pro Woche,3,3,2,2,3,3,2,2,4,5,3,1,1,5,3,5,2,4,1,5,5,3,2,2,5,2,3,5,2,3,4,1,4,1,1,2,1,4,5,4,1,3,1,3,3,2,4,2,3,3,1,2,1,2,3,100,[],{},The data row meets all the specified data quality rules.
weiblich,2000,Baden-Württemberg,Angestellte / Angestellter,mehrmals im Monat,3,3,1,2,3,2,3,2,5,5,2,2,2,5,3,3,4,3,3,4,4,4,3,4,3,2,3,2,1,3,3,1,3,1,3,1,2,4,5,2,1,2,3,5,2,3,1,1,1,3,1,1,1,2,3,86,"[""rule_2""]","{""rule_2"": ""The 'alter' indicates a year (2000) that makes the person under 18 (current year 2023), but 'beruf' is 'Angestellte / Angestellter', which requires adulthood.""}",The data row has one violation related to age and profession consistency.
maennlich,2002,Nordrhein-Westfalen,in Ausbildung/im Freiwilligendienst,seltener als einmal pro Monat,2,2,3,3,3,2,3,4,2,5,2,4,1,4,4,2,3,4,1,4,3,4,5,3,1,2,3,3,3,3,4,2,2,1,1,3,1,3,1,1,2,4,2,2,2,5,1,2,1,5,1,2,1,2,3,100,[],{},The data row meets all quality standards without any violations.
maennlich,2000,Baden-Württemberg,Studentin / Student,mehrmals im Monat,2,3,1,2,3,3,2,4,1,3,2,3,4,4,2,3,2,3,4,4,4,2,2,2,3,3,3,3,2,3,4,2,2,2,1,3,1,5,4,5,1,2,2,2,3,4,3,3,5,5,1,4,1,2,4,86,"[""rule_2"", ""rule_4""]","{""rule_2"": ""The 'alter' indicates a year (2000) that makes the person under 18 (current year is 2023), but 'beruf' is 'Studentin / Student', which is inconsistent with being underage."", ""rule_4"": ""The 'alkoholverzicht_wichtig' is rated high (4), but 'konsumhaeufigkeit' is 'mehrmals im Monat', which is inconsistent.""}",The data row has some inconsistencies regarding age-related profession and alcohol consumption preferences.
weiblich,1998,Baden-Württemberg,keine Angabe,mehrmals im Monat,2,1,1,1,2,3,3,1,3,3,2,4,2,2,2,4,3,1,4,5,2,4,3,3,3,4,3,4,1,4,4,3,1,2,1,2,1,4,5,2,4,4,1,2,2,3,2,3,4,1,2,3,1,1,3,100,[],{},The data row meets all the specified data quality rules.
weiblich,1998,Baden-Württemberg,keine Angabe,mehrmals pro Woche,2,3,1,1,3,3,2,4,2,4,4,3,4,4,1,3,1,4,1,4,3,3,2,2,2,2,4,5,3,3,4,1,3,1,2,1,2,2,5,2,1,5,2,2,1,4,2,3,4,5,3,2,1,2,3,100,[],{},The data row meets all the specified data quality rules.
weiblich,1998,Baden-Württemberg,Studentin / Student,seltener als einmal pro Monat,3,3,2,1,1,3,3,4,1,5,2,1,2,3,3,2,3,1,1,5,4,3,3,1,3,3,4,2,2,1,4,1,2,1,1,1,2,5,5,4,4,5,1,2,2,5,1,2,2,1,2,3,2,2,3,100,[],{},The data row meets all quality standards.
maennlich,2003,Baden-Württemberg,Angestellte / Angestellter,einmal pro Monat,2,3,1,1,3,2,2,5,3,5,1,5,2,5,1,5,2,3,1,5,1,4,3,3,2,4,2,5,5,3,3,2,2,5,1,1,1,2,4,3,2,5,1,3,1,3,3,4,5,2,1,2,1,2,4,86,"[""rule_2""]","{""rule_2"": ""The 'alter' indicates a year (2003) that makes the person under 18, but 'beruf' is 'Angestellte / Angestellter', which requires adulthood.""}",The data row has one violation related to age and profession consistency.
maennlich,2002,Baden-Württemberg,Studentin / Student,mehrmals im Monat,2,3,2,1,3,3,1,1,2,5,2,3,1,2,1,4,4,2,1,5,3,3,3,2,3,4,3,3,2,3,4,2,3,1,1,2,1,4,4,1,5,5,3,5,3,1,1,2,1,3,3,2,4,2,4,86,"[""rule_2""]","{""rule_2"": ""The 'alter' indicates a year (2002) that makes the person under 18, but 'beruf' is 'Studentin / Student', which is a profession requiring adulthood.""}",The data row has one violation related to age and profession consistency.
maennlich,2000,Baden-Württemberg,keine Angabe,mehrmals im Monat,3,3,3,1,3,3,1,5,1,3,1,2,1,4,2,3,1,3,2,4,4,4,3,2,3,2,3,5,3,4,2,2,2,1,3,2,1,3,1,3,2,3,1,1,2,4,2,4,4,2,1,2,1,1,3,100,[],{},The data row meets all the plausibility rules.
maennlich,2004,keine Angabe,keine Angabe,seltener als einmal pro Monat,2,3,2,1,3,3,2,1,4,2,2,3,1,4,3,5,2,2,3,5,4,4,1,2,3,2,4,5,3,4,4,1,5,3,1,2,5,3,3,3,2,4,1,3,1,5,2,3,3,2,4,2,2,2,4,100,[],{},The data row meets all the plausibility rules.
maennlich,1996,Bayern,Studentin / Student,mehrmals im Monat,2,3,2,1,3,3,3,1,1,3,2,5,1,3,5,4,4,2,2,5,3,4,1,2,5,2,1,2,5,3,2,2,3,1,1,3,3,2,5,3,3,5,3,2,3,3,1,3,3,3,4,3,2,2,2,100,[],{},The data row meets all the plausibility rules without any violations.
maennlich,2004,Baden-Württemberg,Angestellte / Angestellter,seltener als einmal pro Monat,3,3,1,2,3,2,1,2,2,3,2,4,4,2,3,3,3,2,1,4,5,4,5,3,3,2,3,5,3,2,4,2,3,1,1,1,1,2,4,3,1,2,3,1,1,5,3,5,3,3,1,1,4,4,3,86,"[""rule_2""]","{""rule_2"": ""The 'alter' indicates a year (2004) that makes the person under 18, but 'beruf' is 'Angestellte / Angestellter', which requires adulthood.""}","The data quality is mostly acceptable, but there is an inconsistency between age and profession."
maennlich,keine Angabe,Baden-Württemberg,Studentin / Student,einmal pro Monat,3,3,1,1,2,3,2,2,2,4,2,1,2,3,1,3,3,2,1,5,4,4,2,1,1,2,3,5,1,4,4,1,5,2,1,1,1,3,1,1,4,5,3,2,4,3,2,5,3,5,2,3,1,2,3,100,[],{},The data row meets all specified plausibility rules.
weiblich,2002,Baden-Württemberg,Studentin / Student,seltener als einmal pro Monat,2,3,2,2,3,3,2,2,3,4,2,2,1,5,3,3,2,1,2,5,3,3,2,1,3,4,3,3,1,2,3,2,1,4,1,2,1,4,5,5,1,3,1,1,1,5,2,4,4,5,3,1,3,2,5,100,[],{},The data row meets all quality standards without any violations.
maennlich,2004,Baden-Württemberg,Studentin / Student,seltener als einmal pro Monat,3,3,2,2,2,3,2,5,2,4,5,1,4,5,1,4,2,1,5,5,4,2,3,2,3,2,4,3,5,3,2,3,3,1,1,1,3,3,4,3,3,5,1,1,2,5,2,2,4,3,2,1,5,2,1,86,"[""rule_2""]","{""rule_2"": ""The 'alter' indicates a year (2004) that makes the person under 18, but 'beruf' is 'Studentin / Student', which is a profession that typically requires adulthood.""}","The data quality is mostly acceptable, but there is an inconsistency between age and profession."
unbekannt,2000,Baden-Württemberg,ohne Beschäftigung,seltener als einmal pro Monat,2,3,1,1,3,2,1,3,2,3,3,3,2,4,1,3,2,3,1,5,4,3,2,2,2,4,2,1,4,4,3,3,3,1,1,3,1,2,4,3,3,2,1,3,5,5,1,3,1,2,3,3,2,3,2,86,"[""rule_5""]","{""rule_5"": ""The 'geschlecht' column is 'unbekannt' while 'beruf' is specified as 'ohne Besch\u00e4ftigung'.""}",The data row has one violation related to the gender and occupation consistency.
unbekannt,1998,Baden-Württemberg,Selbständige / Selbstständiger,seltener als einmal pro Monat,1,3,2,2,3,3,2,2,3,4,5,5,5,2,4,3,3,1,1,5,2,3,2,2,3,2,3,1,3,2,4,1,5,2,1,3,2,1,5,1,1,3,4,2,3,5,2,3,1,5,1,2,3,3,5,72,"[""rule_5""]","{""rule_5"": ""The 'geschlecht' column is 'unbekannt' while 'beruf' is specified as 'Selbst\u00e4ndige / Selbstst\u00e4ndiger'.""}",The data row has one violation related to the gender and profession consistency.
weiblich,2002,Baden-Württemberg,Angestellte / Angestellter,seltener als einmal pro Monat,2,3,2,2,3,3,2,4,4,3,2,2,4,3,3,4,4,1,1,4,4,4,4,1,3,3,5,3,3,3,4,2,3,1,1,1,1,4,1,2,1,5,1,2,5,4,1,3,2,4,3,1,1,2,4,86,"[""rule_2""]","{""rule_2"": ""The 'alter' indicates a year (2002) that makes the person under 18 (current year is 2023), but 'beruf' is 'Angestellte / Angestellter', which requires adulthood.""}","The data quality is mostly good, but there is an inconsistency between age and profession."
unbekannt,keine Angabe,Baden-Württemberg,keine Angabe,einmal pro Monat,3,3,1,1,3,3,2,1,5,4,4,1,1,2,3,5,3,1,2,5,4,4,1,3,1,2,2,3,1,3,3,1,3,1,1,2,2,2,4,4,2,5,1,1,2,2,5,2,3,4,3,2,1,2,3,100,[],{},The data row meets all specified plausibility rules.
weiblich,keine Angabe,Baden-Württemberg,Studentin / Student,mehrmals im Monat,2,3,2,1,3,3,3,3,1,4,2,5,2,4,1,5,2,4,4,5,5,4,2,2,1,2,3,1,1,3,3,3,1,1,2,5,2,1,4,4,2,5,1,2,2,5,1,5,1,3,3,2,3,3,3,100,[],{},The data row meets all specified plausibility rules.
weiblich,2006,Baden-Württemberg,Studentin / Student,mehrmals im Monat,2,2,2,1,2,3,1,1,4,4,2,5,2,4,3,3,2,1,2,5,3,3,4,2,3,4,3,4,3,4,5,5,3,1,1,1,1,1,4,3,2,1,1,2,1,4,3,1,4,3,1,3,1,2,2,72,"[""rule_2"", ""rule_7""]","{""rule_2"": ""The 'alter' indicates a year (2006) that makes the person under 18, but 'beruf' is 'Studentin / Student', which is inconsistent with being underage."", ""rule_7"": ""The 'praef_sorte_alkoholfrei' is rated high (5), but 'konsumhaeufigkeit' is 'mehrmals im Monat', which is inconsistent.""}","The data quality is compromised due to inconsistencies between age and profession, as well as preferences and consumption."
weiblich,2001,Baden-Württemberg,Studentin / Student,seltener als einmal pro Monat,3,3,1,2,2,3,3,4,3,4,4,1,1,4,3,1,2,3,3,5,2,4,3,2,3,3,2,2,2,3,4,1,4,1,1,2,2,2,5,4,1,5,3,2,1,5,2,4,1,3,2,1,2,2,4,100,[],{},The data row meets all the specified data quality rules.
weiblich,keine Angabe,Baden-Württemberg,Studentin / Student,einmal pro Monat,2,3,2,1,2,3,2,5,4,3,3,5,5,4,1,4,3,1,1,5,4,3,1,2,3,2,2,4,2,3,4,3,3,5,2,1,2,2,4,3,1,3,1,2,3,4,2,2,1,5,4,1,3,4,5,100,[],{},The data row meets all specified plausibility rules.
weiblich,2002,Baden-Württemberg,Schülerin / Schüler,mehrmals im Monat,1,3,1,2,3,3,2,4,2,4,3,2,1,3,3,2,2,2,2,5,1,3,1,2,4,4,1,5,2,3,5,2,3,1,1,2,2,2,1,1,1,3,1,2,3,3,1,1,1,2,3,1,2,5,3,86,"[""rule_2""]","{""rule_2"": ""The 'alter' indicates a year (2002) that makes the person under 18, but the 'beruf' is 'Sch\u00fclerin / Sch\u00fcler', which is a profession that typically requires adulthood.""}","The data quality is mostly good, but there is an inconsistency between age and profession."
maennlich,1998,Baden-Württemberg,Studentin / Student,einmal pro Monat,3,3,2,1,3,1,2,4,3,1,1,3,1,3,2,5,2,2,2,5,2,4,2,2,3,2,2,4,3,4,4,2,1,1,4,1,1,4,4,4,2,5,3,2,1,5,2,1,3,4,1,2,2,2,2,100,[],{},The data row meets all the plausibility rules.
maennlich,2000,keine Angabe,Angestellte / Angestellter,mehrmals pro Woche,2,1,1,2,1,3,2,2,1,1,4,2,1,3,5,3,4,1,2,5,4,4,1,2,5,2,2,4,3,3,4,2,3,1,3,2,2,1,3,3,4,5,2,2,3,4,1,5,1,5,1,1,2,2,5,86,"[""rule_2""]","{""rule_2"": ""The 'alter' indicates a year (2000) that makes the person under 18 (current year 2023), but 'beruf' is 'Angestellte / Angestellter', which requires adulthood.""}","The data quality is mostly acceptable, but there is an inconsistency between age and profession."
weiblich,keine Angabe,keine Angabe,keine Angabe,einmal pro Monat,2,3,1,3,2,2,2,2,1,3,2,2,1,3,2,4,2,1,2,4,4,3,4,3,5,4,2,3,2,5,3,2,3,2,1,1,4,1,4,2,3,4,1,2,2,5,1,1,3,3,2,3,1,1,4,100,[],{},The data row meets all specified plausibility rules.
maennlich,2004,Baden-Württemberg,Studentin / Student,mehrmals im Monat,2,3,2,2,3,2,2,5,3,5,3,2,2,2,3,4,1,1,3,5,4,2,1,3,2,2,3,3,4,4,2,2,3,1,2,1,1,3,3,1,1,2,2,2,2,5,2,3,3,3,2,2,1,2,3,86,"[""rule_2""]","{""rule_2"": ""The 'alter' indicates a year (2004) that makes the person under 18, but 'beruf' is 'Studentin / Student', which is a profession that typically requires adulthood.""}",The data row has one violation related to age and profession consistency.
maennlich,1999,Baden-Württemberg,Studentin / Student,mehrmals pro Woche,3,3,2,1,3,3,1,2,4,3,2,3,1,4,3,4,3,4,2,5,3,5,1,1,3,4,2,4,2,5,3,2,3,1,1,2,2,5,3,1,2,3,1,3,1,5,1,3,4,3,1,5,3,3,3,100,[],{},The data row meets all the plausibility rules.
maennlich,2002,Baden-Württemberg,Angestellte / Angestellter,mehrmals im Monat,3,3,3,1,3,2,2,1,2,3,3,4,5,4,1,2,4,1,1,4,3,2,4,2,5,4,2,4,2,2,4,2,4,1,2,2,1,1,1,1,1,5,1,4,2,3,3,3,1,4,1,2,3,2,3,72,"[""rule_2"", ""rule_6""]","{""rule_2"": ""The 'alter' indicates a year (2002) that makes the person under 18 (current year 2023), but 'beruf' is 'Angestellte / Angestellter', which requires adulthood."", ""rule_6"": ""The 'involvement_unverzichtbar' (5) is higher than 'involvement_interesse' (1).""}","The data row has some inconsistencies regarding age and profession, as well as involvement ratings."
maennlich,keine Angabe,Baden-Württemberg,Angestellte / Angestellter,einmal pro Monat,2,3,1,2,3,3,2,2,1,4,4,1,2,4,3,2,5,1,1,5,2,4,2,3,3,4,4,5,2,5,4,2,3,3,2,1,1,3,5,2,2,4,1,2,1,5,4,3,3,1,4,2,1,3,3,100,[],{},The data row meets all specified plausibility rules.
maennlich,2004,Baden-Württemberg,in Ausbildung/im Freiwilligendienst,einmal pro Monat,2,2,1,1,2,3,3,2,4,1,5,1,2,3,5,2,1,1,3,4,4,5,1,4,3,2,4,3,3,5,5,1,4,4,1,1,2,4,3,2,2,1,1,1,2,5,1,3,4,4,1,3,3,2,1,86,"[""rule_2""]","{""rule_2"": ""The 'alter' indicates a year (2004) that makes the person under 18, but 'beruf' is 'in Ausbildung/im Freiwilligendienst', which is a profession requiring adulthood.""}",The data row has one violation related to age and profession consistency.
maennlich,2005,Hessen,Schülerin / Schüler,mehrmals im Monat,3,3,2,2,2,2,2,2,2,3,2,2,2,5,3,4,2,1,1,5,5,3,4,2,3,3,2,3,3,3,4,3,1,2,1,1,2,1,4,5,3,4,1,1,3,3,3,5,1,4,3,2,4,3,3,72,"[""rule_2""]","{""rule_2"": ""The 'alter' indicates a year (2005) that makes the person under 18, but 'beruf' is 'Sch\u00fclerin / Sch\u00fcler', which is a profession requiring adulthood.""}",The data row has one violation related to age and profession consistency.
weiblich,2003,Baden-Württemberg,keine Angabe,seltener als einmal pro Monat,2,2,2,2,3,3,2,5,3,2,3,1,1,3,3,3,3,3,1,4,4,5,2,3,3,2,2,4,2,3,2,1,1,5,3,3,2,2,4,2,1,5,1,1,3,4,2,5,4,1,2,1,3,2,3,100,[],{},The data row meets all the specified data quality rules.
weiblich,1999,Baden-Württemberg,Studentin / Student,mehrmals im Monat,2,3,2,2,3,2,2,3,3,3,2,2,1,5,5,4,2,2,3,4,3,4,1,3,4,2,1,3,2,3,4,3,3,1,1,1,1,3,5,3,1,5,4,3,1,5,2,5,4,1,4,1,2,2,4,86,"[""rule_2""]","{""rule_2"": ""The 'alter' indicates a year (1999) that makes the person under 18 (current year 2023), but 'beruf' is 'Studentin / Student', which is a profession that typically requires adulthood.""}","The data quality is mostly good, but there is an inconsistency between age and profession."
maennlich,2008,Baden-Württemberg,Angestellte / Angestellter,mehrmals im Monat,3,1,2,2,3,2,1,2,2,1,4,3,5,4,2,5,4,2,1,5,5,4,1,3,3,2,2,1,2,3,5,1,4,2,2,1,1,3,5,4,5,3,1,2,5,3,2,3,5,3,1,2,2,1,4,72,"[""rule_2"", ""rule_6""]","{""rule_2"": ""The 'alter' indicates a year (2008) that makes the person under 18, but 'beruf' is 'Angestellte / Angestellter', which requires adulthood."", ""rule_6"": ""The 'involvement_unverzichtbar' (5) is higher than 'involvement_interesse' (2).""}","The data row has inconsistencies regarding age and profession, as well as involvement ratings."
weiblich,keine Angabe,Bayern,keine Angabe,mehrmals im Monat,3,3,1,1,1,3,2,2,2,3,1,2,1,3,2,3,5,1,1,5,2,4,2,2,3,4,3,3,2,5,3,2,3,1,1,3,2,4,4,3,3,5,3,2,4,4,2,3,4,3,1,3,4,2,2,100,[],{},The data row meets all the specified data quality rules.
weiblich,1999,Baden-Württemberg,Studentin / Student,mehrmals pro Woche,2,3,2,2,2,3,2,2,1,1,4,3,4,3,3,3,3,2,2,5,4,4,4,2,3,3,2,2,3,3,3,4,3,3,1,1,2,1,4,3,1,4,1,1,2,4,1,4,3,4,1,2,1,3,4,72,"[""rule_2"", ""rule_7""]","{""rule_2"": ""The 'alter' indicates a year (1999) that makes the person under 18, but 'beruf' is 'Studentin / Student', which is a profession requiring adulthood."", ""rule_7"": ""The 'praef_sorte_alkoholfrei' is rated high (4), but 'konsumhaeufigkeit' is 'mehrmals pro Woche', which is inconsistent.""}",The data quality is compromised due to inconsistencies in age-related profession and preferences.
maennlich,keine Angabe,Baden-Württemberg,Angestellte / Angestellter,mehrmals im Monat,2,3,1,1,3,2,3,2,3,5,2,5,1,4,1,2,4,2,3,5,4,4,1,2,2,4,4,3,1,3,1,4,3,1,2,4,2,2,1,1,1,5,3,2,5,3,1,5,3,3,3,2,3,2,2,100,[],{},The data row meets all the specified data quality rules.
maennlich,2002,Baden-Württemberg,keine Angabe,mehrmals pro Woche,2,3,1,3,2,1,2,3,1,4,1,3,3,4,2,4,4,1,2,4,4,2,3,2,5,2,3,1,3,3,4,3,1,1,1,2,1,2,5,3,2,5,3,3,1,3,2,4,3,4,3,3,3,2,1,100,[],{},The data row meets all the specified data quality rules.
weiblich,1998,keine Angabe,Studentin / Student,mehrmals im Monat,2,3,2,1,3,3,2,2,3,3,3,2,1,3,3,2,3,4,1,5,4,4,4,1,3,3,4,3,2,3,4,3,2,3,1,2,2,4,2,1,1,4,3,2,2,5,2,5,3,4,1,2,2,2,2,100,[],{},The data row meets all specified data quality rules.
weiblich,2003,Baden-Württemberg,Angestellte / Angestellter,mehrmals im Monat,3,3,2,3,2,3,2,3,1,1,2,3,1,2,1,2,3,1,2,4,4,5,1,2,2,4,2,3,2,3,1,1,4,4,4,1,3,3,3,3,1,3,3,3,2,3,2,3,1,3,1,3,1,2,1,72,"[""rule_2""]","{""rule_2"": ""The 'alter' indicates a year (2003) that makes the person under 18, but 'beruf' is 'Angestellte / Angestellter', which requires adulthood.""}",The data quality is acceptable but has one significant violation regarding age and profession consistency.
unbekannt,2004,Baden-Württemberg,Angestellte / Angestellter,mehrmals pro Woche,2,2,1,1,2,3,2,2,2,4,2,3,1,5,1,3,1,2,1,5,4,4,2,3,3,2,3,3,2,3,4,2,3,1,2,1,1,2,4,5,2,4,1,1,2,4,2,3,3,2,1,2,1,2,5,72,"[""rule_2"", ""rule_5""]","{""rule_2"": ""The 'alter' indicates a year (2004) that makes the person under 18, but 'beruf' is 'Angestellte / Angestellter', which requires adulthood."", ""rule_5"": ""The 'geschlecht' is 'unbekannt' while 'beruf' is specified as 'Angestellte / Angestellter'.""}",The data row contains inconsistencies regarding age-related profession requirements and gender specification.
weiblich,1995,keine Angabe,Studentin / Student,mehrmals im Monat,3,3,3,2,3,3,1,2,3,3,2,2,4,5,1,5,2,3,1,4,1,3,2,3,3,2,4,3,3,3,4,4,5,1,2,1,1,3,4,5,4,5,1,5,3,5,3,4,1,3,1,1,4,1,2,100,[],{},The data row meets all the specified data quality rules.
weiblich,2002,Baden-Württemberg,Studentin / Student,mehrmals im Monat,2,3,2,1,2,3,2,1,3,4,1,1,1,2,2,4,5,5,5,5,3,4,3,3,2,1,3,5,4,4,2,5,2,3,1,1,3,2,5,4,1,5,2,1,3,3,2,2,2,3,1,3,4,2,3,86,"[""rule_2"", ""rule_4"", ""rule_7""]","{""rule_2"": ""The 'alter' indicates a year (2002) that makes the person under 18, but 'beruf' is 'Studentin / Student', which is a profession requiring adulthood."", ""rule_4"": ""The 'alkoholverzicht_wichtig' is rated high (5), but 'konsumhaeufigkeit' is 'mehrmals im Monat', which is inconsistent."", ""rule_7"": ""The 'praef_sorte_alkoholfrei' is rated high (5), but 'konsumhaeufigkeit' is 'mehrmals im Monat', which is inconsistent.""}",The data row has multiple inconsistencies regarding age-related professions and consumption habits.
maennlich,2003,Baden-Württemberg,Angestellte / Angestellter,mehrmals im Monat,3,3,2,3,2,3,1,2,5,5,4,3,3,5,4,4,2,1,3,4,2,4,3,2,5,3,2,3,2,5,1,2,4,3,1,1,2,4,2,4,4,2,1,2,4,1,2,4,4,3,2,2,2,2,3,86,"[""rule_2""]","{""rule_2"": ""The 'alter' indicates a year (2003) that makes the person under 18, but 'beruf' is 'Angestellte / Angestellter', which requires adulthood.""}",The data row has one violation related to age and profession consistency.
weiblich,2004,Baden-Württemberg,Angestellte / Angestellter,mehrmals im Monat,2,3,2,1,3,3,2,5,1,3,1,1,2,5,5,2,1,1,5,4,1,4,4,2,2,3,5,5,3,3,2,1,5,2,4,2,3,1,5,3,5,5,2,2,3,5,2,3,3,3,3,1,2,2,2,72,"[""rule_2"", ""rule_4""]","{""rule_2"": ""The 'alter' indicates a year (2004) that makes the person under 18 (current year is 2023), but 'beruf' is 'Angestellte / Angestellter', which requires adulthood."", ""rule_4"": ""The 'alkoholverzicht_wichtig' is rated high (5), but 'konsumhaeufigkeit' is 'mehrmals im Monat', which is inconsistent.""}",The data row has multiple quality issues related to age and consumption patterns.
weiblich,2005,Bayern,in Ausbildung/im Freiwilligendienst,einmal pro Monat,3,2,2,1,1,3,2,2,4,3,1,2,1,4,2,4,5,4,2,2,4,4,2,2,4,2,3,3,5,4,2,2,3,1,3,1,1,3,3,1,2,5,2,1,1,4,1,2,1,5,2,1,4,2,5,86,"[""rule_2""]","{""rule_2"": ""The 'alter' indicates a year (2005) that makes the person under 18, but the 'beruf' is 'in Ausbildung/im Freiwilligendienst', which is a profession requiring adulthood.""}",The data row has one violation related to age and profession consistency.
maennlich,2007,Baden-Württemberg,Angestellte / Angestellter,mehrmals pro Woche,2,3,1,2,1,3,2,5,4,5,1,1,1,2,3,4,2,1,1,5,5,5,2,2,3,2,2,3,4,3,1,2,3,1,1,2,1,3,4,4,1,3,1,2,4,3,1,3,4,3,2,1,2,2,4,72,"[""rule_2""]","{""rule_2"": ""The 'alter' indicates a year (2007) that makes the person under 18, but 'beruf' is 'Angestellte / Angestellter', which requires adulthood.""}",The data row has one violation related to age and profession consistency.
weiblich,1998,Sachsen,Studentin / Student,einmal pro Monat,2,3,1,1,3,3,3,2,2,2,5,1,1,4,4,4,5,1,5,4,2,2,1,5,3,5,1,2,2,2,4,4,4,2,3,1,2,4,1,2,3,4,1,5,3,4,2,3,3,1,5,1,2,1,4,86,[],{},The data row adheres to all specified data quality rules.
weiblich,keine Angabe,Baden-Württemberg,Studentin / Student,einmal pro Monat,3,2,2,2,2,2,1,2,3,4,3,4,1,3,3,3,2,5,5,2,3,3,2,2,2,2,2,4,5,1,4,4,1,1,1,2,1,4,1,3,2,5,1,5,3,2,2,4,2,5,2,1,2,2,3,100,[],{},The data row meets all the specified data quality rules.
maennlich,2004,Baden-Württemberg,Studentin / Student,einmal pro Monat,2,3,1,1,3,3,3,4,3,3,3,1,1,5,4,4,3,5,1,5,4,4,3,3,4,2,3,3,3,3,2,4,1,2,3,3,2,1,4,5,1,1,1,2,2,5,2,3,2,2,3,2,3,3,3,86,"[""rule_2"", ""rule_7""]","{""rule_2"": ""The 'alter' indicates a year (2004) that makes the person under 18, but 'beruf' is 'Studentin / Student', which is a profession requiring adulthood."", ""rule_7"": ""The 'praef_sorte_alkoholfrei' is rated high (4), but 'konsumhaeufigkeit' is 'einmal pro Monat', which is inconsistent with the preference.""}",The data row has some inconsistencies regarding age-related profession and preferences.
maennlich,1998,Baden-Württemberg,in Ausbildung/im Freiwilligendienst,seltener als einmal pro Monat,3,2,1,2,3,3,2,3,3,3,3,3,1,5,1,3,3,2,2,5,1,4,3,2,1,4,4,4,3,3,4,3,5,1,3,5,1,3,4,4,4,5,1,1,2,5,2,3,1,4,3,3,1,3,4,100,[],{},The data row meets all the plausibility rules.
maennlich,2003,Baden-Württemberg,Studentin / Student,mehrmals im Monat,3,2,1,2,3,3,3,3,3,3,2,1,1,4,4,1,3,1,1,5,2,4,4,3,3,3,2,4,2,3,3,2,3,1,1,1,4,3,4,1,3,5,5,3,4,3,3,4,3,2,1,1,1,1,1,86,"[""rule_2""]","{""rule_2"": ""The 'alter' indicates a year (2003) that makes the person under 18, but 'beruf' is 'Studentin / Student', which is a profession that typically requires adulthood.""}","The data quality is mostly acceptable, but there is an inconsistency between age and profession."
weiblich,1997,Baden-Württemberg,keine Angabe,seltener als einmal pro Monat,2,3,1,2,2,2,1,4,5,3,1,1,2,3,4,2,3,1,2,5,3,3,4,1,3,2,4,3,4,2,3,3,5,2,1,1,3,2,4,1,1,4,1,3,4,4,2,3,1,3,2,2,3,3,3,100,[],{},The data row meets all the specified data quality rules.
maennlich,2002,Baden-Württemberg,Studentin / Student,seltener als einmal pro Monat,2,3,2,1,3,3,2,3,2,4,2,2,4,4,2,3,3,2,3,4,3,4,2,3,2,2,2,2,3,1,5,2,2,1,1,3,2,2,2,4,3,1,2,2,3,3,1,4,3,2,1,2,3,2,4,100,[],{},The data row meets all specified data quality rules.
unbekannt,2005,Baden-Württemberg,Studentin / Student,mehrmals im Monat,2,3,2,1,3,3,3,2,1,3,1,1,1,5,5,1,5,1,2,5,4,2,1,2,4,2,3,2,1,3,4,4,5,1,2,1,1,1,3,3,2,3,1,2,3,5,3,4,4,4,3,2,2,2,3,72,"[""rule_5"", ""rule_2"", ""rule_7""]","{""rule_5"": ""The 'geschlecht' is 'unbekannt' while 'beruf' is specified as 'Studentin / Student'."", ""rule_2"": ""The 'alter' indicates a year (2005) that makes the person under 18, but 'beruf' is 'Studentin / Student', which is a profession requiring adulthood."", ""rule_7"": ""The 'praef_sorte_alkoholfrei' is rated high (4), but 'konsumhaeufigkeit' is 'mehrmals im Monat'.""}","The data row contains multiple inconsistencies regarding age, gender, and profession."
weiblich,2000,Baden-Württemberg,Angestellte / Angestellter,seltener als einmal pro Monat,3,3,2,2,2,2,1,2,3,5,1,3,1,2,4,4,4,2,1,5,5,2,1,2,3,3,2,3,3,4,5,2,5,2,2,1,3,1,5,2,2,3,4,2,4,3,2,1,3,1,1,2,2,2,4,86,"[""rule_2""]","{""rule_2"": ""The 'alter' indicates a year (2000) that makes the person under 18 (current year 2023), but 'beruf' is 'Angestellte / Angestellter', which requires adulthood.""}","The data quality is mostly good, but there is an inconsistency between age and profession."
maennlich,2000,Baden-Württemberg,Studentin / Student,mehrmals im Monat,2,3,1,1,1,2,3,3,1,4,2,3,1,4,5,4,2,5,3,5,5,4,3,2,3,4,4,5,3,3,3,2,3,1,2,1,1,1,4,3,3,4,1,2,1,3,3,4,5,4,3,3,1,1,3,86,"[""rule_2""]","{""rule_2"": ""The 'alter' indicates a year (2000) that makes the person under 18 (current year 2023), but 'beruf' is 'Studentin / Student', which is a profession requiring adulthood.""}","The data quality is mostly good, but there is an inconsistency between age and profession."
maennlich,2002,Baden-Württemberg,Studentin / Student,täglich,2,3,1,2,3,3,3,2,4,3,1,1,1,3,3,5,1,2,3,5,2,4,3,2,4,2,4,4,2,3,2,1,5,5,1,2,3,3,4,5,1,5,3,1,3,3,3,4,1,3,2,1,2,2,2,86,"[""rule_2""]","{""rule_2"": ""The 'alter' indicates a year (2002) that makes the person under 18, but 'beruf' is 'Studentin / Student', which is a profession that typically requires adulthood.""}","The data quality is mostly good, but there is an inconsistency between age and profession."
maennlich,1997,Bayern,Angestellte / Angestellter,seltener als einmal pro Monat,2,2,2,1,3,3,3,3,2,1,2,2,1,2,3,4,3,4,1,4,4,4,5,2,3,4,2,5,3,2,5,4,3,2,1,2,1,3,5,5,1,2,2,1,3,5,2,4,3,2,3,2,4,2,3,100,[],{},The data row meets all the plausibility rules.
weiblich,2000,Baden-Württemberg,Studentin / Student,mehrmals im Monat,3,3,1,2,3,3,3,5,1,5,2,3,2,5,2,5,4,4,3,5,4,4,2,2,4,2,3,4,1,3,3,1,5,2,3,2,1,2,4,4,3,5,4,1,2,1,1,1,1,5,1,2,2,2,3,86,"[""rule_2""]","{""rule_2"": ""The 'alter' indicates a year (2000) that makes the person under 18 (current year is 2023), but 'beruf' is 'Studentin / Student', which is a profession requiring adulthood.""}","The data quality is mostly good, but there is an inconsistency between age and profession."
weiblich,keine Angabe,keine Angabe,Schülerin / Schüler,einmal pro Monat,2,3,1,3,3,3,2,2,3,5,4,1,1,3,2,2,2,3,3,2,4,3,3,2,3,5,2,3,1,3,3,2,3,2,3,2,3,1,5,4,1,5,3,1,3,5,1,3,2,4,2,1,1,2,4,100,[],{},The data row meets all quality standards.
maennlich,2000,keine Angabe,Studentin / Student,mehrmals im Monat,2,3,1,1,1,2,3,1,2,5,4,1,2,1,1,2,1,4,2,5,4,1,2,2,4,3,2,3,2,3,5,2,4,1,2,2,1,3,2,3,1,5,1,1,2,4,2,4,3,3,3,1,2,2,1,100,[],{},The data row meets all quality standards without any violations.
weiblich,2002,Baden-Württemberg,Studentin / Student,mehrmals im Monat,2,2,2,1,2,2,2,2,3,4,2,1,1,5,3,3,4,1,1,4,5,2,5,2,3,3,2,4,4,3,4,4,1,1,1,1,2,1,4,3,1,2,2,1,4,4,1,5,3,5,1,3,3,2,5,86,"[""rule_2"", ""rule_7""]","{""rule_2"": ""The 'alter' indicates a year (2002) that makes the person under 18, but 'beruf' is 'Studentin / Student', which is a profession requiring adulthood."", ""rule_7"": ""The 'praef_sorte_alkoholfrei' is rated high (4), but 'konsumhaeufigkeit' is 'mehrmals im Monat', which is inconsistent.""}",The data row has two violations related to age and consumption preferences.
unbekannt,2004,Baden-Württemberg,Studentin / Student,seltener als einmal pro Monat,2,3,1,1,1,3,1,2,1,1,2,1,1,4,2,2,1,2,1,4,3,2,3,1,2,4,3,4,3,4,3,4,3,1,1,1,1,1,5,3,2,4,4,2,1,4,2,5,5,5,3,3,2,5,3,72,"[""rule_5""]","{""rule_5"": ""The 'geschlecht' is 'unbekannt' while 'beruf' is specified as 'Studentin / Student'.""}",The data quality is compromised due to an inconsistency between gender and profession.
maennlich,1998,Baden-Württemberg,Selbständige / Selbstständiger,mehrmals im Monat,2,3,2,1,3,2,2,5,5,3,1,3,1,3,3,4,3,3,1,5,5,5,3,2,3,2,3,3,1,5,4,2,3,1,1,1,2,3,5,3,3,4,1,2,2,4,1,1,2,3,2,1,3,2,3,100,[],{},The data row meets all the specified data quality rules.
maennlich,2002,Baden-Württemberg,Angestellte / Angestellter,mehrmals im Monat,2,3,2,1,3,2,2,3,3,3,4,3,2,3,4,5,4,1,1,3,4,4,5,2,2,3,3,2,3,3,2,4,4,3,1,4,1,2,3,4,2,5,1,2,2,5,3,4,3,1,1,2,3,1,3,86,"[""rule_2"", ""rule_7""]","{""rule_2"": ""The 'alter' indicates a year (2002) that makes the person under 18, but 'beruf' is 'Angestellte / Angestellter', which requires adulthood."", ""rule_7"": ""The 'praef_sorte_alkoholfrei' is rated high (4), but 'konsumhaeufigkeit' is 'mehrmals im Monat', which is inconsistent.""}",The data row contains inconsistencies regarding age-related profession eligibility and preferences related to consumption frequency.
weiblich,2004,keine Angabe,Studentin / Student,täglich,3,3,1,2,3,3,3,2,2,2,4,2,4,2,5,5,2,2,2,3,5,3,4,3,3,5,1,5,1,3,3,2,3,1,1,1,3,1,2,3,1,4,3,3,3,3,1,3,4,4,2,1,3,2,1,86,"[""rule_2"", ""rule_6""]","{""rule_2"": ""The 'alter' indicates a year (2004) that makes the person under 18, but 'beruf' is 'Studentin / Student', which is a profession requiring adulthood."", ""rule_6"": ""The 'involvement_unverzichtbar' (4) is higher than 'involvement_interesse' (2).""}",The data row has some inconsistencies regarding age-related profession and involvement ratings.
weiblich,2003,Baden-Württemberg,Angestellte / Angestellter,seltener als einmal pro Monat,2,3,2,2,2,3,2,3,3,4,2,3,5,3,3,4,4,2,2,5,4,3,2,2,1,2,4,5,1,3,2,3,4,2,1,1,1,4,3,1,2,3,3,5,1,5,2,3,1,3,3,3,1,2,4,86,"[""rule_2"", ""rule_6""]","{""rule_2"": ""The 'alter' indicates a year (2003) that makes the person under 18, but 'beruf' is 'Angestellte / Angestellter', which requires adulthood."", ""rule_6"": ""The 'involvement_unverzichtbar' (5) is higher than 'involvement_interesse' (3).""}","The data row contains inconsistencies regarding age and profession, as well as involvement ratings."
weiblich,2005,Baden-Württemberg,ohne Beschäftigung,mehrmals im Monat,3,2,2,1,2,2,1,4,3,4,4,4,1,4,2,3,4,2,3,4,5,5,2,1,4,3,3,3,4,3,3,2,3,1,1,1,1,3,1,2,2,4,1,2,3,5,2,5,3,5,2,2,1,2,3,86,"[""rule_2""]","{""rule_2"": ""The 'alter' indicates a year (2005) that makes the person under 18, but the 'beruf' is 'ohne Besch\u00e4ftigung', which is acceptable. However, if the profession were to require adulthood, it would be a violation.""}","The data quality is generally good, with one rule violation regarding age and profession consistency."
maennlich,2004,Baden-Württemberg,Schülerin / Schüler,einmal pro Monat,2,3,1,3,3,3,3,1,3,2,3,2,2,1,2,3,3,5,2,5,2,4,2,3,2,4,3,4,3,3,4,3,3,1,2,2,1,5,1,2,1,5,1,1,3,5,1,1,2,3,2,1,2,2,5,86,"[""rule_2""]","{""rule_2"": ""The 'alter' indicates a year (2004) that makes the person under 18, but 'beruf' is 'Sch\u00fclerin / Sch\u00fcler', which is a profession requiring adulthood.""}",The data row has one violation related to age and profession consistency.
weiblich,1996,Bayern,Angestellte / Angestellter,mehrmals im Monat,2,3,1,1,3,3,2,1,1,4,1,3,1,4,5,4,3,2,2,4,4,5,2,2,3,2,2,5,2,2,3,2,4,5,1,1,2,5,3,3,1,5,1,2,1,4,1,1,3,3,4,1,2,3,1,72,"[""rule_2""]","{""rule_2"": ""The 'alter' indicates a year (1996) that makes the person under 18, but 'beruf' is 'Angestellte / Angestellter', which requires adulthood.""}",The data row has one violation related to age and profession consistency.
weiblich,2002,Baden-Württemberg,Angestellte / Angestellter,mehrmals im Monat,2,3,2,1,3,3,2,2,3,3,4,1,4,3,3,5,2,1,3,4,4,4,3,4,3,4,4,3,5,5,2,2,3,1,1,1,3,4,4,3,2,3,1,2,2,3,2,4,5,3,4,3,2,2,4,86,"[""rule_2""]","{""rule_2"": ""The 'alter' indicates a year (2002) that makes the person under 18 (current year 2023), while 'beruf' is 'Angestellte / Angestellter', which requires adulthood.""}","The data quality is mostly good, but there is an inconsistency between age and profession."
maennlich,2006,Baden-Württemberg,Angestellte / Angestellter,seltener als einmal pro Monat,2,3,2,1,3,2,3,5,2,5,3,2,5,1,3,4,4,5,1,5,4,3,3,4,3,2,2,4,3,3,1,1,3,1,2,1,4,2,4,4,1,4,2,2,2,5,2,2,3,3,2,3,2,2,1,86,"[""rule_2""]","{""rule_2"": ""The 'alter' indicates a year (2006) that makes the person under 18, but 'beruf' is 'Angestellte / Angestellter', which requires adulthood.""}",The data row has one violation related to age and profession consistency.
weiblich,2001,Niedersachsen,Studentin / Student,mehrmals im Monat,2,3,1,1,3,3,2,4,1,1,2,3,1,5,3,3,1,2,1,4,3,5,1,1,1,4,2,2,5,3,5,3,2,1,1,1,1,3,1,3,1,5,2,2,2,4,1,3,2,5,1,3,2,1,4,86,"[""rule_2""]","{""rule_2"": ""The 'alter' indicates a year (2001) that makes the person under 18, but 'beruf' is 'Studentin / Student', which is a profession requiring adulthood.""}","The data quality is mostly good, but there is an inconsistency between age and profession."
weiblich,2002,Baden-Württemberg,Angestellte / Angestellter,seltener als einmal pro Monat,2,3,2,2,2,3,2,5,3,1,3,1,4,5,4,3,3,3,3,2,3,4,1,2,3,4,4,5,2,3,3,2,3,1,2,3,3,4,2,3,3,4,3,4,4,1,2,3,4,5,2,3,3,2,3,86,"[""rule_2""]","{""rule_2"": ""The 'alter' indicates a year (2002) that makes the person under 18 (current year 2023), but 'beruf' is 'Angestellte / Angestellter', which requires adulthood.""}",The data row has one violation related to age and profession consistency.
maennlich,2003,Baden-Württemberg,Angestellte / Angestellter,mehrmals im Monat,2,3,1,2,3,3,2,4,3,2,1,1,1,5,4,4,3,3,1,4,2,1,3,1,3,4,4,3,5,5,3,4,1,1,1,2,1,2,1,4,1,4,3,3,1,3,1,2,5,2,2,2,2,2,3,72,"[""rule_2""]","{""rule_2"": ""The 'alter' indicates a year (2003) that makes the person under 18, but 'beruf' is 'Angestellte / Angestellter', which requires adulthood.""}",The data row has one violation related to age and profession consistency.
maennlich,keine Angabe,Nordrhein-Westfalen,Angestellte / Angestellter,seltener als einmal pro Monat,1,3,1,2,2,2,2,4,1,4,3,3,1,4,1,4,2,2,3,5,2,4,1,2,2,3,3,4,3,3,2,3,2,2,1,1,2,2,5,5,1,5,1,5,2,2,2,3,3,2,1,1,3,2,3,100,[],{},The data row meets all the specified data quality rules.
weiblich,keine Angabe,Baden-Württemberg,Studentin / Student,mehrmals pro Woche,3,2,2,1,2,2,2,2,2,4,3,3,1,3,4,4,1,5,3,5,3,4,2,2,3,5,4,5,3,1,4,2,3,2,2,2,1,5,4,3,1,4,3,2,2,4,1,2,2,3,2,2,1,4,3,100,[],{},The data row meets all the specified data quality rules.
maennlich,1998,Baden-Württemberg,Studentin / Student,mehrmals im Monat,2,3,2,1,1,3,2,3,2,2,3,4,1,3,4,4,2,3,1,3,4,4,1,3,2,2,1,3,1,3,2,1,4,4,1,5,1,4,1,3,5,4,1,2,1,3,2,4,1,3,2,4,2,2,2,100,[],{},The data row meets all quality standards.
unbekannt,keine Angabe,Baden-Württemberg,Angestellte / Angestellter,seltener als einmal pro Monat,2,3,3,3,2,1,3,2,3,3,2,5,3,5,4,2,2,1,3,4,4,1,3,2,2,3,3,2,1,4,3,2,3,1,1,2,1,1,3,3,1,5,1,2,4,3,2,5,1,2,2,1,2,4,4,86,"[""rule_5""]","{""rule_5"": ""The 'geschlecht' is 'unbekannt' while 'beruf' is specified as 'Angestellte / Angestellter', which is inconsistent.""}","The data quality is mostly acceptable, with one inconsistency detected."
weiblich,2006,keine Angabe,Studentin / Student,mehrmals im Monat,2,3,1,1,3,3,2,3,1,3,4,1,1,5,4,4,2,1,2,5,4,4,2,4,3,2,3,4,1,3,4,3,2,1,1,2,3,1,4,5,2,5,1,1,3,5,2,1,2,2,1,1,3,2,3,86,"[""rule_2""]","{""rule_2"": ""The 'alter' indicates a year (2006) that makes the person under 18, but 'beruf' is 'Studentin / Student', which is a profession that typically requires adulthood.""}","The data quality is mostly good, but there is an inconsistency between age and profession."
weiblich,2006,Baden-Württemberg,Studentin / Student,seltener als einmal pro Monat,3,3,1,1,1,3,1,5,2,3,3,5,3,4,1,5,5,3,1,5,4,5,1,2,2,4,2,4,2,3,4,1,3,3,2,5,3,1,5,4,2,3,2,2,1,4,2,4,3,5,1,3,1,4,3,86,"[""rule_2""]","{""rule_2"": ""The 'alter' indicates a year (2006) that makes the person under 18, but 'beruf' is 'Studentin / Student', which is inconsistent with being underage.""}","The data quality is mostly good, but there is an inconsistency between age and profession."
maennlich,2003,Baden-Württemberg,keine Angabe,mehrmals im Monat,2,3,1,2,2,3,3,2,2,3,1,1,3,3,2,2,4,5,1,4,3,3,5,3,2,3,3,4,1,2,3,1,1,1,5,2,1,3,3,3,1,5,1,3,3,5,2,1,1,4,1,2,3,2,3,100,[],{},The data row meets all the plausibility rules.
unbekannt,2000,Baden-Württemberg,Studentin / Student,mehrmals im Monat,3,3,1,2,3,3,2,1,4,1,3,3,3,1,2,3,3,1,1,5,4,3,3,2,5,2,2,4,3,5,3,2,4,1,1,1,2,1,1,3,2,5,3,3,1,3,1,2,3,3,2,3,3,2,3,86,"[""rule_5""]","{""rule_5"": ""The 'geschlecht' column is 'unbekannt' while 'beruf' is specified as 'Studentin / Student'.""}",The data row has a violation related to the gender and profession consistency.
maennlich,2004,keine Angabe,Studentin / Student,mehrmals pro Woche,2,2,2,3,2,3,2,3,3,4,5,2,1,5,3,4,1,1,3,5,4,2,3,3,3,2,3,5,2,3,5,2,2,4,1,1,2,4,2,3,3,5,1,1,5,4,2,2,1,4,1,2,3,4,1,86,"[""rule_2""]","{""rule_2"": ""The 'alter' indicates a year (2004) that makes the person under 18, but 'beruf' is 'Studentin / Student', which is a profession requiring adulthood.""}","The data quality is mostly good, but there is an inconsistency between age and profession."
maennlich,1997,Baden-Württemberg,Angestellte / Angestellter,mehrmals pro Woche,2,1,2,1,3,3,2,2,3,5,3,1,5,3,4,5,3,2,3,5,3,5,3,1,1,2,3,1,5,3,5,2,4,1,1,2,1,3,1,3,4,4,1,2,5,5,1,2,2,2,2,3,1,3,3,72,"[""rule_2"", ""rule_6""]","{""rule_2"": ""The 'alter' indicates a year (1997) that makes the person under 18, but 'beruf' is 'Angestellte / Angestellter', which requires adulthood."", ""rule_6"": ""The 'involvement_unverzichtbar' (5) is higher than 'involvement_interesse' (2).""}",The data row contains inconsistencies regarding age-related profession requirements and involvement ratings.
weiblich,keine Angabe,Baden-Württemberg,Angestellte / Angestellter,mehrmals im Monat,2,3,2,1,2,2,2,4,1,3,5,1,4,3,4,4,3,2,2,5,2,4,3,1,5,5,3,2,2,3,4,3,5,1,2,1,2,1,4,1,2,5,1,2,3,4,2,1,3,5,1,2,1,2,3,100,[],{},The data row meets all the specified plausibility rules.
weiblich,keine Angabe,Baden-Württemberg,Studentin / Student,mehrmals im Monat,2,3,1,1,2,1,2,3,1,5,1,3,1,4,2,4,2,2,3,5,4,3,3,2,4,4,3,3,2,3,4,4,3,1,1,4,5,4,1,3,2,4,1,4,2,3,5,1,5,1,2,3,2,4,3,100,[],{},The data row meets all quality standards with no violations.
maennlich,2006,Baden-Württemberg,Studentin / Student,täglich,2,3,2,2,1,2,3,5,2,3,3,3,2,1,2,4,1,4,3,5,4,3,2,4,3,4,2,3,2,3,5,2,3,2,2,1,2,3,2,3,5,3,1,2,3,2,2,5,2,5,1,4,2,1,1,86,"[""rule_2""]","{""rule_2"": ""The 'alter' indicates a year (2006) that makes the person under 18 (current year is 2023), while 'beruf' is 'Studentin / Student', which is a profession requiring adulthood.""}",The data row has one violation related to age and profession consistency.
maennlich,2004,Nordrhein-Westfalen,Schülerin / Schüler,einmal pro Monat,3,3,1,1,3,3,2,4,3,5,3,3,4,2,3,2,3,1,2,4,3,4,2,1,5,2,3,3,2,3,1,2,1,2,1,3,5,3,5,3,2,5,1,1,5,5,2,3,3,1,3,2,2,3,5,86,"[""rule_2""]","{""rule_2"": ""The 'alter' indicates a year (2004) that makes the person under 18 (current year is 2023), and 'beruf' is 'Sch\u00fclerin / Sch\u00fcler', which is a profession requiring adulthood.""}",The data row has one violation related to age and profession consistency.
maennlich,2002,Baden-Württemberg,keine Angabe,täglich,2,3,1,2,3,3,2,2,5,5,2,2,1,4,3,5,3,4,1,5,2,3,3,2,5,2,2,3,2,5,2,4,3,1,2,1,2,1,5,4,5,5,3,2,2,5,2,3,3,5,3,1,4,3,3,100,[],{},The data row meets all the plausibility rules.
weiblich,keine Angabe,Bayern,Studentin / Student,mehrmals pro Woche,3,3,2,1,2,2,2,2,5,4,2,3,2,5,3,5,3,1,4,5,4,3,1,5,3,5,4,2,3,3,4,2,3,1,1,3,2,1,5,3,2,2,1,3,1,5,2,3,3,4,1,3,3,2,3,100,[],{},The data row meets all the plausibility rules.
weiblich,2004,Baden-Württemberg,Studentin / Student,einmal pro Monat,2,3,1,1,3,2,2,1,2,2,5,2,2,2,3,5,3,4,1,4,3,3,4,2,5,3,4,4,2,1,4,5,3,1,1,1,2,1,4,3,1,5,2,2,4,4,2,4,3,4,2,3,2,2,2,86,"[""rule_2"", ""rule_7""]","{""rule_2"": ""The 'alter' indicates a year (2004) that makes the person under 18, but 'beruf' is 'Studentin / Student', which is a profession requiring adulthood."", ""rule_7"": ""The 'praef_sorte_alkoholfrei' is rated high (5), but 'konsumhaeufigkeit' is 'einmal pro Monat', which is inconsistent with the high preference.""}","The data quality is compromised due to inconsistencies between age and profession, as well as preferences and consumption patterns."
unbekannt,2000,Baden-Württemberg,Studentin / Student,mehrmals im Monat,1,3,1,1,3,2,1,5,1,3,3,2,1,3,1,4,3,2,3,4,4,3,5,2,5,4,3,4,1,3,4,2,3,1,1,2,1,3,4,1,1,5,3,2,3,5,3,3,3,2,2,2,4,2,4,72,"[""rule_5"", ""rule_2""]","{""rule_5"": ""The 'geschlecht' is 'unbekannt' while 'beruf' is specified as 'Studentin / Student'."", ""rule_2"": ""The 'alter' indicates a year (2000) that makes the person under 18, but 'beruf' is 'Studentin / Student', which is inconsistent.""}","The data row has inconsistencies regarding gender and profession, as well as age-related profession requirements."
unbekannt,1999,Baden-Württemberg,Studentin / Student,seltener als einmal pro Monat,2,3,2,1,3,3,3,1,3,3,1,1,3,4,3,4,2,2,2,4,2,5,2,2,5,2,1,5,3,3,3,2,5,1,1,1,2,4,3,4,1,5,2,3,4,4,2,3,3,2,2,2,2,2,5,86,"[""rule_5""]","{""rule_5"": ""The 'geschlecht' is 'unbekannt' while 'beruf' is specified as 'Studentin / Student'.""}",The data row has one violation related to the gender and profession consistency.
weiblich,2000,Baden-Württemberg,Schülerin / Schüler,einmal pro Monat,2,3,1,1,3,3,3,5,1,5,3,2,1,4,3,4,1,4,4,4,4,4,3,1,5,4,4,3,2,3,4,3,3,4,1,1,1,1,1,3,5,5,1,2,2,3,1,3,3,3,2,3,2,4,3,86,"[""rule_2""]","{""rule_2"": ""The 'alter' indicates a year (2000) that makes the person under 18 (current year 2023), but 'beruf' is 'Sch\u00fclerin / Sch\u00fcler', which is a profession requiring adulthood.""}","The data quality is mostly acceptable, with one significant violation regarding age and profession consistency."
weiblich,2000,Baden-Württemberg,Angestellte / Angestellter,seltener als einmal pro Monat,3,3,1,1,3,3,2,2,1,4,1,2,1,2,1,4,2,4,2,4,5,3,1,3,3,2,2,2,2,4,3,3,3,2,1,1,4,3,3,3,5,5,1,4,2,5,2,4,2,3,1,2,4,3,5,100,[],{},The data row meets all quality standards.
weiblich,2000,keine Angabe,Angestellte / Angestellter,mehrmals im Monat,3,3,2,2,2,3,2,1,1,3,2,5,1,4,2,3,1,4,1,4,2,4,5,2,4,2,2,3,2,2,2,4,3,1,3,4,1,2,3,2,3,4,1,2,3,5,2,5,4,3,3,4,2,2,2,86,"[""rule_2"", ""rule_7""]","{""rule_2"": ""The 'alter' indicates a year (2000) that makes the person under 18, but 'beruf' is 'Angestellte / Angestellter', which requires adulthood."", ""rule_7"": ""The 'praef_sorte_alkoholfrei' is rated high (4), but 'konsumhaeufigkeit' is 'mehrmals im Monat', which is inconsistent.""}",The data row has some inconsistencies regarding age-related profession and preferences.
maennlich,keine Angabe,Bayern,Studentin / Student,mehrmals im Monat,3,3,2,2,3,3,2,4,2,3,1,1,3,5,3,4,2,1,1,5,4,4,4,4,5,4,3,2,3,4,5,1,4,1,2,1,1,4,3,3,1,3,2,2,1,1,2,5,4,5,2,2,2,1,4,100,[],{},The data row meets all the plausibility rules.
unbekannt,2001,Baden-Württemberg,Studentin / Student,mehrmals im Monat,2,3,1,3,1,2,2,2,3,3,3,1,1,3,4,3,4,3,3,4,5,5,2,2,1,2,4,3,2,3,4,1,3,4,3,1,1,3,4,3,2,5,1,3,3,5,2,1,1,5,2,3,1,2,3,72,"[""rule_5"", ""rule_2""]","{""rule_5"": ""The 'geschlecht' is 'unbekannt' while 'beruf' is specified as 'Studentin / Student'."", ""rule_2"": ""The 'alter' indicates a year (2001) that makes the person under 18, but 'beruf' is 'Studentin / Student', which is inconsistent.""}","The data row contains inconsistencies regarding gender and profession, as well as age-related profession requirements."
weiblich,1999,Baden-Württemberg,Angestellte / Angestellter,mehrmals pro Woche,2,3,1,3,3,3,1,3,2,4,4,3,1,4,3,2,2,5,2,5,4,3,2,2,2,3,2,4,4,3,5,1,1,1,3,1,1,3,5,5,5,3,1,1,3,4,2,3,1,3,2,1,4,2,2,72,"[""rule_2""]","{""rule_2"": ""The 'alter' indicates a year (1999) that makes the person under 18, but 'beruf' is 'Angestellte / Angestellter', which requires adulthood.""}",The data row has one violation related to age and profession consistency.
maennlich,2005,keine Angabe,Angestellte / Angestellter,mehrmals im Monat,3,3,3,1,1,2,1,5,3,4,2,3,1,4,3,2,2,1,1,5,3,4,4,4,1,4,2,5,2,4,4,4,3,1,2,1,4,3,5,3,1,5,1,2,3,3,5,5,3,2,4,1,3,1,3,72,"[""rule_2""]","{""rule_2"": ""The 'alter' indicates a year (2005) that makes the person under 18, but 'beruf' is 'Angestellte / Angestellter', which requires adulthood.""}",The data row has one violation related to age and profession consistency.
weiblich,2008,Baden-Württemberg,keine Angabe,mehrmals im Monat,2,3,1,1,3,3,3,4,2,4,2,1,1,4,2,4,2,1,3,5,4,1,1,2,4,4,1,5,2,4,4,2,4,1,1,2,4,5,4,1,1,5,3,1,1,5,2,4,1,3,1,2,2,2,3,86,"[""rule_2""]","{""rule_2"": ""The 'alter' indicates a year (2008) that makes the person under 18, but 'beruf' is 'keine Angabe', which does not violate the rule.""}","The data quality is mostly acceptable, with one rule violation regarding age and profession consistency."
weiblich,2002,Baden-Württemberg,Angestellte / Angestellter,mehrmals im Monat,2,3,2,2,3,3,3,1,4,4,2,4,2,3,5,1,1,1,4,5,5,3,4,2,2,2,4,4,1,2,4,4,1,2,1,2,2,2,5,2,1,5,1,2,2,2,1,4,4,4,2,2,3,2,3,72,"[""rule_2"", ""rule_4"", ""rule_7""]","{""rule_2"": ""The age calculated from 'alter' (2002) indicates the person is under 18, but 'beruf' is 'Angestellte / Angestellter', which requires adulthood."", ""rule_4"": ""The 'alkoholverzicht_wichtig' is rated 4, but 'konsumhaeufigkeit' is 'mehrmals im Monat', which is inconsistent."", ""rule_7"": ""The 'praef_sorte_alkoholfrei' is rated 4, but 'konsumhaeufigkeit' is 'mehrmals im Monat', which is inconsistent.""}","The data row has multiple inconsistencies related to age, profession, and consumption habits."
weiblich,2005,Nordrhein-Westfalen,Schülerin / Schüler,mehrmals pro Woche,3,3,2,2,3,3,1,2,2,3,2,2,1,5,4,2,3,4,1,4,3,4,3,3,3,2,1,4,3,3,5,1,2,3,1,2,2,5,1,1,3,5,2,2,1,4,2,3,3,3,2,1,4,2,3,72,"[""rule_2""]","{""rule_2"": ""The 'alter' indicates a year (2005) that makes the person under 18, but 'beruf' is 'Sch\u00fclerin / Sch\u00fcler', which is a profession requiring adulthood.""}",The data row has one violation related to age and profession consistency.
weiblich,2005,Baden-Württemberg,Studentin / Student,mehrmals im Monat,3,3,1,3,2,2,2,5,1,1,1,5,2,5,4,5,3,1,2,4,4,4,5,2,5,3,3,2,4,5,4,4,3,1,2,1,1,1,3,4,1,5,3,2,3,4,2,3,4,3,1,3,2,1,2,86,"[""rule_2"", ""rule_7""]","{""rule_2"": ""The 'alter' indicates a year (2005) that makes the person under 18, but 'beruf' is 'Studentin / Student', which is inconsistent with being underage."", ""rule_7"": ""The 'praef_sorte_alkoholfrei' is rated high (4), but 'konsumhaeufigkeit' is 'mehrmals im Monat', which is inconsistent.""}","The data row has some inconsistencies regarding age and profession, as well as preferences and consumption."
weiblich,2004,Bayern,Beamtin / Beamter,mehrmals im Monat,1,3,2,1,3,2,2,3,3,5,1,3,1,3,1,2,3,2,1,5,4,3,3,2,3,2,3,3,3,3,2,2,3,2,1,3,2,2,1,3,3,4,1,2,3,5,1,4,3,5,2,1,2,2,3,72,"[""rule_2""]","{""rule_2"": ""The 'alter' indicates a year (2004) that makes the person under 18, but 'beruf' is 'Beamtin / Beamter', which requires adulthood.""}",The data row has one violation related to age and profession consistency.
maennlich,keine Angabe,Baden-Württemberg,Studentin / Student,seltener als einmal pro Monat,2,3,2,2,3,3,3,1,2,3,2,3,5,3,3,4,2,1,1,5,3,5,3,1,3,5,3,4,3,3,4,1,5,1,3,1,1,2,4,3,2,5,1,1,1,5,2,3,4,2,1,3,2,2,4,100,[],{},The data row meets all the specified plausibility rules.
weiblich,2001,Nordrhein-Westfalen,Studentin / Student,einmal pro Monat,2,3,1,2,3,2,2,3,2,4,4,3,1,4,4,5,2,4,4,5,4,4,3,5,3,2,3,4,3,2,2,2,4,1,1,1,1,4,1,1,1,2,1,4,5,5,2,3,3,2,2,2,2,1,3,100,[],{},The data row meets all the specified data quality rules.
maennlich,2003,Baden-Württemberg,Studentin / Student,seltener als einmal pro Monat,2,3,1,2,2,3,3,4,3,4,2,1,3,3,1,2,2,4,4,4,4,2,2,2,3,2,2,4,3,3,3,2,3,1,2,1,2,3,1,4,1,3,1,1,1,3,2,3,5,5,1,1,2,2,3,86,[],{},The data row meets all the plausibility rules.
weiblich,2001,Baden-Württemberg,Studentin / Student,einmal pro Monat,2,3,2,2,3,3,3,1,3,2,3,1,3,4,3,1,2,1,1,5,4,2,3,2,5,4,4,3,3,2,3,2,1,1,3,1,3,1,3,1,2,5,1,3,1,4,2,2,4,4,2,2,2,2,3,100,[],{},The data row meets all quality standards.
unbekannt,2000,Baden-Württemberg,Schülerin / Schüler,seltener als einmal pro Monat,3,3,2,2,3,3,3,5,5,5,1,1,2,4,4,4,1,1,4,5,2,2,4,2,5,3,4,5,1,3,2,1,5,1,1,1,1,5,2,3,1,3,1,2,3,5,2,3,1,5,4,3,3,2,3,72,"[""rule_5"", ""rule_2""]","{""rule_5"": ""The 'geschlecht' is 'unbekannt' while 'beruf' is specified as 'Sch\u00fclerin / Sch\u00fcler'."", ""rule_2"": ""The 'alter' indicates a year (2000) that makes the person under 18, but 'beruf' is 'Sch\u00fclerin / Sch\u00fcler', which is inconsistent with the age.""}","The data row has inconsistencies regarding gender and profession, as well as age-related profession suitability."
maennlich,2006,Baden-Württemberg,Studentin / Student,mehrmals im Monat,2,1,2,3,3,2,2,2,2,4,4,2,2,3,3,5,2,3,2,5,3,3,1,3,5,4,4,3,3,3,3,4,1,1,1,4,1,4,5,2,1,5,2,1,3,1,2,2,5,1,2,2,3,3,3,86,"[""rule_2""]","{""rule_2"": ""The 'alter' indicates a year (2006) that makes the person under 18, but 'beruf' is 'Studentin / Student', which is a profession requiring adulthood.""}",The data row has one violation related to age and profession consistency.
maennlich,2000,keine Angabe,Angestellte / Angestellter,einmal pro Monat,3,3,2,1,1,2,2,5,2,4,1,2,3,5,3,4,5,2,1,5,5,4,4,3,5,2,2,4,3,3,1,1,1,4,1,2,1,3,3,4,2,1,4,3,3,2,3,2,4,5,5,1,1,1,4,86,"[""rule_2""]","{""rule_2"": ""The 'alter' indicates a year (2000) that makes the person under 18 (current year 2023), but 'beruf' is 'Angestellte / Angestellter', which requires adulthood.""}","The data quality is mostly acceptable, with one significant violation regarding age and profession consistency."
maennlich,2000,Baden-Württemberg,Angestellte / Angestellter,mehrmals im Monat,3,3,1,1,3,2,2,4,1,3,5,3,4,4,4,5,4,1,2,4,4,5,4,3,5,2,2,3,2,3,2,1,1,3,1,2,1,5,3,2,1,5,1,3,2,4,2,1,4,4,2,2,3,1,3,72,"[""rule_2""]","{""rule_2"": ""The 'alter' indicates a year (2000) that makes the person under 18 (current year is 2023), but 'beruf' is 'Angestellte / Angestellter', which requires adulthood.""}",The data quality is compromised due to an inconsistency between age and profession.
maennlich,2005,Baden-Württemberg,Studentin / Student,seltener als einmal pro Monat,2,3,2,3,3,3,3,4,2,2,2,2,1,3,5,4,4,1,2,5,2,5,1,3,4,2,2,4,3,3,4,1,4,5,1,4,1,1,4,3,1,5,1,3,1,3,2,2,1,3,1,2,3,2,2,86,"[""rule_2""]","{""rule_2"": ""The 'alter' indicates a year (2005) that makes the person under 18, but 'beruf' is 'Studentin / Student', which is a profession requiring adulthood.""}",The data row has one violation related to age and profession consistency.
unbekannt,2002,Baden-Württemberg,Schülerin / Schüler,mehrmals im Monat,2,2,2,1,3,2,3,5,3,4,1,3,5,4,3,4,3,4,1,5,2,4,1,2,2,2,3,1,1,2,3,3,4,3,1,1,1,3,3,3,4,4,1,2,2,5,2,2,2,2,3,2,2,1,1,72,"[""rule_5"", ""rule_2""]","{""rule_5"": ""The 'geschlecht' is 'unbekannt' while 'beruf' is specified as 'Sch\u00fclerin / Sch\u00fcler'."", ""rule_2"": ""The 'alter' indicates a year (2002) that makes the person under 18, but 'beruf' is 'Sch\u00fclerin / Sch\u00fcler', which is inconsistent with the age.""}","The data quality is compromised due to inconsistencies between gender and profession, as well as age and profession."
weiblich,2000,Baden-Württemberg,Angestellte / Angestellter,seltener als einmal pro Monat,3,3,3,1,3,2,1,2,3,3,2,3,4,4,1,4,3,4,1,3,5,4,1,2,3,1,4,2,2,3,3,1,3,1,1,3,1,1,5,3,1,5,1,2,3,5,1,2,1,3,2,1,3,2,2,86,"[""rule_2""]","{""rule_2"": ""The 'alter' indicates a year (2000) that makes the person under 18 (current year is 2023), but 'beruf' is 'Angestellte / Angestellter', which requires adulthood.""}",The data row has one violation related to age and profession consistency.
maennlich,2003,Baden-Württemberg,keine Angabe,mehrmals im Monat,3,3,2,1,2,2,2,1,1,3,1,3,2,4,2,3,4,1,5,4,5,3,3,2,2,3,2,5,2,3,5,3,3,2,1,2,1,4,4,1,1,5,1,1,2,4,2,3,3,5,1,1,2,2,4,100,[],{},The data row meets all quality standards without any violations.
weiblich,2000,Baden-Württemberg,keine Angabe,mehrmals im Monat,3,3,1,1,1,3,2,5,2,4,2,5,1,4,3,5,4,4,1,5,4,4,2,3,3,3,3,5,4,4,5,2,5,2,3,3,1,4,1,3,3,3,4,1,4,3,5,1,3,3,1,2,1,2,3,100,[],{},The data row meets all specified data quality rules.
maennlich,2002,Baden-Württemberg,ohne Beschäftigung,mehrmals im Monat,3,3,1,1,3,2,1,5,2,4,2,5,4,2,1,5,1,4,1,5,3,4,1,3,3,3,3,5,2,3,3,4,4,1,1,1,1,3,5,4,2,5,2,3,3,4,3,3,4,2,3,2,3,2,4,100,[],{},The data row meets all quality standards with no violations.
weiblich,2004,Baden-Württemberg,Schülerin / Schüler,mehrmals im Monat,2,3,1,1,3,3,2,4,1,4,1,5,1,4,1,5,4,1,2,5,4,3,2,2,3,1,2,2,3,3,3,2,3,3,1,1,1,1,2,3,2,5,1,1,3,4,1,1,3,3,2,2,3,2,3,72,"[""rule_2""]","{""rule_2"": ""The 'alter' indicates a year (2004) that makes the person under 18, but 'beruf' is 'Sch\u00fclerin / Sch\u00fcler', which is a profession requiring adulthood.""}",The data quality is acceptable but has one significant violation regarding age and profession consistency.
weiblich,1995,Baden-Württemberg,Studentin / Student,mehrmals im Monat,2,3,1,1,3,3,2,3,2,4,2,5,2,1,4,4,4,3,1,4,4,3,2,2,3,3,3,3,2,4,3,2,3,1,2,2,1,3,2,3,4,3,1,2,2,4,1,2,5,3,3,3,2,1,4,86,"[""rule_2""]","{""rule_2"": ""The 'alter' indicates a year (1995) that makes the person under 18, but 'beruf' is 'Studentin / Student', which is a profession requiring adulthood.""}",The data row has one violation related to age and profession consistency.
weiblich,2002,Baden-Württemberg,Studentin / Student,einmal pro Monat,2,3,2,3,3,3,2,5,2,5,2,2,1,4,1,1,3,1,1,4,2,4,5,2,2,5,3,4,1,3,4,1,5,1,1,1,1,2,4,3,1,5,1,3,2,3,1,2,1,1,3,2,2,3,3,100,[],{},The data row meets all the specified data quality rules.
weiblich,1999,Bayern,Studentin / Student,mehrmals im Monat,2,3,2,2,2,3,2,1,1,1,3,2,4,4,3,3,3,1,2,4,2,4,2,2,3,1,4,4,3,3,4,2,2,3,1,1,1,4,4,4,2,4,1,2,2,4,5,4,2,1,3,2,1,2,3,100,[],{},The data row meets all specified data quality rules.
weiblich,1996,Bayern,keine Angabe,mehrmals im Monat,2,3,1,2,3,2,1,2,2,4,1,4,3,3,3,4,5,5,1,4,4,4,3,3,4,4,2,1,2,4,4,2,3,3,5,1,1,4,4,4,1,5,1,2,2,4,1,3,4,4,2,2,1,2,2,100,[],{},The data row meets all specified plausibility rules.
weiblich,2000,Baden-Württemberg,Studentin / Student,seltener als einmal pro Monat,2,2,1,2,3,3,3,5,3,3,5,1,1,2,3,2,1,1,2,5,4,4,4,2,4,3,1,3,2,3,2,3,2,1,1,1,2,1,3,4,3,5,1,3,3,1,1,2,3,4,3,2,2,1,3,100,[],{},The data row meets all the plausibility rules.
maennlich,keine Angabe,Baden-Württemberg,in Ausbildung/im Freiwilligendienst,mehrmals im Monat,2,3,1,3,3,3,1,3,4,4,4,2,2,4,2,4,3,2,2,3,3,4,2,3,2,4,1,4,2,3,4,1,5,4,5,5,1,1,3,3,1,4,2,2,2,5,1,5,5,3,1,2,4,2,5,100,[],{},The data row meets all the plausibility rules.
weiblich,2000,Baden-Württemberg,keine Angabe,mehrmals im Monat,2,3,1,2,2,3,1,4,2,1,2,1,5,3,1,3,4,3,1,5,4,4,3,3,2,3,3,3,5,1,2,4,3,1,3,1,1,2,3,3,2,1,3,5,2,2,1,2,2,4,2,2,2,2,4,100,[],{},The data row meets all specified data quality rules.
maennlich,1998,Baden-Württemberg,keine Angabe,täglich,3,3,3,1,3,2,2,4,4,3,2,2,1,4,3,4,4,2,3,4,2,1,3,2,3,2,3,2,5,3,1,1,2,4,1,2,3,2,1,2,5,3,1,2,5,3,1,1,4,4,1,1,1,3,3,100,[],{},The data row meets all quality standards with no violations.
weiblich,2000,Baden-Württemberg,Angestellte / Angestellter,mehrmals im Monat,2,3,2,2,1,2,2,3,3,2,3,2,2,3,2,4,2,4,3,5,4,3,5,3,3,3,3,4,2,2,4,4,5,2,1,2,3,1,5,4,2,5,2,3,4,5,2,3,5,3,2,3,3,2,3,86,"[""rule_2"", ""rule_7""]","{""rule_2"": ""The 'alter' indicates a year (2000) that makes the person under 18 (current year 2023), but 'beruf' is 'Angestellte / Angestellter', which requires adulthood."", ""rule_7"": ""The 'praef_sorte_alkoholfrei' is rated high (4), but 'konsumhaeufigkeit' is 'mehrmals im Monat', which is inconsistent.""}","The data quality is compromised due to inconsistencies between age and profession, as well as preferences and consumption."
weiblich,2004,Baden-Württemberg,Studentin / Student,einmal pro Monat,2,3,2,2,3,3,2,3,1,5,2,3,4,3,5,3,2,2,4,4,3,2,2,2,3,4,3,4,3,3,4,2,3,3,1,1,1,4,4,1,3,4,1,3,2,4,2,3,3,3,2,2,2,2,1,86,"[""rule_2"", ""rule_4""]","{""rule_2"": ""The 'alter' indicates a year (2004) that makes the person under 18, but 'beruf' is 'Studentin / Student', which is a profession requiring adulthood."", ""rule_4"": ""The 'alkoholverzicht_wichtig' is rated high (4), but 'konsumhaeufigkeit' is 'einmal pro Monat', which is inconsistent.""}",The data quality is compromised due to inconsistencies in age-related profession and alcohol consumption ratings.
weiblich,2006,Baden-Württemberg,Schülerin / Schüler,mehrmals im Monat,1,3,2,2,1,2,2,2,3,5,2,3,5,5,2,4,4,1,3,5,4,4,2,2,3,2,3,5,4,3,3,2,3,1,4,1,2,1,2,5,1,5,3,2,3,5,3,2,4,5,2,3,1,2,4,72,"[""rule_2""]","{""rule_2"": ""The 'alter' indicates a year (2006) that makes the person under 18, but 'beruf' is 'Sch\u00fclerin / Sch\u00fcler', which is a profession requiring adulthood.""}",The data row has one violation related to age and profession consistency.
weiblich,2004,Baden-Württemberg,Angestellte / Angestellter,mehrmals im Monat,2,3,2,2,3,3,2,5,1,3,2,1,3,4,4,5,3,4,3,4,3,4,2,2,5,2,2,3,2,2,3,5,3,1,3,1,1,3,3,3,1,4,1,2,4,5,1,1,3,3,3,3,2,2,3,72,"[""rule_2"", ""rule_7""]","{""rule_2"": ""The 'alter' indicates a year (2004) that makes the person under 18, but 'beruf' is 'Angestellte / Angestellter', which requires adulthood."", ""rule_7"": ""The 'praef_sorte_alkoholfrei' is rated high (5), but 'konsumhaeufigkeit' is 'mehrmals im Monat', which is inconsistent.""}","The data quality is compromised due to inconsistencies between age and profession, as well as preferences and consumption."
weiblich,1997,Baden-Württemberg,Studentin / Student,mehrmals im Monat,3,3,2,3,3,3,2,2,1,3,2,1,1,5,4,4,5,1,4,4,3,4,2,3,2,4,2,3,3,3,3,2,3,3,3,1,2,5,4,3,1,5,2,5,1,2,3,4,1,1,1,1,3,1,3,86,"[""rule_2"", ""rule_4""]","{""rule_2"": ""The 'alter' indicates a year (1997) that makes the person under 18, but 'beruf' is 'Studentin / Student', which is a profession requiring adulthood."", ""rule_4"": ""The 'alkoholverzicht_wichtig' is rated high (4), but 'konsumhaeufigkeit' is 'mehrmals im Monat', which is inconsistent.""}","The data quality is generally good but has some inconsistencies regarding age and profession, as well as alcohol consumption habits."
maennlich,2002,Baden-Württemberg,Angestellte / Angestellter,mehrmals im Monat,2,3,1,1,3,2,2,2,5,4,3,2,5,4,1,4,1,5,1,4,4,5,2,5,3,2,4,4,3,2,4,2,5,1,1,1,2,4,3,4,1,5,3,3,5,4,1,4,1,4,2,4,5,3,4,72,"[""rule_2""]","{""rule_2"": ""The 'alter' indicates a year (2002) that makes the person under 18, but 'beruf' is 'Angestellte / Angestellter', which requires adulthood.""}",The data quality is compromised due to an inconsistency between age and profession.
maennlich,2004,Baden-Württemberg,Selbständige / Selbstständiger,mehrmals im Monat,2,3,2,2,2,2,3,5,3,3,2,4,1,5,4,2,1,2,2,5,4,4,1,3,2,5,2,3,2,3,3,4,3,1,1,2,1,1,5,3,1,5,3,1,3,5,1,5,3,1,2,3,5,2,4,86,"[""rule_2""]","{""rule_2"": ""The 'alter' indicates a year (2004) that makes the person under 18, but 'beruf' is 'Selbst\u00e4ndige / Selbstst\u00e4ndiger', which requires adulthood.""}",The data row has one violation related to age and profession consistency.
maennlich,2000,Baden-Württemberg,Schülerin / Schüler,mehrmals im Monat,2,3,1,1,3,1,2,1,1,3,2,1,5,4,3,5,3,1,2,4,4,4,3,2,1,2,4,2,5,3,4,2,3,3,1,1,3,4,4,4,1,1,1,3,2,4,2,4,1,4,1,3,1,2,2,86,"[""rule_2"", ""rule_6""]","{""rule_2"": ""The 'alter' indicates a year (2000) that makes the person under 18, but 'beruf' is 'Sch\u00fclerin / Sch\u00fcler', which is a profession requiring adulthood."", ""rule_6"": ""The 'involvement_unverzichtbar' (5) is higher than 'involvement_interesse' (1).""}",The data row has some inconsistencies regarding age-related profession and involvement ratings.
weiblich,1996,Bayern,Studentin / Student,mehrmals im Monat,2,3,1,1,3,3,2,3,2,3,1,2,2,3,4,5,2,2,2,5,5,3,4,2,3,4,3,4,2,1,3,2,4,3,1,3,2,2,4,5,1,2,1,3,3,5,2,3,4,3,2,1,1,2,1,100,[],{},The data row meets all the specified data quality rules.
maennlich,1999,Baden-Württemberg,Schülerin / Schüler,mehrmals pro Woche,3,3,2,1,3,2,1,2,1,5,1,5,1,2,4,5,3,4,2,5,1,1,3,5,1,4,4,4,4,3,2,2,2,3,1,1,2,4,4,4,1,3,1,1,5,3,2,3,4,2,1,2,2,2,3,86,"[""rule_2""]","{""rule_2"": ""The 'alter' indicates a year (1999) that makes the person under 18 (current year 2023), but 'beruf' is 'Sch\u00fclerin / Sch\u00fcler', which is a profession requiring adulthood.""}",The data row has one violation related to age and profession consistency.
maennlich,2003,Bayern,Angestellte / Angestellter,mehrmals im Monat,2,3,2,2,2,3,3,2,4,3,3,1,4,4,2,3,2,1,2,5,3,4,5,4,3,2,4,4,1,4,1,1,3,4,2,1,1,2,5,4,1,5,2,1,1,4,2,2,3,2,1,3,2,2,2,72,"[""rule_2""]","{""rule_2"": ""The 'alter' indicates a year (2003) that makes the person under 18, but 'beruf' is 'Angestellte / Angestellter', which requires adulthood.""}",The data quality is compromised due to an inconsistency between age and profession.
unbekannt,keine Angabe,Baden-Württemberg,Angestellte / Angestellter,täglich,2,2,2,2,3,3,2,4,2,5,3,2,1,3,2,2,2,2,2,3,5,4,1,2,2,1,2,5,3,1,4,4,4,1,5,2,1,4,3,4,2,3,1,2,5,4,1,2,2,1,1,2,3,2,3,72,"[""rule_5"", ""rule_7""]","{""rule_5"": ""The 'geschlecht' is 'unbekannt' while 'beruf' is specified as 'Angestellte / Angestellter'."", ""rule_7"": ""The 'praef_sorte_alkoholfrei' is rated 4, but 'konsumhaeufigkeit' is 't\u00e4glich'.""}","The data row contains inconsistencies regarding gender and profession, as well as preferences and consumption."
weiblich,2000,Baden-Württemberg,Angestellte / Angestellter,mehrmals im Monat,2,3,1,1,2,1,2,3,1,5,4,3,3,3,3,3,2,1,4,4,4,2,2,1,3,4,3,4,1,3,4,1,2,1,1,3,1,4,4,2,2,4,4,2,4,3,1,3,5,3,3,3,3,2,5,72,"[""rule_2"", ""rule_4""]","{""rule_2"": ""The 'alter' indicates a year (2000) that makes the person under 18 (current year 2023), but 'beruf' is 'Angestellte / Angestellter', which requires adulthood."", ""rule_4"": ""The 'alkoholverzicht_wichtig' is rated high (4), but 'konsumhaeufigkeit' is 'mehrmals im Monat', which is inconsistent.""}","The data row has multiple inconsistencies related to age and profession, as well as consumption habits."
weiblich,1998,Baden-Württemberg,ohne Beschäftigung,mehrmals pro Woche,2,3,1,2,3,2,3,5,3,1,5,4,5,4,2,4,1,1,1,5,4,4,2,2,3,2,3,3,4,3,2,1,3,3,2,2,1,4,5,3,1,5,1,1,3,5,1,5,3,3,1,2,2,2,3,100,[],{},The data row meets all quality standards with no violations.
maennlich,2002,Baden-Württemberg,Angestellte / Angestellter,mehrmals im Monat,2,3,2,2,1,3,2,4,4,5,3,2,3,4,4,5,1,2,3,4,5,2,2,2,5,2,3,3,2,4,4,2,4,4,1,1,3,3,3,3,1,5,1,3,2,5,2,3,3,4,2,3,3,3,3,86,"[""rule_2""]","{""rule_2"": ""The 'alter' indicates a year (2002) that makes the person under 18, but 'beruf' is 'Angestellte / Angestellter', which requires adulthood.""}","The data quality is mostly acceptable, but there is an inconsistency between age and profession."
weiblich,keine Angabe,Baden-Württemberg,Studentin / Student,einmal pro Monat,3,3,1,2,3,3,3,1,3,2,2,5,1,4,4,2,3,4,2,5,2,4,2,2,1,2,2,3,2,2,2,1,3,2,2,2,2,2,3,3,4,4,2,2,1,5,2,1,2,3,1,3,1,2,3,100,[],{},The data row meets all quality standards with no violations.
maennlich,2000,Baden-Württemberg,Studentin / Student,mehrmals pro Woche,2,3,1,1,3,3,2,4,3,4,2,2,2,3,5,3,2,1,2,5,4,5,3,2,3,2,1,3,3,4,2,2,4,2,1,1,1,5,2,2,1,4,1,5,1,5,2,5,4,2,1,2,2,2,3,86,"[""rule_2""]","{""rule_2"": ""The 'alter' indicates a year (2000) that makes the person under 18 (current year is 2023), while 'beruf' is 'Studentin / Student', which is a profession requiring adulthood.""}","The data quality is mostly good, but there is an inconsistency between age and profession."
weiblich,2004,Baden-Württemberg,Studentin / Student,seltener als einmal pro Monat,3,3,1,2,1,2,3,3,4,5,1,5,2,1,2,2,4,2,1,5,4,3,1,1,3,2,2,2,3,3,4,2,3,1,1,2,2,3,3,3,1,5,1,2,5,4,2,5,3,3,3,1,1,2,2,86,"[""rule_2""]","{""rule_2"": ""The 'alter' indicates a year (2004) that makes the person under 18, but 'beruf' is 'Studentin / Student', which is a profession requiring adulthood.""}","The data quality is mostly acceptable, but there is an inconsistency between age and profession."
maennlich,1995,Bayern,Studentin / Student,mehrmals im Monat,3,2,2,2,2,3,3,3,2,3,2,1,1,3,1,5,2,1,1,5,3,4,3,1,3,5,3,4,2,3,5,1,4,4,3,2,1,2,4,1,1,4,2,2,2,5,1,1,1,4,3,3,4,2,3,100,[],{},The data row meets all specified plausibility rules.
weiblich,2000,Baden-Württemberg,Studentin / Student,mehrmals im Monat,2,2,2,1,3,3,2,4,1,3,2,2,1,4,2,2,2,2,2,4,4,2,2,1,3,2,1,4,2,3,2,2,5,1,1,1,1,3,1,3,1,5,2,1,3,5,2,2,3,4,3,2,2,3,4,86,"[""rule_2""]","{""rule_2"": ""The 'alter' indicates a year (2000) that makes the person under 18 (current year 2023), but 'beruf' is 'Studentin / Student', which is a profession requiring adulthood.""}",The data row has one violation related to age and profession consistency.
maennlich,2002,Baden-Württemberg,in Ausbildung/im Freiwilligendienst,mehrmals im Monat,3,3,2,3,3,3,1,2,5,4,3,3,1,5,3,4,3,4,1,3,4,5,3,2,3,2,4,4,5,5,1,2,3,2,1,1,1,4,3,3,1,5,2,1,1,5,2,1,5,3,3,1,2,2,3,86,"[""rule_2""]","{""rule_2"": ""The 'alter' indicates a year (2002) that makes the person under 18 (current year 2023), but the 'beruf' is 'in Ausbildung/im Freiwilligendienst', which is a profession requiring adulthood.""}","The data quality is mostly good, but there is an inconsistency between age and profession."
weiblich,2005,Nordrhein-Westfalen,Studentin / Student,seltener als einmal pro Monat,3,3,2,1,3,3,2,4,1,2,1,3,5,3,2,1,2,2,2,5,4,3,4,4,5,1,2,5,2,2,3,1,3,1,2,2,2,3,5,4,2,5,2,1,1,3,2,3,3,5,2,3,3,1,4,86,"[""rule_2"", ""rule_6""]","{""rule_2"": ""The 'alter' indicates a year (2005) that makes the person under 18, but 'beruf' is 'Studentin / Student', which is inconsistent with being underage."", ""rule_6"": ""The 'involvement_unverzichtbar' (5) is higher than 'involvement_interesse' (4), which is a violation.""}",The data quality is compromised due to inconsistencies in age-related rules and involvement ratings.
maennlich,1998,Baden-Württemberg,Studentin / Student,mehrmals im Monat,2,2,2,2,2,3,3,2,2,5,2,1,5,1,4,5,3,2,1,4,3,2,2,2,4,2,3,2,1,4,4,1,3,1,1,1,1,5,3,2,1,5,1,2,2,3,5,3,3,2,2,1,3,2,3,86,"[""rule_2"", ""rule_6""]","{""rule_2"": ""The 'alter' indicates a year (1998) that makes the person under 18, but 'beruf' is 'Studentin / Student', which is a profession requiring adulthood."", ""rule_6"": ""The 'involvement_unverzichtbar' (5) is higher than 'involvement_interesse' (2).""}","The data row contains inconsistencies regarding age and profession, as well as involvement ratings."
maennlich,2002,keine Angabe,keine Angabe,mehrmals pro Woche,2,3,2,1,3,3,1,5,2,3,2,2,2,3,3,3,2,2,3,5,2,5,2,5,3,5,4,4,3,3,3,3,5,2,1,1,2,3,2,5,2,3,1,1,1,5,4,1,1,4,4,1,2,4,4,100,[],{},The data row meets all the specified data quality rules.
maennlich,2000,Baden-Württemberg,Schülerin / Schüler,mehrmals pro Woche,2,3,1,2,3,2,2,1,3,5,2,1,4,4,3,5,3,1,5,4,2,4,4,2,3,3,1,3,2,3,5,4,5,1,4,5,2,4,3,2,2,5,4,2,2,5,2,3,2,3,3,2,2,2,1,72,"[""rule_2"", ""rule_4"", ""rule_7""]","{""rule_2"": ""The 'alter' indicates a year (2000) that makes the person under 18 (current year 2023), and 'beruf' is 'Sch\u00fclerin / Sch\u00fcler', which is a profession requiring adulthood."", ""rule_4"": ""The 'alkoholverzicht_wichtig' is rated high (5), but 'konsumhaeufigkeit' is 'mehrmals pro Woche', which is inconsistent."", ""rule_7"": ""The 'praef_sorte_alkoholfrei' is rated high (4), but 'konsumhaeufigkeit' is 'mehrmals pro Woche', which is inconsistent.""}","The data quality is compromised due to multiple inconsistencies regarding age, consumption habits, and preferences."
maennlich,1997,Baden-Württemberg,Angestellte / Angestellter,mehrmals im Monat,2,3,1,1,3,3,3,2,4,1,2,3,1,5,3,5,2,2,4,5,5,4,2,1,2,3,4,1,2,3,3,2,3,4,2,2,2,3,3,3,2,2,1,2,3,4,2,4,5,2,2,2,1,2,2,86,"[""rule_2"", ""rule_4""]","{""rule_2"": ""The 'alter' indicates a year (1997) that makes the person under 18, but 'beruf' is 'Angestellte / Angestellter', which requires adulthood."", ""rule_4"": ""The 'alkoholverzicht_wichtig' is rated high (4), but 'konsumhaeufigkeit' is 'mehrmals im Monat', which is inconsistent.""}",The data row has two quality issues related to age and consumption patterns.
weiblich,2001,Baden-Württemberg,Beamtin / Beamter,mehrmals pro Woche,2,3,1,2,3,2,2,5,2,5,1,1,2,5,1,5,3,5,4,5,2,2,2,1,2,3,3,2,3,3,3,4,1,2,2,1,4,2,4,2,1,5,2,2,4,3,4,3,4,2,5,2,4,2,4,72,"[""rule_2"", ""rule_4"", ""rule_7""]","{""rule_2"": ""The 'alter' indicates a year (2001) that makes the person under 18, but 'beruf' is 'Beamtin / Beamter', which requires adulthood."", ""rule_4"": ""The 'alkoholverzicht_wichtig' is rated high (4), but 'konsumhaeufigkeit' is 'mehrmals pro Woche', which is inconsistent."", ""rule_7"": ""The 'praef_sorte_alkoholfrei' is rated high (4), but 'konsumhaeufigkeit' is 't\u00e4glich', which is inconsistent.""}","The data row has multiple inconsistencies regarding age, profession, and consumption habits."
weiblich,2006,Baden-Württemberg,Studentin / Student,mehrmals pro Woche,3,3,2,3,3,2,3,1,3,4,3,1,2,1,2,3,1,1,1,5,4,4,2,2,3,5,2,3,2,5,4,4,4,3,1,1,3,4,1,4,1,3,1,1,4,5,2,4,1,2,2,1,3,2,4,72,"[""rule_2"", ""rule_7""]","{""rule_2"": ""The 'alter' indicates a year (2006) that makes the person under 18, but 'beruf' is 'Studentin / Student', which is inconsistent with the age requirement for adulthood."", ""rule_7"": ""The 'praef_sorte_alkoholfrei' is rated high (4), but 'konsumhaeufigkeit' is 'mehrmals pro Woche', which is inconsistent.""}","The data row has inconsistencies regarding age and profession, as well as preferences and consumption."
maennlich,1999,Baden-Württemberg,keine Angabe,mehrmals im Monat,2,3,1,1,3,2,2,1,3,4,5,1,1,4,3,5,3,2,4,2,3,2,4,2,1,3,3,5,3,3,4,2,4,3,1,1,1,1,3,2,1,3,1,3,4,4,3,4,3,3,1,2,3,1,4,100,[],{},The data row meets all the specified data quality rules.
weiblich,1999,Baden-Württemberg,Studentin / Student,seltener als einmal pro Monat,2,3,1,1,3,2,1,2,2,3,2,2,4,5,1,5,1,1,1,5,5,3,2,2,2,2,3,3,1,3,5,3,2,2,1,1,2,1,5,3,3,5,1,2,1,4,1,4,1,5,4,1,2,2,1,100,[],{},The data row meets all quality standards without any violations.
weiblich,2001,Baden-Württemberg,Studentin / Student,mehrmals im Monat,2,3,1,1,2,3,2,4,5,4,3,1,3,4,1,4,4,1,1,4,3,4,1,1,4,4,2,3,3,4,1,2,4,5,1,1,3,2,4,3,1,5,1,3,2,1,1,4,1,5,3,3,3,2,3,86,"[""rule_2""]","{""rule_2"": ""The 'alter' indicates a year (2001) that makes the person under 18 (current year is 2023), but 'beruf' is 'Studentin / Student', which is a profession that typically requires adulthood.""}","The data quality is mostly good, but there is an inconsistency between age and profession."
unbekannt,2004,Baden-Württemberg,Schülerin / Schüler,mehrmals im Monat,3,3,2,2,2,1,1,2,3,5,3,2,4,5,4,5,2,1,1,4,4,3,3,2,2,5,2,1,3,1,4,2,3,3,1,2,1,4,4,3,1,3,2,1,2,4,2,4,3,2,2,2,2,2,4,72,"[""rule_5"", ""rule_2""]","{""rule_5"": ""The 'geschlecht' is 'unbekannt' while 'beruf' is specified as 'Sch\u00fclerin / Sch\u00fcler'."", ""rule_2"": ""The 'alter' indicates a year (2004) that makes the person under 18, but 'beruf' is 'Sch\u00fclerin / Sch\u00fcler', which is inconsistent with the age.""}","The data row has inconsistencies regarding gender and profession, as well as age-related profession requirements."
maennlich,2000,Baden-Württemberg,Studentin / Student,mehrmals pro Woche,3,3,2,2,2,2,2,4,5,3,4,2,1,5,2,4,3,4,2,5,3,3,2,3,3,1,3,3,4,3,3,1,3,1,3,1,1,5,3,3,2,2,1,2,3,3,2,5,1,5,3,1,4,2,3,86,"[""rule_2""]","{""rule_2"": ""The 'alter' indicates a year (2000) that makes the person under 18 (current year is 2023), but 'beruf' is 'Studentin / Student', which is a profession that typically requires adulthood.""}","The data quality is mostly good, but there is an inconsistency between age and profession."
weiblich,2000,Bayern,Angestellte / Angestellter,mehrmals im Monat,2,3,1,2,2,3,2,4,3,3,1,1,2,4,1,5,1,3,2,5,4,4,2,4,3,1,3,4,4,2,4,2,1,2,2,1,1,4,4,2,1,3,1,1,4,3,2,1,3,4,1,1,3,2,4,72,"[""rule_2""]","{""rule_2"": ""The 'alter' indicates a year (2000) that makes the person under 18 (current year 2023), but 'beruf' is 'Angestellte / Angestellter', which requires adulthood.""}",The data row has one violation related to age and profession consistency.
weiblich,2004,Baden-Württemberg,Studentin / Student,einmal pro Monat,2,3,2,2,3,2,2,4,3,4,3,1,2,5,5,4,3,2,1,5,3,3,2,2,1,2,2,5,3,3,3,2,1,2,2,1,2,3,3,1,2,5,1,2,1,5,2,3,3,2,4,1,2,4,3,86,"[""rule_2""]","{""rule_2"": ""The 'alter' indicates a year (2004) that makes the person under 18, but 'beruf' is 'Studentin / Student', which is a profession requiring adulthood.""}",The data row has one violation related to age and profession consistency.
maennlich,2000,Baden-Württemberg,Studentin / Student,seltener als einmal pro Monat,3,3,1,2,3,3,1,2,2,4,1,2,2,4,3,5,2,2,1,4,1,2,3,1,4,2,4,5,2,4,5,1,1,1,1,2,1,1,4,3,5,2,3,1,1,5,3,4,1,2,2,2,2,4,3,100,[],{},The data row meets all quality standards without any violations.
weiblich,1998,Baden-Württemberg,keine Angabe,mehrmals im Monat,3,3,1,1,3,3,2,1,2,4,2,1,4,5,4,4,3,1,2,4,2,4,3,3,3,3,2,1,4,3,4,1,1,3,3,3,5,2,3,3,2,5,2,2,1,5,1,2,1,1,1,1,5,2,5,100,[],{},The data row meets all the plausibility rules.
weiblich,1998,Baden-Württemberg,Studentin / Student,mehrmals pro Woche,2,2,1,2,1,2,2,2,3,4,1,2,4,5,2,2,2,1,5,5,4,3,1,2,3,2,3,3,3,3,4,4,2,1,2,1,3,3,5,1,3,5,2,3,3,5,2,3,4,1,2,1,1,2,1,72,"[""rule_2"", ""rule_4"", ""rule_7""]","{""rule_2"": ""The 'alter' indicates a year (1998) that makes the person under 18, but 'beruf' is 'Studentin / Student', which is inconsistent with being underage."", ""rule_4"": ""The 'alkoholverzicht_wichtig' is rated high (5), but 'konsumhaeufigkeit' is 'mehrmals pro Woche', which is inconsistent."", ""rule_7"": ""The 'praef_sorte_alkoholfrei' is rated high (4), but 'konsumhaeufigkeit' is 'mehrmals pro Woche', which is inconsistent.""}","The data row has multiple inconsistencies regarding age, consumption frequency, and preferences."
weiblich,2003,Baden-Württemberg,Angestellte / Angestellter,seltener als einmal pro Monat,1,3,2,1,2,2,2,2,3,4,3,4,5,5,3,4,2,1,2,5,5,4,4,2,2,4,3,2,2,4,4,2,3,1,1,3,2,3,3,3,5,4,1,3,1,5,1,3,3,3,2,1,2,2,3,86,"[""rule_2"", ""rule_6""]","{""rule_2"": ""The 'alter' indicates a year (2003) that makes the person under 18, but 'beruf' is 'Angestellte / Angestellter', which requires adulthood."", ""rule_6"": ""The 'involvement_unverzichtbar' (5) is higher than 'involvement_interesse' (2).""}",The data row has two quality issues related to age and involvement ratings.
unbekannt,2003,Nordrhein-Westfalen,Studentin / Student,mehrmals pro Woche,3,1,2,2,2,2,3,2,2,3,2,5,1,3,3,5,3,5,2,5,4,4,3,1,3,2,4,4,1,3,5,2,4,1,1,1,3,1,4,3,2,2,3,2,1,2,2,2,2,3,1,2,2,2,2,72,"[""rule_5"", ""rule_2""]","{""rule_5"": ""The 'geschlecht' is 'unbekannt' while 'beruf' is specified as 'Studentin / Student'."", ""rule_2"": ""The 'alter' indicates a year (2003) that makes the person under 18, but 'beruf' is 'Studentin / Student', which is inconsistent.""}","The data row has inconsistencies regarding gender and profession, as well as age-related profession requirements."
weiblich,2002,Nordrhein-Westfalen,Schülerin / Schüler,mehrmals im Monat,3,3,1,2,3,3,1,3,5,4,4,1,1,1,1,4,5,3,1,5,2,3,5,3,2,3,3,5,1,3,3,1,1,2,1,1,4,1,1,4,1,5,3,1,2,4,5,4,3,3,2,2,1,4,4,86,"[""rule_2""]","{""rule_2"": ""The 'alter' indicates a year (2002) that makes the person under 18 (current year 2023), and 'beruf' is 'Sch\u00fclerin / Sch\u00fcler', which is a profession requiring adulthood.""}","The data quality is mostly good, but there is an inconsistency between age and profession."
unbekannt,2003,Baden-Württemberg,Schülerin / Schüler,mehrmals im Monat,2,2,2,1,3,3,2,1,3,2,3,3,4,5,2,4,1,1,1,5,5,4,3,5,5,2,3,3,3,3,2,4,3,1,1,1,1,5,1,2,1,5,1,2,2,5,3,1,4,3,5,1,3,2,4,72,"[""rule_5"", ""rule_2"", ""rule_7""]","{""rule_5"": ""The 'geschlecht' is 'unbekannt' while 'beruf' is specified as 'Sch\u00fclerin / Sch\u00fcler'."", ""rule_2"": ""The 'alter' indicates a year (2003) that makes the person under 18, but 'beruf' is 'Sch\u00fclerin / Sch\u00fcler', which is inconsistent with the age requirement."", ""rule_7"": ""The 'praef_sorte_alkoholfrei' is rated high (4) while 'konsumhaeufigkeit' is 'mehrmals im Monat', which is inconsistent.""}","The data row contains multiple inconsistencies regarding age, gender, and preferences."
weiblich,2003,Baden-Württemberg,keine Angabe,einmal pro Monat,2,3,2,2,3,3,2,4,5,4,4,1,1,5,2,4,2,5,1,5,5,4,4,1,5,5,2,3,2,2,5,1,3,1,1,1,2,1,3,3,1,5,2,2,3,5,2,3,1,3,2,2,1,2,3,100,[],{},The data row meets all the plausibility rules.
maennlich,2005,Baden-Württemberg,Angestellte / Angestellter,seltener als einmal pro Monat,3,3,1,3,2,3,3,2,5,5,5,3,1,5,2,4,2,3,3,5,5,3,1,1,2,4,1,3,3,2,1,2,3,2,1,4,2,4,3,3,3,2,2,1,2,5,1,5,1,4,2,2,3,3,3,86,"[""rule_2""]","{""rule_2"": ""The 'alter' indicates a year (2005) that makes the person under 18, but 'beruf' is 'Angestellte / Angestellter', which requires adulthood.""}",The data row has one violation related to age and profession consistency.
maennlich,2003,keine Angabe,Studentin / Student,mehrmals pro Woche,2,2,2,2,2,3,1,5,2,3,1,2,1,3,3,2,4,4,5,5,2,3,3,2,3,5,2,4,2,3,4,1,3,1,2,2,2,2,4,5,1,1,3,5,2,4,2,5,3,3,1,1,3,2,5,86,"[""rule_2""]","{""rule_2"": ""The 'alter' indicates a year (2003) that makes the person under 18, but 'beruf' is 'Studentin / Student', which is inconsistent with being underage.""}",The data row has one violation related to age and profession consistency.
maennlich,2004,keine Angabe,Angestellte / Angestellter,mehrmals im Monat,3,3,1,2,3,2,2,2,3,4,2,3,4,4,4,3,2,4,4,4,2,3,4,2,3,5,3,4,2,5,3,2,3,1,1,1,1,3,5,4,1,3,1,2,2,4,3,1,3,4,3,2,3,2,3,72,"[""rule_2"", ""rule_6""]","{""rule_2"": ""The 'alter' indicates a year (2004) that makes the person under 18, but 'beruf' is 'Angestellte / Angestellter', which requires adulthood."", ""rule_6"": ""The 'involvement_unverzichtbar' (4) is higher than 'involvement_interesse' (2).""}","The data row has inconsistencies regarding age and profession, as well as involvement ratings."
maennlich,2001,Baden-Württemberg,Angestellte / Angestellter,täglich,2,3,1,1,3,3,2,2,1,5,3,1,2,4,3,4,5,2,1,5,3,4,2,2,3,3,3,4,2,3,4,2,3,4,3,1,4,1,4,3,2,4,4,1,3,4,2,4,2,5,3,2,4,2,3,86,"[""rule_2""]","{""rule_2"": ""The 'alter' indicates a year (2001) that makes the person under 18, but 'beruf' is 'Angestellte / Angestellter', which requires adulthood.""}",The data row has one violation related to age and profession consistency.
maennlich,2003,Baden-Württemberg,Angestellte / Angestellter,seltener als einmal pro Monat,2,3,1,2,1,2,2,5,1,4,1,3,1,3,3,3,1,4,1,5,3,4,5,5,5,3,1,2,1,3,4,4,3,1,1,3,2,5,5,4,1,5,2,4,1,4,2,2,2,3,2,2,1,2,1,86,"[""rule_2""]","{""rule_2"": ""The 'alter' indicates a year (2003) that makes the person under 18, but 'beruf' is 'Angestellte / Angestellter', which requires adulthood.""}","The data quality is mostly acceptable, but there is an inconsistency between age and profession."
weiblich,2000,Baden-Württemberg,Angestellte / Angestellter,einmal pro Monat,2,3,1,1,1,2,2,2,3,5,2,3,1,3,1,5,4,4,2,4,1,5,3,2,5,3,4,3,1,3,4,1,1,3,5,1,2,5,3,3,2,5,2,2,1,3,2,5,3,3,1,2,1,3,3,86,"[""rule_2""]","{""rule_2"": ""The 'alter' indicates a year (2000) that makes the person under 18 (current year is 2023), but 'beruf' is 'Angestellte / Angestellter', which requires adulthood.""}","The data quality is mostly good, but there is an inconsistency between age and profession."
weiblich,2000,Baden-Württemberg,Angestellte / Angestellter,mehrmals im Monat,2,3,1,3,3,2,2,5,2,3,2,4,1,5,3,5,3,2,1,5,5,4,2,2,4,5,5,4,2,2,4,1,3,1,3,2,1,1,1,5,5,4,1,2,4,5,2,3,3,3,1,1,3,4,5,72,"[""rule_2""]","{""rule_2"": ""The 'alter' indicates a year (2000) that makes the person under 18, but 'beruf' is 'Angestellte / Angestellter', which requires adulthood.""}",The data row has one violation related to age and profession consistency.
weiblich,2001,Baden-Württemberg,Studentin / Student,seltener als einmal pro Monat,3,3,2,1,3,2,2,2,2,4,4,1,1,4,1,5,1,1,1,5,3,5,2,2,3,3,2,4,5,3,5,2,1,1,2,1,3,5,1,5,1,4,1,1,1,4,1,4,3,4,1,2,1,2,2,100,[],{},The data row meets all the specified data quality rules.
maennlich,2001,Baden-Württemberg,keine Angabe,mehrmals im Monat,2,3,1,1,3,3,2,2,3,1,2,2,1,5,3,4,3,2,1,4,4,3,2,4,3,4,3,4,4,3,2,1,3,1,1,1,3,2,4,3,1,1,2,1,4,3,3,2,4,2,1,2,1,5,2,100,[],{},The data row meets all quality standards.
maennlich,2000,Bayern,Studentin / Student,mehrmals im Monat,2,3,2,1,3,3,1,2,1,5,3,1,1,4,4,1,2,1,5,5,3,4,3,2,3,3,3,2,5,3,4,3,4,1,2,1,2,3,3,3,2,5,1,5,2,4,1,3,2,3,3,2,3,2,2,86,"[""rule_2"", ""rule_4""]","{""rule_2"": ""The 'alter' indicates a year (2000) that makes the person under 18 (current year 2023), but 'beruf' is 'Studentin / Student', which is a profession requiring adulthood."", ""rule_4"": ""The 'alkoholverzicht_wichtig' is rated high (5), but 'konsumhaeufigkeit' is 'mehrmals im Monat', which is inconsistent.""}",The data quality is compromised due to inconsistencies in age-related profession and alcohol consumption ratings.
unbekannt,2006,Baden-Württemberg,Studentin / Student,einmal pro Monat,2,3,1,2,2,3,2,3,2,4,4,1,2,2,3,4,2,1,2,5,1,4,4,2,3,2,5,3,2,5,3,2,2,1,1,1,2,2,2,3,1,5,3,2,1,5,3,3,1,3,2,2,2,2,3,72,"[""rule_5"", ""rule_2""]","{""rule_5"": ""The 'geschlecht' is 'unbekannt' while 'beruf' is specified as 'Studentin / Student'."", ""rule_2"": ""The 'alter' indicates a year (2006) that makes the person under 18, but 'beruf' is 'Studentin / Student', which is inconsistent.""}","The data row has inconsistencies regarding gender and profession, as well as age-related profession requirements."
weiblich,1995,Baden-Württemberg,Studentin / Student,mehrmals im Monat,3,1,2,2,2,3,1,1,2,3,3,1,1,3,4,5,2,1,2,5,3,2,3,2,5,3,2,3,2,4,2,2,5,1,1,2,1,2,1,3,1,5,3,3,1,1,2,3,1,2,1,2,3,5,3,86,"[""rule_2""]","{""rule_2"": ""The 'alter' indicates a year (1995) that makes the person under 18, but 'beruf' is 'Studentin / Student', which is a profession requiring adulthood.""}","The data quality is mostly good, but there is an inconsistency between age and profession."
maennlich,1995,Baden-Württemberg,keine Angabe,mehrmals pro Woche,2,3,1,2,3,3,2,2,3,3,4,5,1,5,3,2,3,1,2,5,5,3,2,2,3,3,2,2,3,2,4,2,3,1,2,2,2,5,5,4,2,3,2,2,4,1,2,4,1,3,2,2,2,2,4,100,[],{},The data row meets all the plausibility rules.
maennlich,2005,Baden-Württemberg,Studentin / Student,mehrmals im Monat,3,3,1,1,2,3,1,5,1,3,2,2,4,4,3,4,1,4,1,4,4,3,2,4,3,4,3,4,5,4,2,3,5,4,1,1,2,5,4,3,2,4,3,2,2,5,2,1,3,2,2,1,3,2,1,86,"[""rule_2""]","{""rule_2"": ""The 'alter' indicates a year (2005) that makes the person under 18 (current year 2023), while 'beruf' is 'Studentin / Student', which is a profession that typically requires adulthood.""}","The data quality is mostly acceptable, but there is an inconsistency between age and profession."
maennlich,2003,Bayern,Schülerin / Schüler,einmal pro Monat,2,3,2,1,2,3,2,2,2,3,2,2,1,3,2,3,5,4,1,4,2,4,1,5,1,3,2,3,3,4,4,2,5,1,1,1,4,5,3,3,2,5,1,2,4,4,3,4,2,5,2,2,2,2,5,86,"[""rule_2""]","{""rule_2"": ""The 'alter' indicates a year (2003) that makes the person under 18, but 'beruf' is 'Sch\u00fclerin / Sch\u00fcler', which is a profession requiring adulthood.""}","The data quality is mostly good, but there is an inconsistency between age and profession."
unbekannt,2002,Baden-Württemberg,keine Angabe,seltener als einmal pro Monat,2,2,2,3,3,3,2,2,2,4,1,1,1,4,3,2,4,2,2,5,2,4,2,2,4,5,4,3,1,4,3,2,4,3,2,1,3,1,4,3,1,5,1,5,4,5,2,3,1,5,2,1,2,2,2,100,[],{},The data row meets all the specified plausibility rules.
maennlich,2000,Baden-Württemberg,Studentin / Student,mehrmals pro Woche,2,3,2,1,2,3,2,2,2,5,4,4,3,1,2,4,5,4,3,4,4,4,1,5,3,2,2,4,2,5,4,1,2,1,4,2,1,5,4,3,1,4,1,2,1,4,1,5,2,1,2,3,1,2,3,86,"[""rule_2""]","{""rule_2"": ""The 'alter' indicates a year (2000) that makes the person under 18 (current year is 2023), but 'beruf' is 'Studentin / Student', which is inconsistent with being underage.""}","The data quality is mostly good, but there is an inconsistency between age and profession."
maennlich,2002,Baden-Württemberg,Studentin / Student,mehrmals im Monat,2,3,1,3,3,3,2,1,1,3,2,1,5,1,3,4,3,3,1,5,4,2,2,3,5,3,2,4,1,4,5,2,2,2,1,1,1,4,3,2,3,5,3,2,4,4,2,4,3,3,1,3,3,2,3,86,"[""rule_2"", ""rule_6""]","{""rule_2"": ""The 'alter' indicates a year (2002) that makes the person under 18, but 'beruf' is 'Studentin / Student', which is inconsistent with being underage."", ""rule_6"": ""The 'involvement_unverzichtbar' (5) is higher than 'involvement_interesse' (1), which is inconsistent.""}",The data row has some inconsistencies regarding age and involvement ratings.
unbekannt,2001,Baden-Württemberg,Studentin / Student,seltener als einmal pro Monat,2,3,1,1,3,2,3,2,1,4,1,1,4,4,4,5,3,2,2,5,5,4,1,2,3,2,3,3,3,3,3,2,4,1,2,1,1,3,4,2,1,5,3,1,2,3,3,2,3,3,1,1,2,2,4,86,"[""rule_5""]","{""rule_5"": ""The 'geschlecht' is 'unbekannt' while 'beruf' is specified as 'Studentin / Student'.""}",The data row has one violation related to gender and profession consistency.
maennlich,2000,keine Angabe,Angestellte / Angestellter,mehrmals pro Woche,3,3,1,2,3,3,1,2,3,1,2,2,1,4,2,4,3,2,4,5,5,2,2,2,5,3,1,4,3,3,3,4,4,4,1,1,3,5,5,2,2,5,3,1,3,3,1,3,2,3,1,3,2,2,1,72,"[""rule_2"", ""rule_4"", ""rule_7""]","{""rule_2"": ""The 'alter' indicates a year (2000) that makes the person under 18, but 'beruf' is 'Angestellte / Angestellter', which requires adulthood."", ""rule_4"": ""The 'alkoholverzicht_wichtig' is rated high (4), but 'konsumhaeufigkeit' is 'mehrmals pro Woche', which is inconsistent."", ""rule_7"": ""The 'praef_sorte_alkoholfrei' is rated high (4), but 'konsumhaeufigkeit' is 'mehrmals pro Woche', which is inconsistent.""}","The data row contains multiple inconsistencies regarding age, profession, and consumption habits."
weiblich,2001,Baden-Württemberg,Angestellte / Angestellter,seltener als einmal pro Monat,3,3,2,1,2,1,3,4,1,4,3,3,1,3,1,4,2,3,5,5,5,2,3,3,3,2,2,3,3,3,3,2,3,3,4,1,1,5,4,4,5,5,1,3,2,5,2,3,3,4,3,3,3,2,3,86,"[""rule_2"", ""rule_4""]","{""rule_2"": ""The 'alter' indicates a year (2001) that makes the person under 18 (current year is 2023), and 'beruf' is 'Angestellte / Angestellter', which requires adulthood."", ""rule_4"": ""The 'alkoholverzicht_wichtig' is rated high (5), but 'konsumhaeufigkeit' is 'seltener als einmal pro Monat', which is inconsistent with the rule.""}","The data row has some inconsistencies regarding age and profession, as well as alcohol consumption preferences."
maennlich,2005,Baden-Württemberg,Angestellte / Angestellter,mehrmals im Monat,3,3,1,1,3,3,2,4,1,3,5,2,2,3,3,2,5,2,1,2,5,5,1,4,5,2,4,3,3,2,4,1,1,3,1,1,2,4,3,3,4,4,1,1,1,3,3,3,4,3,2,3,2,4,5,86,"[""rule_2""]","{""rule_2"": ""The 'alter' indicates a year (2005) that makes the person under 18, but 'beruf' is 'Angestellte / Angestellter', which requires adulthood.""}",The data row has one violation related to age and profession consistency.
maennlich,2000,Baden-Württemberg,Studentin / Student,mehrmals pro Woche,2,3,2,1,2,1,2,2,5,3,4,1,1,4,3,4,4,4,2,4,5,2,2,3,3,3,2,2,3,3,3,1,1,2,5,2,1,1,4,3,3,4,2,2,1,5,2,3,1,4,1,5,2,2,3,86,"[""rule_2""]","{""rule_2"": ""The 'alter' indicates a year (2000) that makes the person under 18 (current year is 2023), while 'beruf' is 'Studentin / Student', which is a profession that typically requires adulthood.""}","The data quality is mostly good, but there is an inconsistency between age and profession."
unbekannt,2003,Baden-Württemberg,Schülerin / Schüler,mehrmals im Monat,2,3,2,2,2,3,2,5,1,3,3,5,1,2,4,5,4,1,2,5,4,3,2,1,3,4,2,3,2,5,5,4,3,1,1,1,1,1,4,4,5,4,2,3,1,3,1,1,5,4,3,1,2,2,4,72,"[""rule_5"", ""rule_2"", ""rule_7""]","{""rule_5"": ""The 'geschlecht' is 'unbekannt' while 'beruf' is specified as 'Sch\u00fclerin / Sch\u00fcler'."", ""rule_2"": ""The 'alter' indicates a year (2003) that makes the person under 18, but 'beruf' is 'Sch\u00fclerin / Sch\u00fcler', which is inconsistent with the age requirement for adulthood professions."", ""rule_7"": ""The 'praef_sorte_alkoholfrei' is rated high (4), but 'konsumhaeufigkeit' is 'mehrmals im Monat', which is inconsistent.""}","The data row contains multiple inconsistencies regarding age, gender, and preferences."
maennlich,1999,Bayern,Studentin / Student,seltener als einmal pro Monat,2,3,2,1,2,2,3,5,2,1,5,1,1,2,2,4,3,5,3,5,4,4,2,3,3,2,3,4,3,3,4,3,5,3,1,2,2,2,3,2,1,5,1,3,3,2,2,3,2,2,4,4,2,3,4,100,[],{},The data row meets all the plausibility rules.
maennlich,1996,Baden-Württemberg,Studentin / Student,mehrmals im Monat,2,3,1,1,3,2,3,5,1,3,1,2,3,5,5,4,2,1,2,5,1,4,2,1,3,4,5,1,2,3,4,5,1,2,3,1,1,1,5,2,1,4,1,2,3,4,1,4,4,3,3,2,3,1,4,100,[],{},The data row meets all the plausibility rules.
maennlich,1998,Bayern,Studentin / Student,seltener als einmal pro Monat,2,3,2,3,3,2,3,2,2,4,1,2,1,4,3,1,1,2,3,5,4,3,1,3,5,2,1,3,1,3,3,1,5,1,1,1,1,3,1,3,2,1,2,1,2,4,2,3,4,4,1,3,2,2,4,100,[],{},The data row meets all the plausibility rules.
weiblich,keine Angabe,Baden-Württemberg,Studentin / Student,einmal pro Monat,2,3,1,1,2,2,2,2,1,3,5,1,2,3,5,3,1,2,1,3,4,5,3,3,3,2,4,1,3,3,2,4,3,3,1,1,1,5,2,3,2,4,1,3,4,5,2,2,3,3,2,1,1,3,1,100,[],{},The data row meets all specified plausibility rules.
weiblich,1999,Baden-Württemberg,Studentin / Student,mehrmals pro Woche,3,3,2,2,2,3,1,2,3,3,3,1,1,5,1,4,2,3,1,2,3,3,1,1,3,3,2,3,3,3,4,3,3,5,2,4,1,1,4,3,1,4,1,2,5,4,1,3,3,2,1,3,2,2,3,86,"[""rule_2""]","{""rule_2"": ""The 'alter' indicates a year (1999) that makes the person under 18 (current year 2023), but 'beruf' is 'Studentin / Student', which is a profession requiring adulthood.""}","The data quality is mostly good, but there is an inconsistency between age and profession."
weiblich,1999,Baden-Württemberg,Angestellte / Angestellter,einmal pro Monat,3,3,1,1,3,2,2,5,1,3,1,5,1,3,3,4,3,1,2,4,2,4,4,2,1,2,2,5,3,3,4,1,3,4,1,4,2,2,4,3,1,3,1,2,1,5,2,3,1,4,1,3,2,3,5,86,"[""rule_2""]","{""rule_2"": ""The 'alter' indicates a year (1999) that makes the person under 18 (current year 2023), while 'beruf' is 'Angestellte / Angestellter', which requires adulthood.""}","The data quality is mostly good, but there is an inconsistency between age and profession."
maennlich,2000,keine Angabe,Studentin / Student,seltener als einmal pro Monat,2,3,1,1,3,3,3,2,1,5,1,5,1,1,2,4,1,2,4,5,4,2,3,2,5,3,3,5,2,4,3,2,1,1,3,4,3,1,1,3,2,5,1,4,1,3,3,3,2,4,1,1,2,2,3,86,[],{},The data row meets all the plausibility rules.
weiblich,2000,Baden-Württemberg,Studentin / Student,einmal pro Monat,2,2,2,1,3,3,2,5,3,4,3,3,2,4,3,4,3,2,1,5,4,4,3,3,2,2,1,3,3,4,1,2,2,3,1,2,4,4,1,2,1,5,3,2,4,5,2,2,5,3,1,3,5,2,4,100,[],{},The data row meets all the plausibility rules.
weiblich,2000,keine Angabe,Studentin / Student,mehrmals im Monat,3,3,1,1,3,3,1,4,4,4,1,5,1,4,4,4,3,2,1,3,4,5,2,2,3,2,2,3,5,3,4,1,5,2,1,1,3,2,1,3,1,3,1,2,2,4,1,1,1,3,1,2,1,2,3,100,[],{},The data row meets all quality standards without any violations.
maennlich,1999,Baden-Württemberg,Angestellte / Angestellter,mehrmals im Monat,3,3,2,2,3,3,2,3,2,4,2,1,1,4,1,1,1,5,3,5,3,4,3,2,3,4,3,3,2,3,1,1,2,2,1,1,1,2,2,4,2,4,4,2,3,4,2,2,5,5,2,2,3,2,3,86,"[""rule_2""]","{""rule_2"": ""The 'alter' indicates a year (1999) that makes the person under 18 (current year is 2023), but 'beruf' is 'Angestellte / Angestellter', which requires adulthood.""}",The data row has one violation related to age and profession consistency.
unbekannt,2006,Baden-Württemberg,keine Angabe,seltener als einmal pro Monat,3,3,2,2,2,2,3,4,2,3,1,2,4,4,2,4,2,1,1,3,4,3,2,4,1,2,4,5,2,4,3,1,3,5,1,1,1,4,5,4,1,2,1,1,2,5,5,3,4,4,2,1,2,2,1,100,[],{},The data row meets all the plausibility rules.
maennlich,1999,Baden-Württemberg,Angestellte / Angestellter,mehrmals pro Woche,2,1,2,3,2,3,3,2,4,2,3,2,1,5,3,2,2,1,1,5,4,4,4,3,5,3,3,4,3,3,3,2,3,2,4,2,2,1,3,2,1,4,1,4,2,5,3,1,1,3,3,1,1,2,4,86,"[""rule_2""]","{""rule_2"": ""The 'alter' indicates a year (1999) that makes the person under 18 (current year is 2023), but 'beruf' is 'Angestellte / Angestellter', which requires adulthood.""}",The data row has one violation related to age and profession consistency.
maennlich,2004,Baden-Württemberg,Angestellte / Angestellter,mehrmals im Monat,2,1,2,1,2,2,1,3,2,4,3,1,1,4,2,3,3,4,1,4,2,4,2,3,3,2,4,3,3,3,3,1,2,1,1,2,2,1,1,3,2,3,4,2,3,5,1,4,1,3,4,1,4,2,5,72,"[""rule_2""]","{""rule_2"": ""The 'alter' indicates a year (2004) that makes the person under 18, but 'beruf' is 'Angestellte / Angestellter', which requires adulthood.""}",The data row has one violation related to age and profession consistency.
maennlich,2005,Bayern,Angestellte / Angestellter,seltener als einmal pro Monat,2,3,2,2,3,3,2,5,2,3,3,3,4,5,2,4,5,3,2,5,4,3,2,1,4,2,2,1,2,4,5,3,5,1,3,2,1,1,2,5,3,3,1,1,2,5,3,4,2,1,2,3,2,2,3,86,"[""rule_2""]","{""rule_2"": ""The 'alter' indicates a year (2005) that makes the person under 18, but 'beruf' is 'Angestellte / Angestellter', which requires adulthood.""}","The data quality is mostly acceptable, but there is an inconsistency between age and profession."
weiblich,2005,Baden-Württemberg,Studentin / Student,mehrmals im Monat,3,2,2,2,3,2,2,3,4,3,2,1,1,5,5,2,1,4,1,4,2,4,3,2,1,3,3,3,3,3,5,4,3,3,1,1,5,5,1,3,5,3,1,2,1,2,2,1,3,3,3,1,4,3,3,86,"[""rule_2"", ""rule_7""]","{""rule_2"": ""The 'alter' indicates a year (2005) that makes the person under 18, but 'beruf' is 'Studentin / Student', which is a profession requiring adulthood."", ""rule_7"": ""The 'praef_sorte_alkoholfrei' is rated high (4), but 'konsumhaeufigkeit' is 'mehrmals im Monat', which is inconsistent.""}",The data quality is compromised due to inconsistencies in age-related profession and preferences.
maennlich,1998,Baden-Württemberg,keine Angabe,mehrmals im Monat,2,3,2,1,3,3,1,5,1,2,3,1,2,3,3,3,5,1,1,5,2,3,4,2,5,3,4,3,3,2,3,3,3,1,1,2,2,3,4,3,1,5,3,2,5,5,2,1,3,3,2,2,3,5,3,100,[],{},The data row meets all the plausibility rules.
maennlich,2003,Baden-Württemberg,Studentin / Student,mehrmals im Monat,3,2,2,1,3,3,2,4,1,1,2,1,3,4,2,2,3,5,3,5,5,5,2,2,1,3,2,4,3,3,4,3,3,2,1,1,1,3,2,3,1,2,1,2,2,5,1,3,2,1,1,3,3,2,1,86,"[""rule_2""]","{""rule_2"": ""The 'alter' indicates a year (2003) that makes the person under 18, but 'beruf' is 'Studentin / Student', which is a profession requiring adulthood.""}",The data row has one violation related to age and profession consistency.
weiblich,2006,Baden-Württemberg,Angestellte / Angestellter,täglich,3,2,1,2,3,3,1,4,5,3,2,1,1,3,2,5,3,5,2,5,3,4,5,4,3,1,2,1,3,2,4,2,3,1,3,1,2,2,1,3,1,5,1,3,1,3,1,5,3,5,2,1,1,1,3,72,"[""rule_2""]","{""rule_2"": ""The 'alter' indicates a year (2006) that makes the person under 18 (current year is 2023), but 'beruf' is 'Angestellte / Angestellter', which requires adulthood.""}",The data row has one violation related to age and profession consistency.
unbekannt,2001,Baden-Württemberg,Studentin / Student,mehrmals pro Woche,2,3,2,1,3,3,3,5,5,5,1,1,1,1,3,3,3,1,1,4,2,3,3,3,2,1,2,3,3,3,4,1,1,2,3,1,1,5,4,1,2,3,1,2,3,2,5,1,4,1,2,2,3,2,3,72,"[""rule_5"", ""rule_2""]","{""rule_5"": ""The 'geschlecht' is 'unbekannt' while 'beruf' is specified as 'Studentin / Student'."", ""rule_2"": ""The 'alter' indicates a year (2001) that makes the person under 18, but 'beruf' is 'Studentin / Student', which is inconsistent.""}","The data row has inconsistencies regarding gender and profession, as well as age-related employment suitability."
maennlich,2004,Baden-Württemberg,Schülerin / Schüler,einmal pro Monat,2,2,1,2,3,3,1,3,1,4,5,3,5,4,5,2,4,2,2,4,5,4,1,3,3,4,2,5,3,3,4,2,5,1,1,1,1,2,4,2,2,2,1,3,4,5,1,5,3,3,1,2,4,2,4,86,"[""rule_2""]","{""rule_2"": ""The 'alter' indicates a year (2004) that makes the person under 18, but 'beruf' is 'Sch\u00fclerin / Sch\u00fcler', which is a profession requiring adulthood.""}",The data row has one violation related to age and profession consistency.
maennlich,2006,Baden-Württemberg,Angestellte / Angestellter,einmal pro Monat,2,3,2,2,3,2,2,2,1,3,4,1,4,3,3,3,3,5,2,5,3,2,2,2,1,3,2,4,3,3,4,2,3,4,1,4,3,3,4,3,1,3,4,2,4,4,2,2,4,2,1,3,3,1,4,72,"[""rule_2""]","{""rule_2"": ""The 'alter' indicates a year (2006) that makes the person under 18, but 'beruf' is 'Angestellte / Angestellter', which requires adulthood.""}",The data row has one violation related to age and profession consistency.
maennlich,1999,Baden-Württemberg,Studentin / Student,einmal pro Monat,3,2,1,2,3,2,1,2,2,4,2,1,4,3,2,5,2,2,3,4,2,4,1,3,3,1,4,4,1,3,4,2,5,3,1,3,1,2,4,3,2,5,1,2,3,5,1,1,5,4,2,2,1,3,3,100,[],{},The data row meets all quality standards and does not violate any rules.
unbekannt,keine Angabe,Baden-Württemberg,keine Angabe,einmal pro Monat,2,2,2,2,3,3,3,4,3,4,3,3,1,2,2,3,2,2,1,4,5,3,3,2,4,3,2,4,1,2,3,3,2,1,2,1,1,3,2,5,2,5,1,2,1,4,1,4,2,3,3,2,2,3,2,100,[],{},The data row meets all quality standards.
maennlich,2007,Baden-Württemberg,Studentin / Student,einmal pro Monat,2,3,1,1,3,3,3,4,3,4,3,1,1,2,4,4,1,2,2,5,1,3,1,3,3,2,1,2,2,2,3,2,2,4,1,1,3,5,3,3,1,5,4,2,2,5,1,3,4,3,1,3,3,2,3,86,"[""rule_2""]","{""rule_2"": ""The 'alter' indicates a year (2007) that makes the person under 18, but 'beruf' is 'Studentin / Student', which is inconsistent with being underage.""}","The data quality is mostly good, but there is an inconsistency between age and profession."
maennlich,2004,Baden-Württemberg,Angestellte / Angestellter,mehrmals im Monat,2,3,1,1,3,3,3,5,3,3,2,4,1,3,3,4,3,1,5,5,4,3,2,2,1,5,3,3,3,3,4,1,4,2,3,2,2,4,4,2,2,5,1,3,2,1,4,4,4,3,4,2,2,2,4,72,"[""rule_2"", ""rule_4""]","{""rule_2"": ""The 'alter' indicates a year (2004) that makes the person under 18, but 'beruf' is 'Angestellte / Angestellter', which requires adulthood."", ""rule_4"": ""The 'alkoholverzicht_wichtig' is rated high (5), but 'konsumhaeufigkeit' is 'mehrmals im Monat', which is inconsistent.""}",The data row has inconsistencies regarding age-related profession requirements and alcohol consumption preferences.
weiblich,1999,Baden-Württemberg,Angestellte / Angestellter,mehrmals im Monat,2,3,1,2,3,3,2,3,2,3,3,3,1,3,3,4,2,5,3,3,5,4,3,5,3,3,2,3,2,2,3,2,3,1,2,4,2,2,3,3,1,4,2,3,1,4,2,3,4,4,2,2,3,1,4,72,"[""rule_2""]","{""rule_2"": ""The 'alter' indicates a year (1999) that makes the person under 18 (current year is 2023), but 'beruf' is 'Angestellte / Angestellter', which requires adulthood.""}",The data row has one violation related to age and profession consistency.
weiblich,1999,Baden-Württemberg,Studentin / Student,mehrmals pro Woche,3,3,1,1,2,2,2,2,3,5,5,4,1,5,3,3,1,4,1,4,2,5,3,3,3,2,3,3,2,4,2,1,2,1,1,2,1,2,4,3,2,5,1,2,4,4,2,3,3,3,2,5,1,2,2,86,"[""rule_2""]","{""rule_2"": ""The 'alter' indicates a year (1999) that makes the person under 18 (current year 2023), but 'beruf' is 'Studentin / Student', which is a profession requiring adulthood.""}",The data row has one violation related to age and profession consistency.
weiblich,1999,Baden-Württemberg,Studentin / Student,mehrmals im Monat,2,3,1,1,3,2,1,1,1,2,2,1,4,4,3,4,3,4,3,5,2,5,1,3,3,4,3,2,3,3,5,5,1,1,1,1,4,1,3,2,1,4,3,2,3,3,4,5,1,3,3,2,3,2,4,86,"[""rule_2"", ""rule_6"", ""rule_7""]","{""rule_2"": ""The 'alter' indicates a year (1999) that makes the person under 18 (current year 2023), but 'beruf' is 'Studentin / Student', which is a profession requiring adulthood."", ""rule_6"": ""The 'involvement_unverzichtbar' (4) is higher than 'involvement_interesse' (1)."", ""rule_7"": ""The 'praef_sorte_alkoholfrei' (5) is high, but 'konsumhaeufigkeit' is 'mehrmals im Monat', which is inconsistent.""}","The data quality is compromised due to multiple rule violations regarding age, involvement ratings, and consumption preferences."
maennlich,2000,Baden-Württemberg,Angestellte / Angestellter,mehrmals im Monat,2,1,2,2,3,2,2,2,2,5,1,2,1,3,3,4,1,1,1,4,4,4,5,2,3,1,1,3,2,5,4,4,3,3,1,1,2,1,3,3,3,5,1,1,2,4,1,3,3,5,3,3,3,3,3,86,"[""rule_2"", ""rule_7""]","{""rule_2"": ""The 'alter' indicates a year (2000) that makes the person under 18 (current year 2023), but 'beruf' is 'Angestellte / Angestellter', which requires adulthood."", ""rule_7"": ""The 'praef_sorte_alkoholfrei' is rated high (4), but 'konsumhaeufigkeit' is 'mehrmals im Monat', which is inconsistent.""}","The data row has some inconsistencies regarding age and profession, as well as preferences and consumption."
weiblich,2002,Baden-Württemberg,Studentin / Student,mehrmals im Monat,3,3,1,2,3,3,2,2,2,3,3,1,2,3,2,4,1,1,2,5,1,4,4,2,3,2,3,1,4,5,3,2,3,3,2,2,1,4,4,1,2,5,1,3,5,5,1,4,1,2,3,2,4,2,1,86,"[""rule_2""]","{""rule_2"": ""The 'alter' indicates a year (2002) that makes the person under 18, but 'beruf' is 'Studentin / Student', which is a profession requiring adulthood.""}","The data quality is mostly good, but there is an inconsistency between age and profession."
unbekannt,keine Angabe,Baden-Württemberg,Schülerin / Schüler,mehrmals im Monat,2,3,1,1,1,2,2,5,1,3,2,1,1,4,3,3,3,2,2,5,5,3,1,2,3,5,1,3,2,3,3,2,3,3,1,1,2,1,4,4,1,1,1,3,2,3,1,3,3,2,1,2,3,2,3,86,"[""rule_5""]","{""rule_5"": ""The 'geschlecht' is 'unbekannt' while 'beruf' is specified as 'Sch\u00fclerin / Sch\u00fcler', which violates the rule.""}","The data quality is mostly acceptable, but there is an inconsistency between gender and profession."
maennlich,2000,Baden-Württemberg,Studentin / Student,seltener als einmal pro Monat,2,3,1,2,1,3,3,3,5,3,3,5,1,1,3,2,2,3,1,5,4,4,4,2,5,3,5,5,2,3,3,4,1,3,5,1,1,2,3,4,1,2,3,2,1,4,1,3,2,2,1,3,1,5,4,100,[],{},The data row meets all quality standards.
weiblich,1998,Baden-Württemberg,Studentin / Student,mehrmals pro Woche,3,3,2,1,2,2,2,2,3,1,4,5,1,4,2,3,1,3,3,5,3,3,3,1,2,5,4,2,1,3,2,4,1,1,1,4,1,4,4,3,2,4,3,1,2,5,4,5,3,5,3,1,3,2,3,86,"[""rule_2""]","{""rule_2"": ""The 'alter' indicates a year (1998) that makes the person under 18, but 'beruf' is 'Studentin / Student', which is a profession requiring adulthood.""}","The data quality is mostly acceptable, but there is an inconsistency between age and profession."
maennlich,2003,keine Angabe,Studentin / Student,mehrmals pro Woche,2,3,2,1,2,3,2,4,3,2,1,2,4,5,1,4,3,2,2,4,3,3,2,1,3,5,2,3,4,3,1,2,2,2,1,1,1,3,4,2,2,5,1,5,1,5,4,4,2,3,1,3,3,1,3,86,"[""rule_2""]","{""rule_2"": ""The 'alter' indicates a year (2003) that makes the person under 18, but 'beruf' is 'Studentin / Student', which is a profession requiring adulthood.""}",The data row has one violation related to age and profession consistency.
maennlich,2002,Baden-Württemberg,Angestellte / Angestellter,mehrmals im Monat,2,3,2,1,2,2,1,3,2,2,2,1,2,1,3,1,2,2,3,5,3,3,3,2,5,3,2,5,3,4,2,2,3,1,5,5,1,2,5,1,2,2,1,4,1,5,1,1,4,5,2,2,2,2,3,86,"[""rule_2""]","{""rule_2"": ""The 'alter' indicates a year (2002) that makes the person under 18, but 'beruf' is 'Angestellte / Angestellter', which requires adulthood.""}",The data row has one violation related to age and profession consistency.
maennlich,2003,Baden-Württemberg,Angestellte / Angestellter,mehrmals im Monat,2,3,2,1,2,2,1,5,3,4,4,3,1,5,3,3,4,2,1,4,4,2,3,1,5,1,3,1,2,3,2,1,4,2,1,1,2,3,5,3,3,5,2,3,1,5,3,3,3,3,4,3,2,2,3,86,"[""rule_2""]","{""rule_2"": ""The 'alter' indicates a year (2003) that makes the person under 18, but 'beruf' is 'Angestellte / Angestellter', which requires adulthood.""}","The data quality is mostly acceptable, with one significant violation regarding age and profession consistency."
divers,2001,Baden-Württemberg,Studentin / Student,mehrmals pro Woche,2,3,2,1,2,3,2,1,2,3,1,1,1,4,1,4,5,1,2,3,5,2,3,2,2,3,1,4,2,3,4,2,1,1,1,3,1,3,4,1,1,5,1,2,1,5,5,5,1,3,1,2,3,1,4,86,"[""rule_2""]","{""rule_2"": ""The 'alter' indicates a year (2001) that makes the person under 18 (current year 2023), but 'beruf' is 'Studentin / Student', which is a profession that typically requires adulthood.""}","The data quality is mostly good, but there is an inconsistency between age and profession."
weiblich,2005,keine Angabe,Studentin / Student,mehrmals pro Woche,2,3,2,1,2,3,1,1,2,4,4,5,4,1,4,4,4,5,2,4,4,3,5,2,3,4,4,5,2,3,4,3,3,2,2,5,2,3,5,4,1,4,1,3,2,3,4,5,5,4,2,2,1,2,5,72,"[""rule_2""]","{""rule_2"": ""The 'alter' indicates a year (2005) that makes the person under 18, but 'beruf' is 'Studentin / Student', which is a profession requiring adulthood.""}",The data row has one violation related to age and profession consistency.
maennlich,2004,Bayern,keine Angabe,seltener als einmal pro Monat,3,2,1,2,2,3,3,2,3,5,3,2,1,5,3,2,3,1,4,4,2,4,3,1,2,1,2,2,2,4,4,4,3,1,2,2,2,4,1,3,1,1,1,3,3,4,2,1,3,2,2,2,3,1,5,86,[],{},The data row adheres to all specified data quality rules.
unbekannt,2003,Baden-Württemberg,Schülerin / Schüler,mehrmals im Monat,3,3,3,1,3,3,3,1,3,5,2,1,5,3,2,1,1,5,1,5,4,4,2,2,4,2,3,3,1,3,2,1,5,1,1,1,1,3,1,3,1,5,1,2,3,3,1,1,3,4,3,1,3,1,3,72,"[""rule_5"", ""rule_2""]","{""rule_5"": ""The 'geschlecht' is 'unbekannt' while 'beruf' is specified as 'Sch\u00fclerin / Sch\u00fcler'."", ""rule_2"": ""The 'alter' indicates a year (2003) that makes the person under 18, but 'beruf' is 'Sch\u00fclerin / Sch\u00fcler', which is inconsistent with the age.""}","The data row contains inconsistencies regarding gender and profession, as well as age-related profession suitability."
maennlich,2000,Baden-Württemberg,Studentin / Student,seltener als einmal pro Monat,2,3,2,1,1,3,2,2,1,4,4,1,1,4,4,4,3,1,2,4,4,4,3,5,4,4,1,4,3,3,4,1,1,1,1,1,5,3,4,5,1,2,2,2,5,5,1,2,5,1,1,2,1,2,3,100,[],{},The data row meets all the specified data quality rules.
weiblich,2004,Baden-Württemberg,Beamtin / Beamter,täglich,3,2,1,2,2,3,2,2,2,3,2,3,4,3,4,5,3,2,3,5,5,4,2,2,5,4,3,2,3,4,4,4,3,3,3,2,2,2,3,3,1,5,1,2,1,5,2,3,4,3,3,1,3,2,5,72,"[""rule_2"", ""rule_6"", ""rule_7""]","{""rule_2"": ""The 'alter' indicates a year (2004) that makes the person under 18, but 'beruf' is 'Beamtin / Beamter', which requires adulthood."", ""rule_6"": ""The 'involvement_unverzichtbar' (4) is higher than 'involvement_interesse' (2)."", ""rule_7"": ""The 'praef_sorte_alkoholfrei' (4) is high, but 'konsumhaeufigkeit' is 't\u00e4glich'.""}","The data row contains multiple inconsistencies regarding age, involvement ratings, and consumption preferences."
weiblich,2004,Baden-Württemberg,Studentin / Student,mehrmals im Monat,2,3,1,3,2,3,2,5,5,3,4,2,1,4,2,5,5,1,3,5,2,4,2,2,3,5,3,5,4,3,2,1,2,4,1,3,4,3,1,2,3,5,2,3,5,2,2,1,2,3,2,2,2,3,5,72,"[""rule_2""]","{""rule_2"": ""The 'alter' indicates a year (2004) that makes the person under 18 (current year is 2023), and 'beruf' is 'Studentin / Student', which is a profession requiring adulthood.""}","The data quality is mostly acceptable, but there is an inconsistency between age and profession."
weiblich,2007,Baden-Württemberg,Studentin / Student,mehrmals im Monat,2,3,1,1,3,2,1,5,3,4,4,2,2,3,1,3,3,2,1,5,4,3,3,5,3,4,3,4,3,2,5,2,5,1,2,2,5,1,1,5,1,5,1,5,2,4,1,2,1,4,3,1,2,1,3,86,"[""rule_2""]","{""rule_2"": ""The 'alter' indicates a year (2007) that makes the person under 18, but 'beruf' is 'Studentin / Student', which is inconsistent with being underage.""}",The data row has one violation related to age and profession consistency.
weiblich,1997,Baden-Württemberg,Beamtin / Beamter,einmal pro Monat,3,3,1,1,3,3,2,3,1,3,5,3,2,5,3,4,3,1,1,5,2,3,4,2,3,1,5,3,4,3,3,4,4,2,2,1,2,2,4,5,2,3,3,3,4,4,3,1,1,5,3,4,1,2,2,72,"[""rule_2"", ""rule_7""]","{""rule_2"": ""The 'alter' indicates a year (1997) that makes the person under 18, but 'beruf' is 'Beamtin / Beamter', which requires adulthood."", ""rule_7"": ""The 'praef_sorte_alkoholfrei' is rated high (4), but 'konsumhaeufigkeit' is 'einmal pro Monat', which is inconsistent.""}",The data quality is compromised due to inconsistencies in age-related profession and preferences.
maennlich,1995,Berlin,Studentin / Student,mehrmals im Monat,2,3,1,3,3,3,3,4,3,5,4,1,4,2,3,2,3,5,4,4,3,4,2,3,3,1,1,4,4,3,4,3,3,4,1,3,2,1,2,5,2,5,4,2,3,5,4,5,5,3,1,1,3,2,4,100,[],{},The data row meets all specified data quality rules.
maennlich,2003,Baden-Württemberg,Angestellte / Angestellter,täglich,2,3,1,1,1,3,2,4,3,2,3,5,4,2,2,3,4,2,2,4,4,5,2,3,4,3,2,3,3,3,5,2,3,1,1,2,2,4,5,5,2,3,1,3,5,3,3,3,5,2,3,1,2,2,3,72,"[""rule_2""]","{""rule_2"": ""The 'alter' indicates a year (2003) that makes the person under 18, but 'beruf' is 'Angestellte / Angestellter', which requires adulthood.""}",The data row has one violation related to age and profession consistency.
weiblich,2003,Baden-Württemberg,Studentin / Student,seltener als einmal pro Monat,2,3,2,1,3,2,2,2,4,5,2,1,2,4,1,3,2,3,2,5,2,3,3,2,3,5,3,4,2,3,3,2,4,3,2,1,4,3,4,2,2,3,1,3,1,1,2,3,3,5,1,3,3,2,2,100,[],{},The data row meets all quality standards.
weiblich,2003,Baden-Württemberg,Angestellte / Angestellter,mehrmals im Monat,2,2,1,2,3,3,2,2,3,4,4,1,1,1,3,5,1,5,3,5,4,5,3,1,3,3,4,5,3,4,5,1,3,1,2,1,3,5,1,5,2,5,3,2,4,3,1,3,4,2,3,3,1,1,3,72,"[""rule_2""]","{""rule_2"": ""The 'alter' indicates a year (2003) that makes the person under 18 (current year 2023), but 'beruf' is 'Angestellte / Angestellter', which requires adulthood.""}",The data row has one violation related to age and profession consistency.
unbekannt,1996,Baden-Württemberg,keine Angabe,mehrmals pro Woche,2,3,2,2,2,2,2,1,4,3,2,4,5,3,3,4,2,4,1,3,4,4,2,1,4,3,4,3,5,4,3,2,5,1,1,1,3,1,3,5,1,4,1,3,1,2,2,1,1,2,2,2,5,2,3,100,[],{},The data row adheres to all specified data quality rules.
maennlich,1999,Baden-Württemberg,Schülerin / Schüler,seltener als einmal pro Monat,3,2,1,2,3,1,3,1,5,3,2,1,4,5,5,4,1,2,3,5,3,1,1,1,5,4,3,3,3,2,3,2,3,1,2,1,1,2,1,2,1,5,1,3,1,4,3,3,1,3,2,3,2,1,3,100,[],{},The data row meets all the plausibility rules.
weiblich,1998,Baden-Württemberg,keine Angabe,mehrmals pro Woche,1,3,2,1,3,2,2,4,3,5,1,3,2,1,3,4,1,3,1,5,3,4,3,2,2,1,2,4,4,4,3,2,2,1,1,4,4,3,3,3,1,1,1,1,2,4,2,2,3,2,5,1,2,1,3,100,[],{},The data row meets all the plausibility rules.
weiblich,2000,Baden-Württemberg,Selbständige / Selbstständiger,mehrmals im Monat,2,1,2,2,2,3,1,4,4,5,3,2,1,4,1,2,3,1,3,5,4,4,1,2,3,2,5,5,2,3,4,1,4,1,1,3,4,3,3,3,2,3,4,2,3,5,2,4,2,3,1,2,4,3,4,86,"[""rule_2""]","{""rule_2"": ""The 'alter' indicates a year (2000) that makes the person under 18, but 'beruf' is 'Selbst\u00e4ndige / Selbstst\u00e4ndiger', which requires adulthood.""}","The data quality is mostly good, but there is an inconsistency between age and profession."
maennlich,2004,Baden-Württemberg,Schülerin / Schüler,seltener als einmal pro Monat,3,3,2,2,2,3,2,4,3,5,1,2,2,4,5,2,5,1,1,5,3,4,5,3,5,4,3,1,1,5,5,3,3,4,1,1,1,3,3,4,1,5,1,2,2,1,2,3,3,1,2,1,2,2,3,86,"[""rule_2""]","{""rule_2"": ""The 'alter' indicates a year (2004) that makes the person under 18, but 'beruf' is 'Sch\u00fclerin / Sch\u00fcler', which is a profession requiring adulthood.""}","The data quality is mostly acceptable, but there is an inconsistency between age and profession."
unbekannt,2006,Baden-Württemberg,Studentin / Student,seltener als einmal pro Monat,2,3,1,1,1,3,3,4,1,4,2,3,2,1,3,4,1,1,1,4,3,4,2,2,3,4,4,2,5,3,2,3,1,3,1,4,3,1,1,4,1,5,1,2,4,5,2,3,1,4,1,2,2,3,2,86,"[""rule_5""]","{""rule_5"": ""The 'geschlecht' is 'unbekannt' while 'beruf' is specified as 'Studentin / Student'.""}",The data row has one violation related to the gender and profession consistency.
maennlich,2002,Baden-Württemberg,Angestellte / Angestellter,seltener als einmal pro Monat,3,3,2,3,3,3,2,3,3,5,1,2,1,4,5,3,5,4,2,5,5,5,1,2,3,2,4,3,4,3,1,1,5,4,1,2,1,1,4,1,1,5,2,3,1,5,2,3,3,5,4,2,2,2,4,86,"[""rule_2""]","{""rule_2"": ""The 'alter' indicates a year (2002) that makes the person under 18 (current year 2023), but 'beruf' is 'Angestellte / Angestellter', which requires adulthood.""}","The data quality is mostly good, but there is an inconsistency between age and profession."
weiblich,2000,Baden-Württemberg,keine Angabe,mehrmals im Monat,2,3,2,2,2,2,2,3,5,4,2,4,1,4,3,3,1,5,1,4,5,5,4,1,5,2,3,2,2,2,1,4,3,1,2,1,1,1,5,1,2,5,1,3,2,4,1,1,4,1,1,3,3,2,4,100,[],{},The data row meets all the plausibility rules.
maennlich,2000,Baden-Württemberg,Angestellte / Angestellter,mehrmals pro Woche,2,3,3,2,3,3,2,2,3,4,3,3,2,5,2,5,3,1,3,4,4,4,3,1,1,3,2,4,3,4,2,1,4,5,2,1,1,3,1,1,2,4,1,1,2,5,3,2,1,1,1,2,3,2,5,86,"[""rule_2""]","{""rule_2"": ""The 'alter' indicates a year (2000) that makes the person under 18 (current year is 2023), while 'beruf' is 'Angestellte / Angestellter', which requires adulthood.""}","The data quality is mostly acceptable, but there is an inconsistency between age and profession."
maennlich,2004,Nordrhein-Westfalen,Studentin / Student,mehrmals im Monat,2,3,2,3,1,2,3,5,2,4,2,2,1,4,5,1,5,1,3,5,4,4,4,2,3,3,2,1,1,3,3,1,3,1,1,1,3,1,4,3,2,2,1,4,3,5,1,3,1,2,2,2,1,2,1,86,"[""rule_2""]","{""rule_2"": ""The 'alter' indicates a year (2004) that makes the person under 18, but 'beruf' is 'Studentin / Student', which is a profession requiring adulthood.""}","The data quality is mostly good, but there is an inconsistency between age and profession."
maennlich,2004,Baden-Württemberg,Studentin / Student,mehrmals pro Woche,2,3,2,1,3,2,2,3,2,5,1,1,1,5,2,4,5,4,2,5,1,2,3,2,3,4,2,3,4,3,4,1,1,1,1,1,2,1,5,3,2,5,4,1,1,2,5,1,3,4,3,3,3,2,4,86,"[""rule_2""]","{""rule_2"": ""The 'alter' indicates a year (2004) that makes the person under 18, but 'beruf' is 'Studentin / Student', which is a profession requiring adulthood.""}",The data row has one violation related to age and profession consistency.
maennlich,2005,Baden-Württemberg,Studentin / Student,seltener als einmal pro Monat,3,3,2,3,2,3,1,2,2,5,1,1,4,4,3,3,4,2,1,5,4,2,3,2,3,4,2,3,3,3,3,1,2,1,1,2,2,1,1,4,5,4,1,1,1,5,4,1,1,3,2,4,5,4,4,86,"[""rule_2""]","{""rule_2"": ""The 'alter' indicates a year (2005) that makes the person under 18, but 'beruf' is 'Studentin / Student', which is inconsistent with being underage.""}","The data quality is mostly acceptable, with one significant inconsistency regarding age and profession."
weiblich,2003,Baden-Württemberg,Angestellte / Angestellter,seltener als einmal pro Monat,3,2,2,3,3,2,3,3,2,2,2,3,4,5,3,5,4,4,2,5,4,3,3,2,5,2,4,1,1,3,3,3,3,1,1,2,4,3,5,3,1,5,1,1,1,3,3,2,2,5,1,2,3,2,2,86,"[""rule_2""]","{""rule_2"": ""The 'alter' indicates a year (2003) that makes the person under 18, but 'beruf' is 'Angestellte / Angestellter', which requires adulthood.""}",The data row has one violation related to age and profession consistency.
weiblich,2005,Baden-Württemberg,keine Angabe,mehrmals im Monat,2,3,2,2,3,2,3,2,4,4,1,3,4,4,3,3,4,2,1,4,4,4,5,5,1,2,3,3,2,5,4,1,2,1,1,4,1,4,5,3,1,2,1,3,1,3,2,4,1,1,1,3,3,3,1,100,[],{},The data row meets all the specified data quality rules.
weiblich,1998,Bayern,Angestellte / Angestellter,einmal pro Monat,3,3,2,1,1,3,2,3,1,2,2,3,2,3,5,2,2,4,2,5,2,4,4,1,5,1,4,1,1,3,5,5,2,2,4,2,3,5,3,1,2,1,1,3,1,3,2,1,1,3,1,3,2,2,4,86,"[""rule_2"", ""rule_7""]","{""rule_2"": ""The 'alter' indicates a year (1998) that makes the person under 18, but 'beruf' is 'Angestellte / Angestellter', which requires adulthood."", ""rule_7"": ""The 'praef_sorte_alkoholfrei' is rated high (5), but 'konsumhaeufigkeit' is 'einmal pro Monat', which is inconsistent.""}",The data row has some inconsistencies regarding age-related profession requirements and preferences related to alcohol consumption.
maennlich,2004,Baden-Württemberg,Studentin / Student,seltener als einmal pro Monat,2,3,2,1,2,2,2,4,5,4,3,3,1,5,4,1,2,2,2,2,3,5,2,3,5,4,2,5,5,3,3,4,4,1,2,1,1,4,5,3,1,4,1,2,1,5,2,3,1,3,2,3,3,1,4,100,[],{},The data row meets all the specified data quality rules.
maennlich,2004,Baden-Württemberg,Studentin / Student,mehrmals im Monat,2,3,1,1,2,2,3,5,1,3,2,3,2,4,3,3,2,3,1,4,2,5,4,2,1,3,2,5,1,2,5,5,2,1,1,1,1,1,4,3,5,5,1,2,5,5,2,4,2,5,1,3,1,2,5,86,"[""rule_2""]","{""rule_2"": ""The 'alter' indicates a year (2004) that makes the person under 18 (current year is 2023), but 'beruf' is 'Studentin / Student', which is a profession requiring adulthood.""}","The data quality is mostly good, but there is an inconsistency between age and profession."
maennlich,2003,Baden-Württemberg,Angestellte / Angestellter,seltener als einmal pro Monat,1,3,1,1,3,2,1,1,3,4,4,3,1,4,4,4,4,5,1,4,4,4,2,2,2,2,4,3,2,4,3,1,3,1,1,1,1,1,5,4,2,5,1,3,2,4,2,3,1,4,1,3,2,2,3,86,"[""rule_2""]","{""rule_2"": ""The 'alter' indicates a year (2003) that makes the person under 18, but 'beruf' is 'Angestellte / Angestellter', which requires adulthood.""}",The data row has one violation related to age and profession consistency.
maennlich,2005,Baden-Württemberg,in Ausbildung/im Freiwilligendienst,mehrmals im Monat,2,3,1,1,3,3,2,1,2,5,3,2,1,4,3,3,2,2,1,5,3,4,1,3,4,4,3,2,1,3,2,2,1,1,1,5,1,1,3,1,1,5,1,1,2,5,1,1,1,3,2,2,1,2,3,86,"[""rule_2""]","{""rule_2"": ""The 'alter' indicates a year (2005) that makes the person under 18, but 'beruf' is 'in Ausbildung/im Freiwilligendienst', which is a profession requiring adulthood.""}","The data quality is mostly acceptable, but there is an inconsistency between age and profession."
maennlich,2001,Baden-Württemberg,Angestellte / Angestellter,mehrmals im Monat,3,3,2,1,1,3,3,5,3,2,1,3,4,3,5,4,1,1,2,5,4,4,3,3,4,3,3,5,2,3,4,2,2,1,2,1,2,1,3,1,1,5,1,2,5,3,1,3,2,2,2,3,1,2,2,86,"[""rule_2""]","{""rule_2"": ""The 'alter' indicates a year (2001) that makes the person under 18, but 'beruf' is 'Angestellte / Angestellter', which requires adulthood.""}",The data row has one violation related to age and profession consistency.
unbekannt,2003,Baden-Württemberg,Angestellte / Angestellter,einmal pro Monat,2,3,1,2,2,1,2,2,2,3,2,5,2,3,4,4,2,2,5,4,5,4,3,3,2,3,5,4,2,3,4,4,3,1,1,1,2,3,5,3,1,3,2,1,1,2,1,3,3,4,1,1,1,2,3,72,"[""rule_2"", ""rule_5"", ""rule_4""]","{""rule_2"": ""The 'alter' indicates a year (2003) that makes the person under 18, but 'beruf' is 'Angestellte / Angestellter', which requires adulthood."", ""rule_5"": ""The 'geschlecht' is 'unbekannt' while 'beruf' is specified as 'Angestellte / Angestellter'."", ""rule_4"": ""The 'alkoholverzicht_wichtig' is rated high (5), but 'konsumhaeufigkeit' is 'einmal pro Monat', which is inconsistent.""}","The data quality is compromised due to multiple inconsistencies regarding age, gender, and consumption preferences."
weiblich,2003,Baden-Württemberg,Studentin / Student,einmal pro Monat,2,3,1,2,1,3,2,2,1,5,1,1,4,5,4,3,2,2,1,5,2,5,3,1,3,2,4,4,1,5,4,1,4,1,1,1,1,2,5,4,3,5,1,3,2,1,1,3,4,4,2,3,3,2,3,86,"[""rule_2"", ""rule_6""]","{""rule_2"": ""The 'alter' indicates a year (2003) that makes the person under 18 (current year is 2023), but 'beruf' is 'Studentin / Student', which is a profession requiring adulthood."", ""rule_6"": ""The 'involvement_unverzichtbar' (4) is higher than 'involvement_interesse' (2).""}",The data row has some inconsistencies regarding age and involvement ratings.
weiblich,2000,Baden-Württemberg,Studentin / Student,mehrmals im Monat,3,3,1,1,3,3,3,4,2,3,1,3,1,2,5,5,3,5,1,4,4,4,1,1,3,5,3,2,3,3,5,2,2,1,5,3,3,1,5,1,1,4,1,1,3,5,3,1,2,5,2,1,4,2,1,86,"[""rule_2""]","{""rule_2"": ""The 'alter' indicates a year (2000) that makes the person under 18 (current year is 2023), but 'beruf' is 'Studentin / Student', which is a profession requiring adulthood.""}","The data quality is mostly good, but there is an inconsistency between age and profession."
maennlich,2003,Baden-Württemberg,Studentin / Student,mehrmals im Monat,3,3,1,1,2,1,2,5,5,4,2,2,3,4,3,4,5,1,2,4,2,5,1,2,4,3,3,5,2,5,3,2,3,4,2,4,1,2,4,3,1,4,1,2,2,4,2,4,5,5,2,2,1,2,3,86,"[""rule_2""]","{""rule_2"": ""The 'alter' indicates a year (2003) that makes the person under 18, but 'beruf' is 'Studentin / Student', which is a profession requiring adulthood.""}","The data quality is mostly good, but there is an inconsistency between age and profession."
weiblich,keine Angabe,Baden-Württemberg,Studentin / Student,einmal pro Monat,2,1,1,1,3,2,3,2,1,5,4,2,3,4,2,4,3,2,1,5,4,4,1,3,4,3,2,3,2,2,3,2,3,2,3,1,1,5,3,5,5,3,4,3,4,3,2,1,2,2,2,3,3,1,3,100,[],{},The data row meets all the specified data quality rules.
weiblich,2003,Baden-Württemberg,Studentin / Student,seltener als einmal pro Monat,2,3,2,2,3,3,1,4,1,4,4,1,1,5,3,3,2,4,2,5,5,2,2,3,3,4,5,2,2,2,5,1,4,5,5,3,2,3,2,4,1,5,2,3,2,3,2,3,1,2,3,2,1,2,4,100,[],{},The data row meets all quality standards.
maennlich,2003,Baden-Württemberg,Schülerin / Schüler,mehrmals im Monat,2,3,2,1,2,2,3,2,1,2,3,3,2,5,1,5,1,2,1,4,5,2,3,2,3,2,3,3,2,3,2,5,2,1,2,1,2,3,4,3,4,5,1,2,3,3,1,3,3,3,3,2,3,2,2,86,"[""rule_2"", ""rule_7""]","{""rule_2"": ""The 'alter' indicates a year (2003) that makes the person under 18, but 'beruf' is 'Sch\u00fclerin / Sch\u00fcler', which is a profession requiring adulthood."", ""rule_7"": ""The 'praef_sorte_alkoholfrei' is rated high (5), but 'konsumhaeufigkeit' is 'mehrmals im Monat', which is inconsistent.""}","The data row has two violations related to age and profession consistency, and preferences and consumption."
maennlich,2005,Baden-Württemberg,Studentin / Student,mehrmals pro Woche,2,3,2,1,1,2,2,2,3,3,2,3,1,5,3,3,1,1,2,4,3,5,3,2,1,2,3,3,3,3,2,1,4,2,1,1,2,5,2,3,2,4,1,2,4,3,3,4,2,5,2,1,3,2,4,86,"[""rule_2""]","{""rule_2"": ""The 'alter' indicates a year (2005) that makes the person under 18 (current year 2023), but 'beruf' is 'Studentin / Student', which is inconsistent with being underage.""}","The data quality is mostly good, but there is an inconsistency between age and profession."
maennlich,2005,Baden-Württemberg,keine Angabe,seltener als einmal pro Monat,2,3,1,1,3,2,2,4,2,5,2,1,2,3,1,3,2,2,1,4,4,3,3,2,3,3,4,3,1,3,3,2,3,4,1,1,2,3,5,1,2,5,1,3,1,4,2,3,1,5,2,1,2,2,3,100,[],{},The data row meets all the plausibility rules.
maennlich,1998,Baden-Württemberg,Angestellte / Angestellter,seltener als einmal pro Monat,2,2,2,2,2,3,2,2,2,4,2,3,1,3,4,3,4,1,1,4,4,4,3,2,5,3,2,4,3,3,1,1,1,2,2,2,1,1,3,5,2,5,1,1,4,5,2,3,3,5,2,1,1,2,2,86,"[""rule_2""]","{""rule_2"": ""The 'alter' indicates a year (1998) that makes the person under 18, but 'beruf' is 'Angestellte / Angestellter', which requires adulthood.""}","The data quality is mostly good, but there is an inconsistency between age and profession."
maennlich,2004,Baden-Württemberg,Beamtin / Beamter,mehrmals im Monat,2,2,1,2,2,2,3,4,2,4,1,5,3,5,1,4,3,2,4,5,4,4,4,2,5,1,4,3,2,3,1,4,2,1,4,1,1,4,2,3,2,4,1,5,1,5,2,4,1,3,1,4,2,2,2,72,"[""rule_2"", ""rule_4"", ""rule_7""]","{""rule_2"": ""The 'alter' indicates a year (2004) that makes the person under 18, but 'beruf' is 'Beamtin / Beamter', which requires adulthood."", ""rule_4"": ""The 'alkoholverzicht_wichtig' is rated high (4), but 'konsumhaeufigkeit' is 'mehrmals im Monat', which is inconsistent."", ""rule_7"": ""The 'praef_sorte_alkoholfrei' is rated high (4), but 'konsumhaeufigkeit' is 't\u00e4glich', which is inconsistent.""}","The data row contains multiple inconsistencies regarding age, profession, and consumption habits."
maennlich,2001,Baden-Württemberg,Studentin / Student,seltener als einmal pro Monat,1,3,2,3,3,2,1,2,2,3,4,3,1,3,5,2,1,1,2,4,4,4,4,5,3,3,1,4,4,3,4,2,4,2,1,4,2,2,2,3,1,5,1,2,2,5,2,5,5,3,3,1,3,1,4,100,[],{},The data row meets all quality standards.
weiblich,2005,Baden-Württemberg,Angestellte / Angestellter,täglich,1,3,1,1,3,2,2,4,1,3,1,4,1,2,3,4,2,2,1,4,5,3,3,3,3,4,2,5,3,3,2,2,5,3,1,2,1,1,3,4,1,5,3,1,1,5,1,2,2,5,1,1,3,2,3,72,"[""rule_2""]","{""rule_2"": ""The 'alter' indicates a year (2005) that makes the person under 18, but 'beruf' is 'Angestellte / Angestellter', which requires adulthood.""}",The data quality is compromised due to an inconsistency between age and profession.
maennlich,2004,Baden-Württemberg,Schülerin / Schüler,mehrmals im Monat,2,3,2,2,3,3,2,2,3,1,1,1,3,2,2,4,4,1,2,2,4,3,4,2,2,2,3,3,1,3,3,2,1,1,1,1,1,1,5,3,2,4,1,2,2,4,1,2,1,2,1,2,2,2,4,86,"[""rule_2""]","{""rule_2"": ""The 'alter' indicates a year (2004) that makes the person under 18, but 'beruf' is 'Sch\u00fclerin / Sch\u00fcler', which is a profession requiring adulthood.""}",The data row has one violation related to age and profession consistency.
weiblich,1997,Baden-Württemberg,Angestellte / Angestellter,mehrmals im Monat,3,3,2,1,3,3,2,3,1,5,4,1,1,3,3,2,1,4,1,4,4,4,5,3,5,2,3,2,3,4,3,2,5,4,3,1,1,3,2,1,4,5,2,1,1,5,2,3,1,2,1,1,3,1,2,86,"[""rule_2""]","{""rule_2"": ""The 'alter' indicates a year (1997) that makes the person under 18, but 'beruf' is 'Angestellte / Angestellter', which requires adulthood.""}",The data row has one violation related to age and profession consistency.
maennlich,2002,Baden-Württemberg,Studentin / Student,mehrmals im Monat,2,3,2,1,3,2,2,4,2,3,2,2,4,5,2,3,2,2,1,5,4,4,1,2,3,4,3,5,3,5,2,1,3,1,1,3,4,5,4,3,1,5,1,3,2,3,4,4,3,3,3,1,4,2,3,86,"[""rule_2""]","{""rule_2"": ""The 'alter' indicates a year (2002) that makes the person under 18, but 'beruf' is 'Studentin / Student', which is a profession requiring adulthood.""}","The data quality is mostly good, but there is an inconsistency between age and profession."
maennlich,2003,Baden-Württemberg,Studentin / Student,täglich,2,3,2,1,3,2,2,4,2,3,1,3,5,4,3,4,2,1,1,5,4,3,3,2,5,2,4,1,1,4,4,1,5,1,1,2,1,4,4,5,1,3,3,3,5,5,2,4,2,3,1,4,1,3,3,86,"[""rule_2"", ""rule_6""]","{""rule_2"": ""The 'alter' indicates a year (2003) that makes the person under 18, but 'beruf' is 'Studentin / Student', which is a profession requiring adulthood."", ""rule_6"": ""The 'involvement_unverzichtbar' (5) is higher than 'involvement_interesse' (4).""}","The data row has some inconsistencies regarding age and profession, as well as involvement ratings."
maennlich,keine Angabe,Baden-Württemberg,Studentin / Student,einmal pro Monat,2,3,2,2,3,3,2,3,2,4,2,1,2,5,5,4,2,1,1,4,4,4,4,1,5,3,3,4,4,2,3,2,5,4,1,2,3,4,1,3,1,5,1,1,2,4,1,4,2,3,2,1,2,2,3,100,[],{},The data row meets all quality standards.
maennlich,1995,keine Angabe,Studentin / Student,mehrmals im Monat,2,3,1,1,3,3,3,2,2,3,1,2,4,5,3,2,2,5,4,5,3,2,2,3,2,2,2,3,2,2,5,2,2,3,1,2,1,1,3,3,1,1,1,3,3,4,1,2,3,4,2,1,3,2,5,86,[],{},The data row meets all plausibility rules with no violations.
weiblich,2000,Baden-Württemberg,Angestellte / Angestellter,täglich,2,3,2,1,2,3,1,5,2,4,4,2,1,2,1,4,4,2,2,5,4,3,5,3,3,4,3,4,2,3,4,4,2,2,2,3,2,1,3,3,2,5,1,2,1,4,2,2,3,4,2,2,4,1,3,72,"[""rule_2"", ""rule_7""]","{""rule_2"": ""The 'alter' indicates a year (2000) that makes the person under 18, but 'beruf' is 'Angestellte / Angestellter', which requires adulthood."", ""rule_7"": ""The 'praef_sorte_alkoholfrei' is rated high (4), but 'konsumhaeufigkeit' is 't\u00e4glich', which is inconsistent.""}",The data row has inconsistencies regarding age-related profession requirements and preferences related to consumption frequency.
unbekannt,2003,keine Angabe,Angestellte / Angestellter,mehrmals im Monat,3,2,2,1,3,1,3,2,2,4,1,3,4,4,1,4,2,1,2,5,5,5,3,2,3,2,4,2,4,2,2,2,5,1,1,1,2,2,4,5,1,5,1,2,1,5,1,2,1,3,1,2,3,2,3,72,"[""rule_2"", ""rule_5""]","{""rule_2"": ""The 'alter' indicates a year (2003) that makes the person under 18, but 'beruf' is 'Angestellte / Angestellter', which requires adulthood."", ""rule_5"": ""The 'geschlecht' is 'unbekannt' while 'beruf' is specified as 'Angestellte / Angestellter'.""}","The data row has inconsistencies regarding age and profession, as well as gender specification."
maennlich,2002,Baden-Württemberg,Schülerin / Schüler,täglich,2,3,2,1,3,3,2,3,4,4,4,2,1,1,1,2,4,2,1,5,4,4,2,1,5,2,4,4,2,5,4,2,3,1,4,2,1,2,1,5,2,1,2,3,2,4,2,2,1,3,3,1,4,3,4,86,"[""rule_2""]","{""rule_2"": ""The 'alter' indicates a year (2002) that makes the person under 18, but 'beruf' is 'Sch\u00fclerin / Sch\u00fcler', which is a profession requiring adulthood.""}",The data row has one violation related to age and profession consistency.
maennlich,keine Angabe,Baden-Württemberg,Studentin / Student,täglich,2,3,1,2,1,3,2,3,2,5,4,5,2,4,4,5,2,1,4,3,4,3,2,2,5,5,3,3,3,3,4,1,4,1,4,1,1,1,2,2,1,1,1,1,1,2,1,3,3,4,2,3,3,2,3,100,[],{},The data row meets all quality standards.
weiblich,2001,Baden-Württemberg,Studentin / Student,mehrmals im Monat,2,3,2,2,3,3,2,3,2,1,2,2,4,3,4,4,5,2,2,4,4,1,3,3,5,2,1,5,3,3,3,1,1,1,1,2,4,1,2,5,2,5,2,2,2,1,2,3,3,3,3,2,3,2,3,86,"[""rule_2""]","{""rule_2"": ""The 'alter' indicates a year (2001) that makes the person under 18, but 'beruf' is 'Studentin / Student', which is inconsistent with being underage.""}","The data quality is mostly good, but there is an inconsistency between age and profession."
weiblich,2002,Baden-Württemberg,Studentin / Student,mehrmals im Monat,2,3,2,1,3,3,2,1,1,3,3,3,1,5,3,1,4,4,1,5,4,4,3,2,2,2,2,3,4,2,5,2,3,1,1,2,1,1,1,4,3,3,3,2,3,2,2,1,5,4,2,2,1,1,3,100,[],{},The data row meets all the plausibility rules.
maennlich,2001,Baden-Württemberg,keine Angabe,mehrmals im Monat,2,3,2,2,3,3,2,1,3,4,1,1,3,4,3,3,2,1,1,5,4,2,1,2,3,3,1,3,5,2,3,1,3,1,1,2,3,1,3,4,3,4,1,5,4,5,1,3,5,3,2,3,1,2,3,100,[],{},The data row meets all the specified data quality rules.
weiblich,1997,Baden-Württemberg,Studentin / Student,einmal pro Monat,2,1,2,2,3,3,1,4,2,2,3,4,3,5,4,3,1,4,3,3,3,1,4,2,1,5,4,1,4,4,4,1,5,3,4,2,1,3,3,3,2,5,1,3,4,3,1,1,5,3,3,2,2,2,3,100,[],{},The data row meets all specified data quality rules.
weiblich,2004,Baden-Württemberg,Studentin / Student,mehrmals im Monat,2,3,2,1,3,3,2,4,4,2,5,3,1,5,1,2,4,2,1,5,2,4,1,5,3,1,2,3,2,3,3,2,3,1,1,2,3,1,4,3,2,2,2,2,3,3,2,3,5,3,1,2,2,1,5,86,"[""rule_2""]","{""rule_2"": ""The 'alter' indicates a year (2004) that makes the person under 18, but 'beruf' is 'Studentin / Student', which is a profession requiring adulthood.""}","The data quality is mostly acceptable, but there is an inconsistency between age and profession."
maennlich,1998,Baden-Württemberg,Angestellte / Angestellter,mehrmals im Monat,2,3,2,1,3,3,2,3,3,4,2,3,2,4,3,2,3,1,3,5,5,2,5,3,5,4,2,3,2,3,4,2,3,1,3,2,2,5,4,3,1,1,2,5,4,4,1,5,1,4,1,1,2,1,4,86,"[""rule_2""]","{""rule_2"": ""The 'alter' indicates a year (1998) that makes the person under 18, but 'beruf' is 'Angestellte / Angestellter', which requires adulthood.""}",The data row has one violation related to age and profession consistency.
weiblich,2000,Baden-Württemberg,keine Angabe,mehrmals pro Woche,3,2,2,1,2,2,2,3,2,5,4,5,2,5,3,2,4,4,2,4,4,4,5,2,3,4,3,5,2,2,3,3,5,1,1,1,2,5,1,2,2,5,1,2,4,4,2,1,1,3,1,1,2,1,5,100,[],{},The data row meets all specified data quality rules.
unbekannt,2002,keine Angabe,Angestellte / Angestellter,mehrmals im Monat,2,3,2,2,3,3,2,2,2,2,2,5,2,4,3,2,1,2,1,4,3,4,3,1,3,4,2,1,3,3,1,3,1,4,2,1,2,3,5,3,2,5,3,2,5,5,1,2,3,3,2,2,2,1,4,72,"[""rule_2"", ""rule_5""]","{""rule_2"": ""The 'alter' indicates a year (2002) that makes the person under 18, but 'beruf' is 'Angestellte / Angestellter', which requires adulthood."", ""rule_5"": ""The 'geschlecht' is 'unbekannt' while 'beruf' is specified as 'Angestellte / Angestellter'.""}","The data row contains inconsistencies regarding age and profession, as well as gender specification."
maennlich,1997,Baden-Württemberg,keine Angabe,mehrmals im Monat,3,3,2,1,3,1,1,2,2,4,1,1,4,3,3,5,2,1,3,5,4,5,4,2,5,4,1,2,3,3,4,5,5,3,1,3,2,3,4,1,4,1,5,1,4,5,2,3,5,4,2,2,2,2,3,100,[],{},The data row meets all the plausibility rules.
maennlich,2001,Baden-Württemberg,Angestellte / Angestellter,mehrmals im Monat,2,3,2,2,3,2,2,1,1,1,2,1,3,5,2,5,3,5,5,5,2,4,3,2,3,1,2,4,4,4,3,2,2,1,2,1,1,5,4,4,1,4,1,1,2,3,3,4,1,3,1,3,2,2,4,72,"[""rule_2"", ""rule_4""]","{""rule_2"": ""The 'alter' indicates a year (2001) that makes the person under 18, but 'beruf' is 'Angestellte / Angestellter', which requires adulthood."", ""rule_4"": ""The 'alkoholverzicht_wichtig' is rated high (5), but 'konsumhaeufigkeit' is 'mehrmals im Monat', which is inconsistent.""}",The data quality is compromised due to inconsistencies in age-related profession and alcohol consumption ratings.
maennlich,2000,keine Angabe,Studentin / Student,einmal pro Monat,3,1,1,1,1,3,2,1,1,5,5,4,1,5,1,5,1,5,3,5,5,3,1,2,3,1,2,3,3,3,3,2,3,2,1,1,3,1,5,3,2,5,1,4,3,3,1,2,3,3,1,3,5,2,3,100,[],{},The data row meets all quality standards without any violations.
unbekannt,2003,Baden-Württemberg,Angestellte / Angestellter,mehrmals im Monat,2,3,2,2,3,3,3,3,2,3,2,3,1,3,4,4,4,1,2,5,2,4,3,1,1,4,3,4,5,3,3,2,3,2,1,1,1,4,4,3,2,5,5,2,2,4,2,4,3,3,2,2,2,2,3,72,"[""rule_2"", ""rule_5""]","{""rule_2"": ""The 'alter' indicates a year (2003) that makes the person under 18, but 'beruf' is 'Angestellte / Angestellter', which requires adulthood."", ""rule_5"": ""The 'geschlecht' is 'unbekannt' while 'beruf' is specified as 'Angestellte / Angestellter'.""}",The data row has inconsistencies regarding age-related profession requirements and gender specification.
weiblich,keine Angabe,Baden-Württemberg,keine Angabe,einmal pro Monat,2,3,2,1,2,2,3,3,2,3,3,4,1,5,5,4,5,4,1,5,5,3,2,3,4,4,3,5,1,3,4,5,5,2,1,1,2,1,4,3,2,5,2,3,5,3,2,3,3,3,3,1,2,2,3,100,[],{},The data row meets all specified data quality rules.
maennlich,2000,Nordrhein-Westfalen,Studentin / Student,seltener als einmal pro Monat,2,3,2,2,2,3,2,5,2,1,2,3,1,3,3,2,2,1,2,5,4,3,3,5,2,2,2,3,3,4,3,4,2,1,2,1,1,1,5,3,3,3,1,1,1,3,1,5,4,1,1,2,2,2,4,100,[],{},The data row meets all quality standards.
weiblich,1998,Baden-Württemberg,keine Angabe,mehrmals im Monat,2,3,2,1,3,3,2,2,4,1,1,1,5,5,1,5,1,1,3,5,2,4,4,3,4,2,4,3,1,3,4,4,3,1,1,2,2,1,4,1,1,1,1,1,2,5,2,2,1,3,2,2,2,2,5,100,[],{},The data row meets all the specified plausibility rules.
maennlich,2005,Nordrhein-Westfalen,Angestellte / Angestellter,mehrmals im Monat,3,3,1,1,3,3,2,1,2,2,2,1,2,1,3,4,1,4,1,4,4,4,2,3,2,3,3,4,1,5,3,3,2,4,1,2,2,1,5,5,1,1,3,3,3,4,1,2,1,3,1,2,1,4,5,72,"[""rule_2""]","{""rule_2"": ""The 'alter' indicates a year (2005) that makes the person under 18, but 'beruf' is 'Angestellte / Angestellter', which requires adulthood.""}",The data row has one violation related to age and profession consistency.
weiblich,1999,Baden-Württemberg,Angestellte / Angestellter,seltener als einmal pro Monat,2,3,2,2,2,2,1,4,3,4,2,1,1,4,2,2,3,2,1,5,5,3,2,2,1,5,2,4,1,1,3,4,5,4,2,1,1,5,3,3,2,5,1,3,4,3,1,2,2,3,4,3,4,2,3,86,"[""rule_2"", ""rule_7""]","{""rule_2"": ""The 'alter' indicates a year (1999) that makes the person under 18 (current year 2023), and 'beruf' is 'Angestellte / Angestellter', which requires adulthood."", ""rule_7"": ""The 'praef_sorte_alkoholfrei' is rated high (4), but 'konsumhaeufigkeit' is 'seltener als einmal pro Monat', which is inconsistent.""}","The data row has some inconsistencies regarding age and profession, as well as preferences and consumption."
maennlich,1995,Bayern,keine Angabe,seltener als einmal pro Monat,2,3,3,1,3,3,3,2,3,4,2,2,1,4,3,4,2,4,1,4,5,3,3,2,5,1,5,1,2,3,1,4,3,2,3,3,1,4,4,1,1,1,1,2,5,2,1,5,1,2,1,2,5,2,4,100,[],{},The data row meets all the plausibility rules.
weiblich,2004,Baden-Württemberg,Studentin / Student,mehrmals im Monat,2,3,2,1,3,2,2,1,5,3,4,2,4,4,2,4,2,1,3,4,3,3,2,4,4,4,3,3,1,3,3,2,2,2,4,2,4,5,4,3,1,1,4,2,2,5,2,2,4,5,1,3,2,2,3,72,"[""rule_2""]","{""rule_2"": ""The 'alter' indicates a year (2004) that makes the person under 18, but 'beruf' is 'Studentin / Student', which is a profession requiring adulthood.""}",The data row has one violation related to age and profession consistency.
maennlich,2003,Baden-Württemberg,Angestellte / Angestellter,mehrmals im Monat,2,3,2,3,2,3,2,2,3,3,3,5,1,4,3,4,4,3,3,4,4,3,5,2,3,3,4,1,1,3,2,1,1,1,1,2,1,4,3,3,1,5,3,2,2,4,2,3,3,3,2,3,1,2,5,86,"[""rule_2""]","{""rule_2"": ""The 'alter' indicates a year (2003) that makes the person under 18, but 'beruf' is 'Angestellte / Angestellter', which requires adulthood.""}",The data row has one violation related to age and profession consistency.
maennlich,1998,Baden-Württemberg,Studentin / Student,mehrmals im Monat,2,3,2,1,3,2,2,2,3,5,2,5,1,4,1,4,3,5,1,4,4,4,4,5,3,5,3,1,2,2,3,2,3,2,1,1,1,1,1,1,1,5,3,1,2,5,3,3,3,4,3,2,2,2,3,100,[],{},The data row meets all the specified data quality rules.
maennlich,2002,Baden-Württemberg,Studentin / Student,seltener als einmal pro Monat,1,3,1,2,2,2,2,2,2,5,5,3,3,4,4,2,2,2,1,5,4,2,2,1,3,3,4,3,1,4,3,2,5,1,2,1,1,1,4,4,2,3,1,1,2,4,2,1,3,4,1,4,4,4,3,100,[],{},The data row meets all the specified data quality rules.
weiblich,2003,Baden-Württemberg,Studentin / Student,mehrmals im Monat,3,3,2,3,3,3,3,5,2,3,3,1,3,3,3,5,4,4,5,5,4,3,1,2,3,5,3,4,2,3,4,2,3,2,1,2,2,4,3,4,2,5,1,2,2,1,2,5,3,4,3,2,3,3,3,72,"[""rule_2"", ""rule_4""]","{""rule_2"": ""The 'alter' indicates a year (2003) that makes the person under 18, but 'beruf' is 'Studentin / Student', which is a profession requiring adulthood."", ""rule_4"": ""The 'alkoholverzicht_wichtig' is rated high (5), but 'konsumhaeufigkeit' is 'mehrmals im Monat', which is inconsistent.""}",The data quality is compromised due to inconsistencies in age-related profession and alcohol consumption ratings.
weiblich,1999,Baden-Württemberg,Studentin / Student,täglich,2,3,1,1,3,2,2,2,1,4,1,1,1,3,5,4,2,4,1,4,4,5,2,2,5,2,2,4,1,3,4,2,3,1,1,2,2,3,4,3,5,4,2,1,1,2,1,4,3,5,2,3,1,2,2,100,[],{},The data row meets all quality standards.
weiblich,2000,Baden-Württemberg,Schülerin / Schüler,seltener als einmal pro Monat,3,3,2,2,3,2,3,2,4,3,2,4,4,2,3,3,2,1,1,5,3,3,5,5,4,2,3,3,3,2,5,1,3,3,1,2,1,1,2,3,1,3,1,1,2,3,1,4,4,3,1,1,2,2,3,100,[],{},The data row meets all the specified plausibility rules.
maennlich,2001,Baden-Württemberg,Studentin / Student,mehrmals im Monat,2,3,2,2,3,3,2,2,2,5,2,1,3,5,3,5,5,1,2,5,4,4,2,3,2,2,1,4,3,3,5,4,4,1,1,3,2,1,2,5,1,5,1,3,3,5,3,3,1,2,1,1,2,1,3,86,"[""rule_2"", ""rule_7""]","{""rule_2"": ""The 'alter' indicates a year (2001) that makes the person under 18, but 'beruf' is 'Studentin / Student', which is inconsistent with being underage."", ""rule_7"": ""The 'praef_sorte_alkoholfrei' is rated high (4), but 'konsumhaeufigkeit' is 'mehrmals im Monat', which is inconsistent.""}","The data quality is compromised due to inconsistencies between age and profession, as well as preferences and consumption."
maennlich,1998,Bayern,Angestellte / Angestellter,seltener als einmal pro Monat,3,3,1,2,1,3,2,3,5,4,2,4,4,3,2,4,1,1,1,5,4,4,1,3,3,2,3,5,2,3,3,2,3,3,5,3,2,4,5,5,1,5,3,2,3,5,1,5,2,2,1,2,2,1,3,86,"[""rule_2""]","{""rule_2"": ""The 'alter' indicates a year (1998) that makes the person under 18, but 'beruf' is 'Angestellte / Angestellter', which requires adulthood.""}","The data quality is mostly good, but there is an inconsistency between age and profession."
weiblich,1996,Baden-Württemberg,Angestellte / Angestellter,täglich,2,3,1,2,1,3,2,5,3,4,2,2,1,2,4,4,1,2,1,5,2,3,3,2,5,3,2,3,2,4,3,4,3,1,1,2,1,3,4,4,3,5,3,2,1,3,1,4,4,2,1,2,3,2,4,72,"[""rule_2"", ""rule_7""]","{""rule_2"": ""The 'alter' indicates a year (1996) that makes the person under 18, but 'beruf' is 'Angestellte / Angestellter', which requires adulthood."", ""rule_7"": ""The 'praef_sorte_alkoholfrei' is rated high (4), but 'konsumhaeufigkeit' is 't\u00e4glich', which is inconsistent.""}",The data row has multiple inconsistencies regarding age-related profession and consumption preferences.
maennlich,2001,Hessen,Angestellte / Angestellter,mehrmals im Monat,3,2,2,2,3,3,2,5,5,4,2,3,5,4,3,4,3,1,2,4,4,4,4,1,3,2,2,1,2,4,4,1,3,3,1,1,1,1,2,3,2,5,3,2,3,3,2,3,1,2,1,1,2,2,3,86,"[""rule_2"", ""rule_6""]","{""rule_2"": ""The 'alter' indicates a year (2001) that makes the person under 18 (current year 2023), but 'beruf' is 'Angestellte / Angestellter', which requires adulthood."", ""rule_6"": ""The 'involvement_unverzichtbar' (5) is higher than 'involvement_interesse' (5), which is inconsistent.""}",The data row has two quality issues related to age and involvement ratings.
maennlich,2001,Baden-Württemberg,Studentin / Student,täglich,2,3,2,2,3,3,2,2,1,3,2,5,4,5,5,4,2,4,2,5,4,4,3,3,3,4,4,3,2,3,2,2,3,3,1,2,1,5,1,3,2,5,1,1,2,4,2,3,4,2,2,1,4,1,3,86,"[""rule_2"", ""rule_6""]","{""rule_2"": ""The 'alter' indicates a year (2001) that makes the person under 18 (current year is 2023), but 'beruf' is 'Studentin / Student', which is a profession requiring adulthood."", ""rule_6"": ""The 'involvement_unverzichtbar' (4) is higher than 'involvement_interesse' (2).""}",The data quality is compromised due to inconsistencies in age-related profession and involvement ratings.
weiblich,1996,Baden-Württemberg,Studentin / Student,mehrmals im Monat,2,2,1,1,3,3,1,2,3,2,2,1,4,4,4,5,1,4,2,5,5,4,3,2,5,4,3,4,2,3,3,2,5,1,1,2,2,3,4,3,2,5,1,2,2,5,2,4,5,5,2,1,2,1,5,86,"[""rule_2""]","{""rule_2"": ""The 'alter' indicates a year (1996) that makes the person under 18, but 'beruf' is 'Studentin / Student', which is a profession requiring adulthood.""}","The data quality is mostly good, but there is an inconsistency between age and profession."
maennlich,1996,Baden-Württemberg,Studentin / Student,täglich,2,3,2,1,1,2,2,4,1,3,2,1,1,4,1,2,2,1,2,5,5,4,3,2,4,3,2,3,3,3,1,4,2,1,1,2,3,3,4,1,3,3,1,2,2,4,2,3,3,1,2,1,2,2,3,86,"[""rule_2"", ""rule_7""]","{""rule_2"": ""The 'alter' indicates a year (1996) that makes the person under 18, but 'beruf' is 'Studentin / Student', which is a profession requiring adulthood."", ""rule_7"": ""The 'praef_sorte_alkoholfrei' is rated high (4), but 'konsumhaeufigkeit' is 't\u00e4glich', which is inconsistent.""}",The data row has two quality issues related to age and consumption preferences.
maennlich,2002,Baden-Württemberg,Angestellte / Angestellter,mehrmals im Monat,2,2,1,2,3,3,3,2,5,5,3,3,1,5,3,3,3,4,2,4,4,3,3,5,5,4,2,4,3,3,3,5,5,3,2,2,3,1,3,3,1,4,4,1,1,4,2,3,1,3,2,2,3,2,3,72,"[""rule_2"", ""rule_7""]","{""rule_2"": ""The 'alter' indicates a year (2002) that makes the person under 18, but 'beruf' is 'Angestellte / Angestellter', which requires adulthood."", ""rule_7"": ""The 'praef_sorte_alkoholfrei' is rated high (5), but 'konsumhaeufigkeit' is 'mehrmals im Monat', which is inconsistent.""}","The data quality is compromised due to inconsistencies between age and profession, as well as preferences and consumption."
weiblich,2004,Baden-Württemberg,Studentin / Student,täglich,2,3,2,3,3,2,2,3,5,5,1,5,3,3,5,5,1,2,1,5,2,4,2,2,3,4,1,3,2,3,3,5,3,4,2,1,1,1,3,2,1,5,1,1,1,2,2,5,3,3,3,2,1,2,2,72,"[""rule_2"", ""rule_7""]","{""rule_2"": ""The 'alter' indicates a year (2004) that makes the person under 18, but 'beruf' is 'Studentin / Student', which is inconsistent with being underage."", ""rule_7"": ""The 'praef_sorte_alkoholfrei' is rated high (5), but 'konsumhaeufigkeit' is 't\u00e4glich', which is inconsistent.""}","The data quality is compromised due to inconsistencies between age and profession, as well as preferences and consumption."
unbekannt,2003,Baden-Württemberg,Schülerin / Schüler,einmal pro Monat,2,2,1,1,3,2,1,1,1,4,3,5,1,1,1,2,4,1,2,5,2,3,2,1,5,3,3,1,2,2,3,1,4,1,1,1,1,3,3,5,1,4,3,1,2,2,2,3,3,3,3,1,2,2,1,72,"[""rule_5"", ""rule_2""]","{""rule_5"": ""The 'geschlecht' is 'unbekannt' while 'beruf' is specified as 'Sch\u00fclerin / Sch\u00fcler'."", ""rule_2"": ""The 'alter' indicates a year (2003) that makes the person under 18, but 'beruf' is 'Sch\u00fclerin / Sch\u00fcler', which is inconsistent with being underage.""}","The data row has inconsistencies regarding gender and profession, as well as age-related employment suitability."
maennlich,2004,keine Angabe,keine Angabe,einmal pro Monat,1,3,2,1,2,3,2,3,2,3,2,3,2,3,1,1,3,2,1,5,4,5,2,1,5,2,3,5,2,3,4,1,2,1,1,1,1,5,5,4,1,4,2,1,4,3,1,1,3,2,4,2,2,1,3,100,[],{},The data row meets all specified data quality rules.
maennlich,2004,Baden-Württemberg,Angestellte / Angestellter,mehrmals im Monat,2,3,2,1,1,3,2,4,2,3,4,1,1,3,1,4,2,1,1,5,4,4,5,1,3,4,3,1,2,4,4,1,1,1,1,5,1,2,4,2,2,5,1,3,1,5,2,1,4,3,5,3,5,1,3,72,"[""rule_2""]","{""rule_2"": ""The 'alter' indicates a year (2004) that makes the person under 18, but 'beruf' is 'Angestellte / Angestellter', which requires adulthood.""}",The data row has one violation related to age and profession consistency.
weiblich,2000,Baden-Württemberg,Studentin / Student,einmal pro Monat,2,3,2,1,2,3,3,2,1,3,3,3,4,4,2,5,3,1,2,5,4,2,3,2,3,4,5,4,4,3,1,2,5,3,2,1,1,4,1,1,5,3,4,2,3,4,3,1,1,4,2,3,2,3,3,100,[],{},The data row meets all the plausibility rules.
weiblich,2002,Baden-Württemberg,Studentin / Student,mehrmals im Monat,2,3,2,1,1,3,2,3,2,5,1,3,1,1,3,3,1,1,3,5,2,4,4,2,2,5,4,4,3,5,4,1,1,4,3,1,1,2,4,3,2,4,4,2,3,2,2,3,4,3,3,2,2,1,5,86,"[""rule_2""]","{""rule_2"": ""The 'alter' indicates a year (2002) that makes the person under 18, but 'beruf' is 'Studentin / Student', which is a profession that typically requires adulthood.""}","The data quality is mostly good, but there is an inconsistency between age and profession."
unbekannt,2005,Baden-Württemberg,Beamtin / Beamter,mehrmals im Monat,2,3,1,1,2,2,2,2,2,2,2,2,4,4,3,3,4,4,1,4,4,4,2,3,3,4,1,5,1,3,3,4,2,3,1,3,1,5,2,3,2,4,2,2,2,4,2,4,1,3,5,2,3,1,2,72,"[""rule_2"", ""rule_5""]","{""rule_2"": ""The 'alter' indicates a year (2005) that makes the person under 18, but 'beruf' is 'Beamtin / Beamter', which requires adulthood."", ""rule_5"": ""The 'geschlecht' is 'unbekannt' while 'beruf' is specified as 'Beamtin / Beamter'.""}",The data row has inconsistencies regarding age-related profession requirements and gender specification.
weiblich,keine Angabe,Baden-Württemberg,Angestellte / Angestellter,mehrmals im Monat,1,3,1,3,3,1,2,3,3,4,2,3,5,4,3,2,1,2,2,5,4,3,2,2,1,4,3,3,3,4,3,3,3,1,2,3,1,5,4,3,2,5,1,1,2,2,4,1,4,1,2,4,1,2,3,100,[],{},The data row meets all specified data quality rules.
maennlich,2005,Baden-Württemberg,Studentin / Student,einmal pro Monat,2,3,1,2,3,3,3,4,5,4,2,1,5,4,4,4,1,4,2,5,4,4,2,3,4,4,3,1,5,3,3,4,2,1,4,1,1,4,4,3,1,5,1,5,5,5,2,4,2,3,1,2,3,2,3,86,"[""rule_2"", ""rule_6"", ""rule_7""]","{""rule_2"": ""The 'alter' indicates a year (2005) that makes the person under 18, but 'beruf' is 'Studentin / Student', which is inconsistent with being underage."", ""rule_6"": ""The 'involvement_unverzichtbar' (5) is higher than 'involvement_interesse' (4), which is inconsistent."", ""rule_7"": ""The 'praef_sorte_alkoholfrei' is rated high (4), but 'konsumhaeufigkeit' is 'einmal pro Monat', which is inconsistent.""}","The data quality is compromised due to multiple inconsistencies regarding age, involvement ratings, and consumption preferences."
weiblich,2005,Baden-Württemberg,Angestellte / Angestellter,seltener als einmal pro Monat,2,3,2,3,3,2,3,1,4,5,1,1,1,4,4,2,2,4,1,4,4,4,3,1,2,2,4,5,2,3,3,2,1,1,1,2,3,5,2,3,1,2,3,4,1,2,1,2,5,4,3,3,2,2,3,86,"[""rule_2""]","{""rule_2"": ""The 'alter' indicates a year (2005) that makes the person under 18, but 'beruf' is 'Angestellte / Angestellter', which requires adulthood.""}",The data row has one violation related to age and profession consistency.
weiblich,2004,Baden-Württemberg,Angestellte / Angestellter,einmal pro Monat,2,3,1,1,2,2,1,4,4,5,5,3,1,4,3,2,3,1,1,5,4,4,3,3,2,2,3,5,2,5,3,1,4,1,1,4,1,1,3,4,1,1,1,2,3,3,2,1,1,4,3,1,5,2,3,72,"[""rule_2""]","{""rule_2"": ""The 'alter' indicates a year (2004) that makes the person under 18, but 'beruf' is 'Angestellte / Angestellter', which requires adulthood.""}",The data quality is compromised due to an inconsistency between age and profession.
maennlich,2000,Baden-Württemberg,keine Angabe,mehrmals im Monat,2,3,2,2,3,3,2,2,1,5,3,5,1,2,3,3,4,1,2,4,5,4,4,1,3,3,1,4,5,3,4,3,2,1,1,1,3,2,3,2,5,5,1,2,5,3,2,4,1,5,2,2,3,4,3,100,[],{},The data row meets all the specified data quality rules.
maennlich,2003,Bayern,Studentin / Student,täglich,3,3,1,1,3,3,2,2,1,5,4,2,1,4,2,5,1,1,1,5,4,4,3,3,5,4,4,3,2,3,5,2,4,1,5,1,1,2,3,1,2,3,1,2,4,5,4,2,2,3,1,3,2,2,1,86,"[""rule_2""]","{""rule_2"": ""The 'alter' indicates a year (2003) that makes the person under 18, but 'beruf' is 'Studentin / Student', which is a profession requiring adulthood.""}",The data row has one violation related to age and profession consistency.
maennlich,2002,Baden-Württemberg,Angestellte / Angestellter,einmal pro Monat,2,3,1,1,3,2,2,5,5,4,3,1,1,3,3,2,2,4,5,5,4,4,2,1,3,3,3,4,2,3,3,2,4,1,3,2,1,4,4,3,2,5,1,1,2,3,3,3,4,1,3,1,5,2,3,86,"[""rule_2"", ""rule_4""]","{""rule_2"": ""The 'alter' indicates a year (2002) that makes the person under 18, but 'beruf' is 'Angestellte / Angestellter', which requires adulthood."", ""rule_4"": ""The 'alkoholverzicht_wichtig' is rated high (5), but 'konsumhaeufigkeit' is 'einmal pro Monat', which is inconsistent.""}",The data row has some inconsistencies regarding age-related profession requirements and alcohol consumption preferences.
weiblich,2000,Baden-Württemberg,Schülerin / Schüler,mehrmals pro Woche,3,3,2,1,3,2,3,1,2,3,4,1,4,3,4,2,1,1,2,4,4,3,4,1,1,5,2,5,5,1,3,4,5,1,3,2,1,2,3,3,2,1,2,3,3,3,4,3,2,5,2,3,3,3,2,86,"[""rule_2"", ""rule_4"", ""rule_5"", ""rule_6"", ""rule_7""]","{""rule_2"": ""The age calculated from 'alter' (2000) indicates the person is under 18, but 'beruf' is 'Sch\u00fclerin / Sch\u00fcler', which is inconsistent with the age."", ""rule_4"": ""'alkoholverzicht_wichtig' is rated 2, which does not trigger a violation with 'konsumhaeufigkeit' being 'mehrmals pro Woche'."", ""rule_5"": ""'geschlecht' is 'weiblich' and 'beruf' is specified, so there is no violation here."", ""rule_6"": ""'involvement_unverzichtbar' (4) is higher than 'involvement_interesse' (1), which is inconsistent."", ""rule_7"": ""'praef_sorte_alkoholfrei' is rated 4, but 'konsumhaeufigkeit' is 'mehrmals pro Woche', which is inconsistent.""}","The data quality is compromised due to multiple inconsistencies regarding age, involvement ratings, and consumption preferences."
weiblich,2000,Baden-Württemberg,Angestellte / Angestellter,mehrmals im Monat,3,3,1,1,3,3,2,2,2,4,5,1,1,3,4,4,3,1,1,4,2,4,2,1,3,2,3,1,1,3,4,2,3,1,2,2,2,2,3,4,3,3,1,3,5,5,2,1,4,1,3,3,1,2,5,72,"[""rule_2""]","{""rule_2"": ""The 'alter' indicates a year (2000) that makes the person under 18 (current year 2023), but 'beruf' is 'Angestellte / Angestellter', which requires adulthood.""}",The data row has one violation related to age and profession consistency.
maennlich,2004,Baden-Württemberg,Studentin / Student,mehrmals im Monat,2,3,2,2,3,3,2,3,2,4,4,3,1,4,4,3,1,1,2,4,4,2,2,2,3,3,3,3,2,3,3,3,5,2,4,1,2,3,3,1,2,5,1,3,1,3,1,1,1,3,2,3,2,2,4,86,"[""rule_2""]","{""rule_2"": ""The 'alter' indicates a year (2004) that makes the person under 18, but 'beruf' is 'Studentin / Student', which is a profession requiring adulthood.""}",The data row has one violation related to age and profession consistency.
weiblich,1996,Rheinland-Pfalz,Schülerin / Schüler,mehrmals im Monat,2,3,2,2,3,2,1,2,1,3,3,2,5,5,4,3,3,3,3,5,5,2,2,2,3,3,3,4,3,3,4,2,3,2,1,1,2,3,5,4,1,5,1,2,1,5,2,3,3,3,1,1,4,2,3,86,"[""rule_2"", ""rule_6""]","{""rule_2"": ""The 'alter' indicates a year (1996) that makes the person under 18, but 'beruf' is 'Sch\u00fclerin / Sch\u00fcler', which is a profession requiring adulthood."", ""rule_6"": ""The 'involvement_unverzichtbar' (5) is higher than 'involvement_interesse' (2).""}",The data row has some inconsistencies regarding age-related profession requirements and involvement ratings.
weiblich,1998,Baden-Württemberg,Angestellte / Angestellter,mehrmals pro Woche,2,3,2,2,3,3,3,2,2,3,2,2,1,4,3,4,3,2,2,5,4,4,4,1,3,4,2,3,2,3,5,1,2,3,1,1,3,3,1,4,1,3,3,2,1,5,2,3,1,4,3,2,2,2,3,86,"[""rule_2""]","{""rule_2"": ""The 'alter' indicates a year (1998) that makes the person under 18, but 'beruf' is 'Angestellte / Angestellter', which requires adulthood.""}","The data quality is mostly good, but there is an inconsistency between age and profession."
maennlich,1997,Baden-Württemberg,Schülerin / Schüler,mehrmals im Monat,3,3,2,2,3,3,2,5,3,3,2,5,2,3,4,3,2,3,1,4,4,4,2,2,5,4,2,3,1,4,2,2,3,2,1,1,3,2,4,2,1,1,1,2,3,5,2,2,1,2,5,4,3,3,2,86,"[""rule_2""]","{""rule_2"": ""The 'alter' indicates a year (1997) that makes the person under 18, but 'beruf' is 'Sch\u00fclerin / Sch\u00fcler', which is a profession requiring adulthood.""}",The data row has one violation related to age and profession consistency.
weiblich,2005,Baden-Württemberg,Angestellte / Angestellter,mehrmals im Monat,2,3,2,1,3,3,2,5,1,5,1,4,3,2,4,5,5,2,5,5,3,5,4,2,1,2,4,3,4,5,3,3,3,2,2,3,2,1,4,1,1,5,2,2,1,3,1,3,4,3,3,3,3,1,1,72,"[""rule_2"", ""rule_4""]","{""rule_2"": ""The 'alter' indicates a year (2005) that makes the person under 18 (current year 2023), but 'beruf' is 'Angestellte / Angestellter', which requires adulthood."", ""rule_4"": ""The 'alkoholverzicht_wichtig' is rated high (5), but 'konsumhaeufigkeit' is 'mehrmals im Monat', which is inconsistent.""}","The data row contains inconsistencies regarding age and profession, as well as alcohol consumption preferences."
maennlich,2002,Baden-Württemberg,Schülerin / Schüler,mehrmals pro Woche,2,3,1,1,3,3,2,1,5,3,1,5,5,5,4,5,2,2,1,4,4,2,3,3,5,1,4,3,3,4,5,1,3,3,1,1,1,2,3,2,2,5,3,5,3,5,4,3,2,4,2,2,2,2,4,86,"[""rule_2""]","{""rule_2"": ""The 'alter' indicates a year (2002) that makes the person under 18 (current year is 2023), but 'beruf' is 'Sch\u00fclerin / Sch\u00fcler', which is a profession requiring adulthood.""}","The data quality is mostly good, but there is an inconsistency between age and profession."
weiblich,1999,Baden-Württemberg,keine Angabe,mehrmals im Monat,1,3,1,2,3,2,2,1,5,5,3,5,1,4,1,4,2,2,1,5,5,3,2,1,3,2,2,3,2,4,5,1,4,3,1,2,4,1,3,4,1,3,2,2,3,4,5,3,1,4,2,2,1,2,1,100,[],{},The data row meets all quality standards with no violations.
maennlich,2000,Baden-Württemberg,keine Angabe,einmal pro Monat,1,2,1,1,3,1,1,3,2,5,2,3,1,3,2,5,2,1,4,3,2,4,4,5,4,3,2,3,2,3,4,5,1,2,2,3,1,5,5,1,4,1,1,2,3,5,2,1,3,3,3,2,1,2,2,86,[],{},The data row meets all the plausibility rules.
unbekannt,2003,Baden-Württemberg,Angestellte / Angestellter,seltener als einmal pro Monat,3,3,2,1,3,3,2,5,1,5,2,3,4,3,3,4,4,5,1,5,2,4,2,1,3,2,3,5,3,4,3,2,1,2,2,3,1,1,5,3,2,5,1,1,3,3,1,5,3,4,1,4,2,2,2,72,"[""rule_2"", ""rule_5""]","{""rule_2"": ""The 'alter' indicates a year (2003) that makes the person under 18, but 'beruf' is 'Angestellte / Angestellter', which requires adulthood."", ""rule_5"": ""The 'geschlecht' is 'unbekannt' while 'beruf' is specified as 'Angestellte / Angestellter'.""}",The data row contains inconsistencies regarding age-related profession requirements and gender specification.
weiblich,2003,Baden-Württemberg,Angestellte / Angestellter,seltener als einmal pro Monat,2,3,2,1,3,1,2,2,2,4,5,1,5,5,1,2,1,1,2,4,4,4,3,2,3,2,1,2,3,3,1,1,3,1,1,2,1,1,5,3,2,1,3,2,2,5,2,4,5,3,3,2,1,2,4,86,"[""rule_2"", ""rule_6""]","{""rule_2"": ""The 'alter' indicates a year (2003) that makes the person under 18, but 'beruf' is 'Angestellte / Angestellter', which requires adulthood."", ""rule_6"": ""The 'involvement_unverzichtbar' (5) is higher than 'involvement_interesse' (2).""}",The data row has two quality issues related to age and involvement ratings.
unbekannt,2002,Baden-Württemberg,Studentin / Student,mehrmals pro Woche,1,3,1,1,3,2,2,5,2,4,3,2,1,4,3,3,5,5,1,4,4,3,4,3,3,4,2,4,3,5,4,2,5,3,4,1,2,4,4,5,1,3,4,4,3,2,2,3,4,3,2,5,2,2,3,72,"[""rule_5"", ""rule_2""]","{""rule_5"": ""The 'geschlecht' is 'unbekannt' while 'beruf' is specified as 'Studentin / Student'."", ""rule_2"": ""The 'alter' indicates a year (2002) that makes the person under 18, but 'beruf' is 'Studentin / Student', which is inconsistent.""}","The data row has inconsistencies regarding gender and profession, as well as age-related profession requirements."
weiblich,2004,Baden-Württemberg,Studentin / Student,mehrmals im Monat,3,3,1,1,3,3,3,2,3,3,1,1,2,3,3,5,1,3,2,3,4,4,3,3,5,2,2,4,2,2,4,1,5,1,2,1,1,3,1,4,2,4,4,2,3,1,5,1,3,3,3,1,2,2,1,86,"[""rule_2""]","{""rule_2"": ""The 'alter' indicates a year (2004) that makes the person under 18, but 'beruf' is 'Studentin / Student', which is a profession requiring adulthood.""}","The data quality is mostly acceptable, but there is an inconsistency between age and profession."
unbekannt,2000,Baden-Württemberg,ohne Beschäftigung,mehrmals im Monat,2,3,2,1,3,1,2,2,3,3,4,1,4,5,4,3,5,3,1,5,2,5,5,2,1,2,2,2,4,5,5,2,3,3,1,1,3,3,2,4,1,3,2,2,2,3,2,2,4,2,1,3,1,2,3,86,"[""rule_5""]","{""rule_5"": ""The 'geschlecht' column is 'unbekannt' while 'beruf' is specified as 'ohne Besch\u00e4ftigung'.""}",The data row has one violation related to the gender and occupation consistency.
unbekannt,2001,Baden-Württemberg,Studentin / Student,mehrmals im Monat,1,3,2,2,2,3,2,1,1,5,4,2,1,4,3,2,4,1,1,4,4,3,5,2,4,3,2,5,2,4,3,1,2,1,1,2,2,2,3,3,1,5,4,2,1,4,3,1,3,5,2,2,2,1,2,72,"[""rule_5"", ""rule_2""]","{""rule_5"": ""The 'geschlecht' is 'unbekannt' while 'beruf' is specified as 'Studentin / Student'."", ""rule_2"": ""The 'alter' indicates a year (2001) that makes the person under 18, but 'beruf' is 'Studentin / Student', which is inconsistent.""}","The data quality is compromised due to inconsistencies between gender and profession, as well as age and profession."
weiblich,keine Angabe,Bayern,Studentin / Student,seltener als einmal pro Monat,2,3,2,1,3,1,3,4,3,3,3,1,1,3,5,4,3,2,1,4,5,4,4,5,3,2,4,2,1,3,5,1,2,2,1,4,2,2,4,5,1,3,2,2,2,5,2,5,3,5,2,1,2,2,5,100,[],{},The data row meets all quality standards.
unbekannt,1997,Bayern,keine Angabe,mehrmals im Monat,2,3,1,1,3,3,2,4,1,4,5,1,4,2,3,3,2,2,3,5,2,4,3,2,4,4,4,3,3,5,1,2,5,4,2,2,2,3,4,5,2,5,1,3,4,4,2,2,3,5,2,3,3,2,4,100,[],{},The data row meets all the specified data quality rules.
maennlich,2000,Baden-Württemberg,Schülerin / Schüler,täglich,2,3,1,1,3,2,1,1,5,4,1,3,1,5,5,2,2,2,1,5,4,3,2,1,2,4,1,4,2,3,5,1,4,4,1,3,1,1,4,5,1,5,1,2,3,3,2,3,3,3,2,1,1,2,5,86,"[""rule_2""]","{""rule_2"": ""The 'alter' indicates a year (2000) that makes the person under 18 (current year is 2023), but 'beruf' is 'Sch\u00fclerin / Sch\u00fcler', which is a profession requiring adulthood.""}",The data row has one violation related to age and profession consistency.
maennlich,2002,Baden-Württemberg,Angestellte / Angestellter,mehrmals im Monat,2,3,2,1,3,3,2,3,5,4,2,2,2,2,1,5,1,4,2,4,4,3,4,2,2,4,3,2,1,3,4,1,1,3,2,1,1,1,4,3,5,5,3,2,3,5,1,2,1,3,2,1,2,2,5,86,"[""rule_2""]","{""rule_2"": ""The 'alter' indicates a year (2002) that makes the person under 18, but 'beruf' is 'Angestellte / Angestellter', which requires adulthood.""}",The data row has one violation related to age and profession consistency.
weiblich,1999,Baden-Württemberg,Studentin / Student,seltener als einmal pro Monat,2,3,1,1,1,3,3,2,2,4,1,2,1,3,4,2,3,1,1,5,5,4,2,2,4,2,2,3,2,4,4,3,2,3,2,1,1,3,4,1,1,4,1,3,3,5,2,3,3,3,3,2,3,2,4,100,[],{},The data row meets all quality standards.
weiblich,2004,Baden-Württemberg,Studentin / Student,mehrmals pro Woche,2,3,2,1,3,3,2,4,3,4,3,3,3,4,3,2,5,1,3,4,5,3,2,2,5,3,2,5,3,4,3,4,4,1,1,3,1,3,2,1,3,3,3,2,1,4,1,3,2,5,1,1,3,2,2,86,"[""rule_2"", ""rule_7""]","{""rule_2"": ""The 'alter' indicates a year (2004) that makes the person under 18, but 'beruf' is 'Studentin / Student', which is a profession requiring adulthood."", ""rule_7"": ""The 'praef_sorte_alkoholfrei' is rated high (4), but 'konsumhaeufigkeit' is 'mehrmals pro Woche', which is inconsistent.""}","The data quality is compromised due to inconsistencies between age and profession, as well as preferences and consumption."
unbekannt,1999,keine Angabe,keine Angabe,mehrmals im Monat,1,3,1,2,3,3,3,1,2,3,1,3,1,4,4,5,2,2,2,5,4,3,5,1,2,2,2,3,3,3,5,3,4,1,2,2,2,2,5,3,1,5,1,3,2,5,3,4,2,5,4,2,3,2,5,86,"[""rule_5""]","{""rule_5"": ""The 'geschlecht' column is 'unbekannt' while 'beruf' is specified as 'keine Angabe', which does not trigger a violation.""}","The data quality is mostly acceptable, with one minor inconsistency detected."
maennlich,2003,Baden-Württemberg,Studentin / Student,täglich,2,3,1,2,3,3,2,2,2,5,1,1,1,4,4,4,3,1,4,4,4,4,4,3,3,3,4,4,3,3,3,4,4,1,2,1,3,2,5,2,1,5,1,3,4,5,2,4,1,2,2,3,2,2,3,72,"[""rule_2"", ""rule_7""]","{""rule_2"": ""The 'alter' indicates a year (2003) that makes the person under 18, but 'beruf' is 'Studentin / Student', which is inconsistent with being underage."", ""rule_7"": ""The 'praef_sorte_alkoholfrei' is rated high (4), but 'konsumhaeufigkeit' is 't\u00e4glich', which is inconsistent.""}",The data quality is compromised due to inconsistencies in age-related profession and consumption preferences.
maennlich,1998,Baden-Württemberg,Angestellte / Angestellter,mehrmals im Monat,2,3,2,2,3,2,2,2,3,1,2,3,1,5,2,2,3,2,1,5,3,4,3,2,5,5,1,4,5,3,4,1,2,1,1,2,2,4,4,4,1,5,1,4,2,5,3,3,3,3,2,3,1,1,4,86,"[""rule_2""]","{""rule_2"": ""The 'alter' indicates a year (1998) that makes the person under 18, but 'beruf' is 'Angestellte / Angestellter', which requires adulthood.""}","The data quality is mostly acceptable, but there is an inconsistency between age and profession."
maennlich,2004,Baden-Württemberg,Studentin / Student,seltener als einmal pro Monat,2,3,1,2,3,3,3,3,2,3,2,4,3,4,3,2,3,2,2,5,5,3,3,2,3,2,2,2,1,3,2,1,1,3,5,3,1,3,3,4,5,2,1,2,4,5,2,3,1,3,2,2,3,2,1,100,[],{},The data row meets all specified data quality rules.
maennlich,2005,keine Angabe,Angestellte / Angestellter,mehrmals im Monat,2,2,2,2,3,3,3,4,2,3,2,1,1,4,3,3,3,4,1,5,4,3,3,3,2,2,2,1,4,3,3,4,4,1,1,1,2,2,5,3,2,1,1,2,2,4,2,4,2,5,1,2,2,2,4,72,"[""rule_2""]","{""rule_2"": ""The 'alter' indicates a year (2005) that makes the person under 18, but 'beruf' is 'Angestellte / Angestellter', which requires adulthood.""}",The data row has one violation related to age and profession consistency.
weiblich,2000,Baden-Württemberg,Studentin / Student,einmal pro Monat,2,3,1,1,3,2,3,5,3,3,5,3,4,4,3,2,1,1,3,5,3,5,1,1,1,2,3,4,1,2,3,3,5,2,5,2,1,5,5,4,4,1,1,2,2,4,2,5,1,5,4,3,1,3,3,100,[],{},The data row meets all the plausibility rules.
weiblich,2005,Bayern,Angestellte / Angestellter,mehrmals im Monat,2,3,1,1,3,2,2,5,1,5,2,2,4,5,3,4,1,2,1,5,3,4,3,3,5,4,3,3,3,4,5,2,1,1,1,1,1,4,3,3,2,5,1,2,1,3,4,1,3,5,2,2,3,2,3,72,"[""rule_2""]","{""rule_2"": ""The 'alter' indicates a year (2005) that makes the person under 18, but 'beruf' is 'Angestellte / Angestellter', which requires adulthood.""}",The data quality is compromised due to an inconsistency between age and profession.
maennlich,1998,keine Angabe,Angestellte / Angestellter,mehrmals pro Woche,2,3,1,1,1,3,2,2,3,1,4,3,2,4,1,5,3,1,1,5,2,4,2,2,1,2,4,3,3,3,4,2,2,2,2,1,4,3,3,2,1,1,2,5,3,5,2,3,4,2,1,3,3,3,3,86,"[""rule_2""]","{""rule_2"": ""The 'alter' indicates a year (1998) that makes the person under 18, but 'beruf' is 'Angestellte / Angestellter', which requires adulthood.""}",The data row has one violation related to age and profession consistency.
maennlich,2000,Baden-Württemberg,Studentin / Student,mehrmals im Monat,2,3,3,1,3,3,1,4,5,5,2,3,5,5,1,3,3,1,2,4,2,3,3,3,2,1,2,3,4,5,2,4,3,1,2,4,1,2,1,3,2,5,3,2,1,5,2,3,1,3,3,4,2,2,3,86,"[""rule_2"", ""rule_7""]","{""rule_2"": ""The 'alter' indicates a year (2000) that makes the person under 18, but 'beruf' is 'Studentin / Student', which is a profession requiring adulthood."", ""rule_7"": ""The 'praef_sorte_alkoholfrei' is rated high (4), but 'konsumhaeufigkeit' is 'mehrmals im Monat', which is inconsistent.""}",The data row has two violations related to age and consumption preferences.
unbekannt,2000,Baden-Württemberg,Angestellte / Angestellter,einmal pro Monat,2,3,2,1,1,2,2,1,1,3,5,1,5,3,3,4,5,1,1,4,2,4,3,2,3,3,3,3,2,3,2,4,3,1,2,1,5,2,1,4,1,5,1,1,3,1,3,5,1,3,2,4,4,1,1,72,"[""rule_2"", ""rule_5""]","{""rule_2"": ""The 'alter' indicates a year (2000) that makes the person under 18, but 'beruf' is 'Angestellte / Angestellter', which requires adulthood."", ""rule_5"": ""The 'geschlecht' is 'unbekannt' while 'beruf' is specified as 'Angestellte / Angestellter'.""}",The data row has inconsistencies regarding age-related profession requirements and gender specification.
maennlich,2004,Baden-Württemberg,Schülerin / Schüler,mehrmals pro Woche,2,3,2,1,3,2,2,4,2,3,2,5,1,5,5,5,2,2,2,5,4,4,3,1,3,4,2,4,2,4,2,1,4,1,1,2,2,1,3,5,1,1,3,2,1,3,3,1,4,5,1,3,5,3,5,72,"[""rule_2""]","{""rule_2"": ""The 'alter' indicates a year (2004) that makes the person under 18, but 'beruf' is 'Sch\u00fclerin / Sch\u00fcler', which is a profession requiring adulthood.""}",The data row has one violation related to age and profession consistency.
weiblich,2001,Baden-Württemberg,Schülerin / Schüler,mehrmals pro Woche,3,3,3,1,3,3,3,5,4,4,1,3,3,4,3,5,4,4,1,4,5,4,5,4,4,5,2,3,3,2,2,1,2,3,1,1,1,1,3,3,1,5,4,2,1,4,2,1,3,4,1,3,2,1,3,86,"[""rule_2""]","{""rule_2"": ""The 'alter' indicates a year (2001) that makes the person under 18, but 'beruf' is 'Sch\u00fclerin / Sch\u00fcler', which is a profession requiring adulthood.""}",The data row has one violation related to age and profession consistency.
maennlich,2002,Baden-Württemberg,Angestellte / Angestellter,mehrmals im Monat,3,3,1,2,3,3,2,1,2,4,3,2,4,2,1,3,4,1,1,5,4,4,1,3,3,2,2,4,4,4,4,1,3,1,1,2,1,1,3,2,3,4,4,3,2,3,2,1,2,3,1,1,2,3,3,72,"[""rule_2""]","{""rule_2"": ""The 'alter' indicates a year (2002) that makes the person under 18 (current year is 2023), but 'beruf' is 'Angestellte / Angestellter', which requires adulthood.""}",The data row has one violation related to age and profession consistency.
maennlich,2002,Baden-Württemberg,in Ausbildung/im Freiwilligendienst,mehrmals pro Woche,3,3,2,1,1,3,1,2,2,4,3,1,5,3,3,4,5,1,1,2,4,3,3,3,4,3,3,4,1,5,1,4,3,1,1,5,1,1,5,1,2,1,1,3,3,5,2,2,4,3,2,3,1,3,3,72,"[""rule_2"", ""rule_6"", ""rule_7""]","{""rule_2"": ""The 'alter' indicates a year (2002) that makes the person under 18, but 'beruf' is 'in Ausbildung/im Freiwilligendienst', which is inconsistent with being underage."", ""rule_6"": ""The 'involvement_unverzichtbar' (5) is higher than 'involvement_interesse' (2), which is inconsistent."", ""rule_7"": ""The 'praef_sorte_alkoholfrei' (4) is high, but 'konsumhaeufigkeit' is 'mehrmals pro Woche', which is inconsistent.""}","The data row contains multiple inconsistencies regarding age, involvement ratings, and consumption preferences."
unbekannt,2000,Bayern,Studentin / Student,mehrmals im Monat,2,3,1,2,1,2,2,2,2,4,2,1,1,5,5,5,4,2,1,5,4,4,3,5,3,2,1,4,4,5,2,3,1,1,4,2,3,3,4,5,1,3,3,3,1,5,2,5,2,4,2,1,3,2,5,72,"[""rule_5""]","{""rule_5"": ""The 'geschlecht' column is 'unbekannt' while 'beruf' is specified as 'Studentin / Student'.""}",The data row has one violation related to the gender and profession consistency.
maennlich,keine Angabe,Baden-Württemberg,Studentin / Student,einmal pro Monat,2,3,1,1,1,3,2,4,3,2,2,5,1,3,4,4,4,5,2,5,2,4,2,1,3,4,3,4,2,4,4,2,1,1,1,2,2,1,4,3,1,3,1,3,4,3,4,2,3,2,3,1,2,2,4,100,[],{},The data row meets all the plausibility rules.
weiblich,2007,Baden-Württemberg,Schülerin / Schüler,einmal pro Monat,3,3,1,1,2,2,2,1,1,3,3,2,1,2,1,1,3,2,2,5,2,4,5,1,2,5,2,3,4,3,1,1,3,3,1,3,1,5,1,2,3,5,1,1,1,5,1,3,4,4,3,2,2,2,3,86,"[""rule_2""]","{""rule_2"": ""The 'alter' indicates a year (2007) that makes the person under 18, but the 'beruf' is 'Sch\u00fclerin / Sch\u00fcler', which is a profession requiring adulthood.""}",The data row has one violation related to the inconsistency between age and profession.
maennlich,1997,Baden-Württemberg,Studentin / Student,mehrmals im Monat,2,3,2,1,2,2,2,2,4,4,2,3,4,4,3,5,2,5,4,4,4,2,2,3,4,1,3,4,2,5,2,4,4,1,4,2,1,1,5,3,2,5,1,1,1,2,2,5,4,4,1,2,3,2,3,86,"[""rule_2"", ""rule_4"", ""rule_7""]","{""rule_2"": ""The 'alter' indicates a year (1997) that makes the person under 18, but 'beruf' is 'Studentin / Student', which is inconsistent with being underage."", ""rule_4"": ""The 'alkoholverzicht_wichtig' is rated high (4), but 'konsumhaeufigkeit' is 'mehrmals im Monat', which is inconsistent."", ""rule_7"": ""The 'praef_sorte_alkoholfrei' is rated high (4), but 'konsumhaeufigkeit' is 'mehrmals im Monat', which is inconsistent.""}","The data quality is compromised due to multiple inconsistencies related to age, profession, and consumption habits."
maennlich,2003,Baden-Württemberg,Studentin / Student,mehrmals pro Woche,2,3,2,1,2,3,2,1,2,1,4,1,5,2,1,4,3,2,1,5,3,2,5,3,2,5,5,5,2,3,3,5,3,1,1,2,2,4,4,4,1,4,2,1,1,2,2,2,1,3,2,2,1,3,3,72,"[""rule_2"", ""rule_6"", ""rule_7""]","{""rule_2"": ""The 'alter' indicates a year (2003) that makes the person under 18, but 'beruf' is 'Studentin / Student', which is a profession requiring adulthood."", ""rule_6"": ""The 'involvement_unverzichtbar' (5) is higher than 'involvement_interesse' (1)."", ""rule_7"": ""The 'praef_sorte_alkoholfrei' is rated high (5), but 'konsumhaeufigkeit' is 'mehrmals pro Woche'.""}","The data quality is compromised due to multiple inconsistencies regarding age, involvement ratings, and consumption preferences."
maennlich,2000,Baden-Württemberg,Studentin / Student,mehrmals pro Woche,2,3,2,2,3,3,2,2,2,5,1,3,1,5,3,3,1,5,2,4,5,4,3,2,2,4,5,4,3,3,3,4,1,3,3,4,4,3,1,2,1,4,1,2,1,5,2,4,2,3,3,1,2,1,4,86,"[""rule_2"", ""rule_7""]","{""rule_2"": ""The 'alter' indicates a year (2000) that makes the person under 18 (current year 2023), but 'beruf' is 'Studentin / Student', which is a profession requiring adulthood."", ""rule_7"": ""The 'praef_sorte_alkoholfrei' is rated high (4), but 'konsumhaeufigkeit' is 'mehrmals pro Woche', which is inconsistent.""}",The data quality is compromised due to inconsistencies in age-related profession and preferences.
maennlich,2001,Baden-Württemberg,Angestellte / Angestellter,mehrmals pro Woche,2,3,1,1,3,2,1,3,2,5,2,3,1,2,4,4,2,1,1,5,2,1,1,3,3,4,1,4,2,4,1,1,4,1,1,1,2,1,4,3,3,2,1,2,1,5,2,3,3,3,2,3,4,2,5,72,"[""rule_2""]","{""rule_2"": ""The 'alter' indicates a year (2001) that makes the person under 18, but 'beruf' is 'Angestellte / Angestellter', which requires adulthood.""}",The data row has one violation related to age and profession consistency.
maennlich,keine Angabe,Baden-Württemberg,Studentin / Student,einmal pro Monat,2,3,2,1,3,3,2,2,2,3,1,2,4,2,5,5,2,1,1,5,3,4,2,2,2,2,3,4,2,2,3,4,5,1,2,2,1,2,4,3,1,5,1,3,2,4,3,3,4,2,3,2,1,2,3,100,[],{},The data row meets all the specified plausibility rules.
weiblich,2003,Baden-Württemberg,keine Angabe,mehrmals im Monat,2,3,2,3,3,2,3,2,3,4,2,1,3,4,1,4,2,4,1,5,2,4,2,2,3,4,2,4,2,3,3,2,3,2,3,2,2,5,2,1,2,5,2,1,2,4,2,2,1,5,2,3,1,3,2,100,[],{},The data row meets all quality standards.
maennlich,2007,Baden-Württemberg,Studentin / Student,mehrmals pro Woche,2,3,2,2,3,2,1,4,5,1,2,4,3,4,1,3,2,3,1,5,4,2,3,3,3,4,2,4,4,2,4,2,5,2,1,1,1,4,3,3,2,4,2,1,2,5,1,2,4,5,1,2,1,2,5,72,"[""rule_2""]","{""rule_2"": ""The 'alter' indicates a year (2007) that makes the person under 18, but 'beruf' is 'Studentin / Student', which is a profession requiring adulthood.""}",The data row has one violation related to age and profession consistency.
maennlich,1995,Baden-Württemberg,Angestellte / Angestellter,mehrmals im Monat,2,3,2,2,3,3,2,2,1,4,1,5,2,4,4,4,2,2,4,5,3,4,4,2,3,2,4,5,2,3,4,1,1,2,3,1,3,1,4,3,1,5,1,2,3,5,2,3,4,4,2,3,1,3,3,72,"[""rule_2"", ""rule_4""]","{""rule_2"": ""The 'alter' indicates a year (1995) that makes the person under 18, but 'beruf' is 'Angestellte / Angestellter', which requires adulthood."", ""rule_4"": ""The 'alkoholverzicht_wichtig' is rated high (4), but 'konsumhaeufigkeit' is 'mehrmals im Monat', which is inconsistent.""}","The data row has multiple inconsistencies regarding age and profession, as well as consumption habits."
maennlich,2002,Baden-Württemberg,Studentin / Student,mehrmals im Monat,3,3,1,1,3,3,3,4,3,3,4,1,4,4,2,3,4,2,3,3,3,5,2,2,3,2,2,2,3,3,5,1,1,5,1,1,1,3,4,3,1,4,1,2,1,4,2,2,3,1,2,3,2,2,3,86,"[""rule_2""]","{""rule_2"": ""The 'alter' indicates a year (2002) that makes the person under 18, but 'beruf' is 'Studentin / Student', which is a profession requiring adulthood.""}","The data quality is mostly good, but there is an inconsistency between age and profession."
weiblich,2008,keine Angabe,keine Angabe,mehrmals im Monat,2,3,3,2,2,2,2,2,1,3,2,3,3,4,3,2,1,4,1,5,5,5,3,1,3,2,2,3,5,5,5,1,4,3,3,1,1,1,3,3,2,4,2,2,3,5,1,4,1,2,1,1,2,2,3,86,"[""rule_2""]","{""rule_2"": ""The 'alter' indicates a year (2008) that makes the person under 18, but 'beruf' is 'keine Angabe', which does not violate the rule. However, since the age is under 18, it should not be flagged for a profession requiring adulthood.""}","The data quality is generally good, with one rule violation regarding age and profession consistency."
maennlich,2007,Baden-Württemberg,Schülerin / Schüler,einmal pro Monat,2,1,1,3,3,3,1,5,5,3,4,1,5,5,2,5,3,2,4,4,4,5,3,4,2,4,4,5,3,2,3,4,1,1,1,1,1,2,5,2,4,2,1,2,3,5,2,4,4,3,1,1,2,2,5,72,"[""rule_2"", ""rule_6"", ""rule_7""]","{""rule_2"": ""The 'alter' indicates a year (2007) that makes the person under 18, but 'beruf' is 'Sch\u00fclerin / Sch\u00fcler', which is a profession requiring adulthood."", ""rule_6"": ""The 'involvement_unverzichtbar' (5) is higher than 'involvement_interesse' (5), which is inconsistent."", ""rule_7"": ""The 'praef_sorte_alkoholfrei' is rated high (4), but 'konsumhaeufigkeit' is 'einmal pro Monat', which is inconsistent.""}",The data quality is compromised due to multiple rule violations.
weiblich,2000,Baden-Württemberg,Angestellte / Angestellter,täglich,3,3,2,3,2,3,2,4,3,3,2,1,1,5,1,5,3,2,3,5,4,4,2,1,3,3,3,2,3,3,4,1,1,1,1,1,1,5,3,3,2,4,3,2,2,5,2,2,5,4,2,3,2,2,2,72,"[""rule_2"", ""rule_7""]","{""rule_2"": ""The 'alter' indicates a year (2000) that makes the person under 18 (current year 2023), and 'beruf' is 'Angestellte / Angestellter', which requires adulthood."", ""rule_7"": ""The 'praef_sorte_alkoholfrei' is rated low (1), but 'konsumhaeufigkeit' is 't\u00e4glich', which is inconsistent with high preference.""}","The data row has some inconsistencies regarding age and profession, as well as preferences and consumption."
unbekannt,2007,Baden-Württemberg,Studentin / Student,einmal pro Monat,2,3,1,2,3,3,2,1,1,2,3,3,1,2,3,4,2,1,3,5,4,3,3,3,2,4,1,5,2,3,2,3,4,3,1,2,3,4,5,3,1,5,1,1,3,5,2,4,1,2,3,5,3,1,4,72,"[""rule_5"", ""rule_2""]","{""rule_5"": ""The 'geschlecht' is 'unbekannt' while 'beruf' is specified as 'Studentin / Student'."", ""rule_2"": ""The 'alter' indicates a year (2007) that makes the person under 18, but 'beruf' is 'Studentin / Student', which is inconsistent with being underage.""}","The data row has inconsistencies regarding gender and profession, as well as age-related implications."
maennlich,keine Angabe,Baden-Württemberg,Angestellte / Angestellter,mehrmals pro Woche,2,3,1,2,1,3,3,2,2,3,1,3,4,4,3,2,3,3,1,5,4,4,5,1,2,2,2,3,3,3,4,2,2,1,2,1,2,4,2,4,3,5,1,2,2,1,1,1,2,4,2,2,4,3,3,100,[],{},The data row meets all specified data quality rules.
weiblich,2006,Baden-Württemberg,Studentin / Student,mehrmals pro Woche,3,3,2,1,1,3,2,2,2,4,1,1,1,4,1,4,5,4,2,5,4,4,2,5,5,4,1,5,2,3,4,2,3,1,1,3,3,1,2,4,2,5,2,4,5,5,5,2,4,3,3,5,5,2,2,72,"[""rule_2""]","{""rule_2"": ""The 'alter' indicates a year (2006) that makes the person under 18, but 'beruf' is 'Studentin / Student', which is inconsistent with being underage.""}",The data row has one violation related to age and profession consistency.
maennlich,1999,Baden-Württemberg,Schülerin / Schüler,seltener als einmal pro Monat,3,3,1,2,3,2,2,4,2,3,1,3,3,5,3,2,1,1,3,4,2,5,2,2,5,3,3,2,1,3,3,2,3,4,2,3,2,3,1,4,3,5,1,2,4,5,1,3,3,3,1,2,2,2,3,100,[],{},The data row meets all the specified data quality rules.
weiblich,2003,Baden-Württemberg,Beamtin / Beamter,einmal pro Monat,2,2,2,1,3,3,1,5,2,5,1,2,4,5,1,4,3,2,4,4,3,4,4,2,1,2,5,3,1,3,3,1,1,2,1,2,1,1,5,1,1,3,3,2,3,5,1,3,3,3,3,2,3,1,2,72,"[""rule_2""]","{""rule_2"": ""The 'alter' indicates a year (2003) that makes the person under 18, but 'beruf' is 'Beamtin / Beamter', which requires adulthood.""}",The data row has one violation related to age and profession consistency.
weiblich,2002,Baden-Württemberg,Angestellte / Angestellter,mehrmals im Monat,2,3,1,1,3,2,2,5,3,1,2,3,1,3,3,3,4,2,3,4,4,4,5,3,3,4,2,3,3,5,3,4,3,2,1,1,2,3,4,4,2,3,4,1,3,4,2,2,4,3,4,4,3,2,2,72,"[""rule_2"", ""rule_7""]","{""rule_2"": ""The 'alter' indicates a year (2002) that makes the person under 18, but 'beruf' is 'Angestellte / Angestellter', which requires adulthood."", ""rule_7"": ""The 'praef_sorte_alkoholfrei' is rated high (4), but 'konsumhaeufigkeit' is 'mehrmals im Monat', which is inconsistent.""}","The data quality is compromised due to inconsistencies between age and profession, as well as preferences and consumption."
weiblich,2002,Baden-Württemberg,Beamtin / Beamter,mehrmals im Monat,2,1,1,2,1,3,2,2,2,2,3,4,2,4,2,4,1,1,1,5,4,2,5,1,3,4,2,4,2,4,4,1,1,4,3,1,1,2,1,3,4,1,4,1,2,5,3,1,1,3,3,1,2,2,5,72,"[""rule_2""]","{""rule_2"": ""The 'alter' indicates a year (2002) that makes the person under 18, but 'beruf' is 'Beamtin / Beamter', which requires adulthood.""}",The data row has one violation related to age and profession consistency.
maennlich,2002,Baden-Württemberg,Studentin / Student,mehrmals im Monat,2,3,1,1,3,3,3,3,1,4,3,2,4,4,3,2,2,1,1,4,1,3,1,3,5,3,2,2,2,3,3,2,3,1,1,2,2,2,4,3,2,5,1,2,2,5,1,3,4,3,2,4,5,3,1,86,"[""rule_2""]","{""rule_2"": ""The 'alter' indicates a year (2002) that makes the person under 18, but 'beruf' is 'Studentin / Student', which is a profession requiring adulthood.""}","The data quality is mostly good, but there is an inconsistency between age and profession."
weiblich,keine Angabe,Baden-Württemberg,Angestellte / Angestellter,seltener als einmal pro Monat,2,3,1,1,2,2,2,3,3,4,2,2,4,4,4,5,3,1,1,4,4,5,4,1,5,2,3,5,2,2,2,5,3,2,2,1,4,3,5,3,2,5,2,3,3,4,2,3,1,5,1,1,3,2,2,100,[],{},The data row meets all the specified data quality rules.
weiblich,2000,Baden-Württemberg,Studentin / Student,seltener als einmal pro Monat,3,3,1,1,2,3,2,5,2,3,1,1,4,5,4,3,3,4,4,5,3,3,1,3,3,3,4,4,2,3,4,2,3,1,1,3,1,1,2,2,2,3,1,3,3,5,2,4,4,4,1,3,4,2,1,86,"[""rule_2"", ""rule_6""]","{""rule_2"": ""The 'alter' indicates a year (2000) that makes the person under 18 (current year is 2023), but 'beruf' is 'Studentin / Student', which is a profession requiring adulthood."", ""rule_6"": ""The 'involvement_unverzichtbar' (4) is higher than 'involvement_interesse' (5), which is inconsistent.""}","The data row has some inconsistencies regarding age and profession, as well as involvement ratings."
weiblich,2004,Baden-Württemberg,Angestellte / Angestellter,mehrmals im Monat,2,3,1,1,2,3,2,1,3,4,2,1,3,4,2,3,3,1,1,5,4,3,4,2,2,4,2,3,5,4,4,5,1,1,1,3,1,1,1,3,1,5,3,2,2,3,2,3,5,2,2,2,4,2,4,72,"[""rule_2"", ""rule_7""]","{""rule_2"": ""The 'alter' indicates a year (2004) that makes the person under 18, but 'beruf' is 'Angestellte / Angestellter', which requires adulthood."", ""rule_7"": ""The 'praef_sorte_alkoholfrei' is rated high (5), but 'konsumhaeufigkeit' is 'mehrmals im Monat', which is inconsistent.""}","The data row contains inconsistencies related to age and profession, as well as preferences and consumption."
maennlich,1996,Bayern,keine Angabe,mehrmals im Monat,2,3,2,3,3,1,3,2,5,3,3,5,3,4,3,3,2,2,1,4,2,3,3,2,2,3,2,4,4,3,5,1,4,2,5,1,2,5,4,1,2,1,1,2,1,4,1,1,4,3,1,1,3,2,2,100,[],{},The data row meets all quality standards.
unbekannt,2004,Baden-Württemberg,Angestellte / Angestellter,mehrmals im Monat,2,3,1,1,1,2,2,1,4,5,4,3,1,2,1,4,1,2,2,2,3,4,3,2,2,1,3,2,3,3,3,4,3,3,1,2,3,5,5,4,4,5,2,3,2,5,2,3,3,3,2,2,3,2,3,72,"[""rule_2"", ""rule_5""]","{""rule_2"": ""The 'alter' indicates a year (2004) that makes the person under 18, but 'beruf' is 'Angestellte / Angestellter', which requires adulthood."", ""rule_5"": ""The 'geschlecht' is 'unbekannt' while 'beruf' is specified as 'Angestellte / Angestellter'.""}",The data row contains inconsistencies regarding age-related profession requirements and gender specification.
maennlich,keine Angabe,Baden-Württemberg,Angestellte / Angestellter,mehrmals pro Woche,2,3,2,1,1,2,2,5,2,4,3,4,1,1,1,4,3,5,1,3,5,4,2,1,2,2,3,1,3,3,4,3,3,1,1,1,1,3,4,4,1,3,2,5,1,3,2,4,3,1,1,5,2,2,3,100,[],{},The data row meets all quality standards.
maennlich,2004,Baden-Württemberg,Beamtin / Beamter,mehrmals im Monat,2,3,1,2,3,3,2,1,2,2,3,2,5,5,1,5,2,1,1,5,5,3,4,3,5,4,4,4,3,3,4,1,5,4,1,3,3,2,4,3,3,5,4,2,1,4,3,3,3,3,4,2,2,1,2,72,"[""rule_2"", ""rule_6""]","{""rule_2"": ""The 'alter' indicates a year (2004) that makes the person under 18, but 'beruf' is 'Beamtin / Beamter', which requires adulthood."", ""rule_6"": ""The 'involvement_unverzichtbar' (5) is higher than 'involvement_interesse' (1).""}","The data row has inconsistencies regarding age and profession, as well as involvement ratings."
weiblich,2001,Baden-Württemberg,Angestellte / Angestellter,mehrmals im Monat,2,2,1,1,3,3,3,5,2,3,1,3,1,5,1,5,1,5,2,5,1,3,3,2,4,5,3,2,4,3,4,5,2,1,1,1,1,3,2,1,1,4,3,2,1,5,3,2,4,2,2,1,4,2,1,72,"[""rule_2""]","{""rule_2"": ""The 'alter' indicates a year (2001) that makes the person under 18, but 'beruf' is 'Angestellte / Angestellter', which requires adulthood.""}",The data row has one violation related to age and profession consistency.
weiblich,1995,Baden-Württemberg,Studentin / Student,seltener als einmal pro Monat,3,3,1,2,1,3,2,2,2,4,1,1,5,4,2,5,3,1,5,5,4,2,3,3,2,3,2,4,3,3,4,4,5,1,1,2,1,1,5,3,4,5,1,4,4,5,2,5,2,4,3,3,2,1,4,72,"[""rule_2"", ""rule_6"", ""rule_7""]","{""rule_2"": ""The 'alter' indicates a year (1995) that makes the person under 18, but 'beruf' is 'Studentin / Student', which is a profession requiring adulthood."", ""rule_6"": ""The 'involvement_unverzichtbar' (5) is higher than 'involvement_interesse' (2)."", ""rule_7"": ""The 'praef_sorte_alkoholfrei' (4) is high, but 'konsumhaeufigkeit' is 'seltener als einmal pro Monat', which is inconsistent.""}","The data quality is compromised due to multiple inconsistencies regarding age, involvement ratings, and preferences."
maennlich,2004,Bayern,Studentin / Student,einmal pro Monat,2,3,2,2,1,3,3,5,5,1,4,2,2,3,4,5,2,1,1,4,3,4,4,4,5,2,4,2,5,2,2,3,3,1,2,1,1,5,1,1,2,4,1,1,3,5,3,5,5,3,1,3,4,1,3,86,"[""rule_2""]","{""rule_2"": ""The 'alter' indicates a year (2004) that makes the person under 18, but 'beruf' is 'Studentin / Student', which is a profession requiring adulthood.""}","The data quality is mostly acceptable, but there is an inconsistency between age and profession."
maennlich,2004,Nordrhein-Westfalen,keine Angabe,seltener als einmal pro Monat,2,3,2,3,2,3,2,4,1,5,2,2,2,2,3,4,2,2,3,5,3,4,3,3,2,4,1,3,3,3,4,2,5,1,3,1,1,1,3,3,2,5,3,1,4,5,2,3,3,3,1,3,3,2,1,100,[],{},The data row meets all the specified data quality rules.
weiblich,1996,Baden-Württemberg,Studentin / Student,einmal pro Monat,2,3,1,2,3,3,2,5,2,3,5,2,1,1,1,2,1,2,4,5,4,2,3,1,3,3,3,2,2,2,3,1,4,1,3,1,1,2,3,3,2,5,1,2,1,4,2,3,3,3,2,2,2,2,2,86,"[""rule_2"", ""rule_4""]","{""rule_2"": ""The 'alter' indicates a year (1996) that makes the person under 18, but 'beruf' is 'Studentin / Student', which is a profession requiring adulthood."", ""rule_4"": ""The 'alkoholverzicht_wichtig' is rated high (4), but 'konsumhaeufigkeit' is 'einmal pro Monat', which is inconsistent.""}","The data quality is mostly good, but there are inconsistencies regarding age and profession, as well as consumption habits."
weiblich,2001,Baden-Württemberg,Angestellte / Angestellter,mehrmals im Monat,2,3,1,2,3,3,2,2,4,4,1,3,4,3,2,4,3,2,1,4,4,4,3,2,5,3,2,5,2,2,4,2,3,1,1,2,2,3,4,3,2,2,1,3,2,2,2,4,3,3,2,3,2,1,3,86,"[""rule_2""]","{""rule_2"": ""The 'alter' indicates a year (2001) that makes the person under 18, but 'beruf' is 'Angestellte / Angestellter', which requires adulthood.""}",The data row has one violation related to age and profession consistency.
unbekannt,2000,Baden-Württemberg,Beamtin / Beamter,täglich,2,3,1,1,3,2,2,2,2,2,4,1,4,5,1,5,3,2,1,4,3,4,5,2,5,2,5,3,2,4,5,1,5,3,2,1,1,1,4,2,1,1,1,2,1,3,2,3,3,3,2,2,1,2,1,72,"[""rule_2"", ""rule_5""]","{""rule_2"": ""The 'alter' indicates a year (2000) that makes the person under 18, but 'beruf' is 'Beamtin / Beamter', which requires adulthood."", ""rule_5"": ""The 'geschlecht' is 'unbekannt' while 'beruf' is specified as 'Beamtin / Beamter'.""}",The data row has inconsistencies regarding age-related profession requirements and gender specification.
maennlich,2001,Baden-Württemberg,keine Angabe,einmal pro Monat,2,2,1,2,1,3,2,3,2,3,2,3,4,4,1,5,3,1,3,4,5,5,4,3,3,4,1,1,3,4,4,2,5,1,1,3,4,1,4,2,2,1,2,2,5,3,1,5,3,5,1,2,2,1,4,100,[],{},The data row meets all quality standards without any violations.
maennlich,1999,Bayern,keine Angabe,einmal pro Monat,2,3,1,1,2,3,2,3,4,3,4,4,1,3,4,4,3,2,1,4,4,3,2,2,4,2,3,1,3,3,3,3,3,1,3,2,5,2,2,5,1,5,2,3,2,4,2,3,1,3,1,4,1,3,4,100,[],{},The data row meets all the plausibility rules.
weiblich,1999,Baden-Württemberg,Studentin / Student,einmal pro Monat,1,3,1,1,2,3,2,1,3,4,1,3,1,4,4,4,3,1,2,3,2,4,3,1,3,5,3,4,2,3,3,1,5,2,1,1,1,1,1,3,4,4,1,5,1,4,2,2,1,1,1,1,2,1,3,100,[],{},The data row meets all the plausibility rules.
weiblich,2006,Bayern,Schülerin / Schüler,mehrmals pro Woche,2,3,2,1,3,3,2,4,2,4,2,3,1,2,3,4,2,1,4,5,3,4,5,3,5,5,3,2,2,3,3,2,4,3,1,1,1,1,4,2,5,5,4,2,2,5,3,5,3,4,1,2,1,1,3,72,"[""rule_2"", ""rule_4""]","{""rule_2"": ""The 'alter' indicates a year (2006) that makes the person under 18, but 'beruf' is 'Sch\u00fclerin / Sch\u00fcler', which is a profession requiring adulthood."", ""rule_4"": ""The 'alkoholverzicht_wichtig' is rated high (4), but 'konsumhaeufigkeit' is 'mehrmals pro Woche', which is inconsistent.""}",The data quality is compromised due to inconsistencies in age-related profession and alcohol consumption ratings.
weiblich,keine Angabe,Nordrhein-Westfalen,keine Angabe,mehrmals pro Woche,2,3,2,3,3,2,2,3,2,5,2,3,1,4,3,3,2,5,1,4,2,2,4,3,2,1,2,3,4,3,4,1,5,1,1,3,1,1,1,4,2,3,2,2,2,2,1,5,5,3,1,2,4,2,3,100,[],{},The data row meets all specified plausibility rules.
maennlich,keine Angabe,Baden-Württemberg,Angestellte / Angestellter,mehrmals pro Woche,3,1,2,1,2,2,2,2,4,5,2,3,1,2,3,4,3,3,1,5,5,3,1,3,2,2,4,4,2,3,5,4,4,1,1,1,1,3,5,1,1,5,4,1,4,3,2,3,2,3,1,2,2,2,5,100,[],{},The data row meets all specified plausibility rules.
unbekannt,2006,Baden-Württemberg,Studentin / Student,mehrmals im Monat,2,3,2,3,3,1,2,3,3,3,2,3,1,3,3,3,3,1,1,4,4,4,2,4,3,5,1,3,1,1,3,5,4,4,1,1,1,1,5,1,4,4,2,3,1,3,1,1,2,3,4,1,2,1,3,72,"[""rule_1"", ""rule_2"", ""rule_5"", ""rule_7""]","{""rule_1"": ""The 'alter' column contains a valid year of birth, but it should be checked against the current year to determine if it is a valid age format."", ""rule_2"": ""The 'alter' indicates a year (2006) that makes the person under 18, but the 'beruf' is 'Studentin / Student', which is inconsistent with being underage."", ""rule_5"": ""The 'geschlecht' is 'unbekannt' while 'beruf' is specified as 'Studentin / Student', which is a violation of the rule."", ""rule_7"": ""The 'praef_sorte_alkoholfrei' is rated high (5), but 'konsumhaeufigkeit' is 'mehrmals im Monat', which is inconsistent.""}","The data row contains multiple inconsistencies regarding age, gender, profession, and consumption preferences."
maennlich,keine Angabe,Bayern,Angestellte / Angestellter,seltener als einmal pro Monat,3,3,1,2,3,1,2,5,2,4,5,1,3,4,4,4,3,3,3,3,2,4,3,2,3,2,3,5,3,3,3,4,5,1,1,5,4,4,2,3,2,5,1,2,1,4,2,4,3,3,1,3,1,2,2,100,[],{},The data row meets all quality standards.
maennlich,2002,Baden-Württemberg,Angestellte / Angestellter,mehrmals im Monat,2,3,2,2,1,2,1,4,1,3,5,1,5,3,4,3,1,4,1,5,5,4,5,3,3,2,2,5,1,3,3,3,3,1,2,2,1,1,4,3,5,5,3,1,5,4,2,3,4,3,1,2,1,2,3,72,"[""rule_2""]","{""rule_2"": ""The 'alter' indicates a year (2002) that makes the person under 18 (current year is 2023), but 'beruf' is 'Angestellte / Angestellter', which requires adulthood.""}",The data row has one violation related to age and profession consistency.
weiblich,2003,Baden-Württemberg,keine Angabe,mehrmals im Monat,3,3,2,1,3,2,2,4,2,4,1,3,1,5,1,3,2,2,2,5,3,2,2,2,3,5,2,3,4,3,4,5,3,1,2,5,1,4,2,1,2,3,3,1,3,5,2,5,3,3,2,3,1,4,3,100,[],{},The data row meets all the specified data quality rules.
unbekannt,2000,Bayern,Angestellte / Angestellter,mehrmals pro Woche,3,3,2,2,3,1,3,2,4,5,1,3,3,3,4,4,5,4,1,4,3,3,2,3,3,5,3,4,3,5,3,2,2,1,3,3,3,4,5,5,1,1,1,1,4,4,2,4,1,5,2,2,2,2,3,72,"[""rule_2"", ""rule_5""]","{""rule_2"": ""The 'alter' indicates a year (2000) that makes the person under 18 (current year 2023), and 'beruf' is 'Angestellte / Angestellter', which requires adulthood."", ""rule_5"": ""The 'geschlecht' is 'unbekannt' while 'beruf' is specified as 'Angestellte / Angestellter'.""}","The data row contains inconsistencies regarding age and profession, as well as gender specification."
weiblich,2002,Baden-Württemberg,Angestellte / Angestellter,seltener als einmal pro Monat,2,3,1,2,3,3,2,4,3,4,3,4,2,5,5,4,5,3,1,5,3,3,1,3,2,1,2,4,3,3,3,2,1,2,1,1,1,1,5,3,2,3,1,2,2,5,1,1,4,5,2,3,2,1,2,86,"[""rule_2""]","{""rule_2"": ""The 'alter' indicates a year (2002) that makes the person under 18 (current year is 2023), while 'beruf' is 'Angestellte / Angestellter', which requires adulthood.""}",The data quality is mostly acceptable but has an inconsistency regarding age and profession.
weiblich,keine Angabe,Baden-Württemberg,Studentin / Student,seltener als einmal pro Monat,2,2,2,2,1,3,1,3,2,4,5,1,3,5,3,4,3,1,1,4,3,5,1,3,5,5,2,3,2,2,5,2,4,1,1,1,2,3,3,2,2,4,1,3,1,3,2,3,4,5,2,3,3,2,1,100,[],{},The data row meets all the specified data quality rules.
weiblich,keine Angabe,keine Angabe,Studentin / Student,seltener als einmal pro Monat,2,2,1,2,3,2,1,4,1,5,4,3,1,5,5,5,3,1,2,2,4,3,2,4,1,3,1,3,3,2,4,4,5,2,2,1,1,3,3,3,1,5,1,1,4,2,2,3,5,3,2,5,2,2,4,100,[],{},The data row meets all specified plausibility rules.
weiblich,2004,Baden-Württemberg,in Ausbildung/im Freiwilligendienst,mehrmals im Monat,2,3,2,1,3,3,3,5,2,4,2,3,2,1,2,5,4,1,1,4,3,5,1,5,3,2,4,5,2,5,3,2,3,1,1,1,2,4,1,2,3,5,1,1,2,2,2,2,1,3,3,2,2,2,3,86,"[""rule_2""]","{""rule_2"": ""The 'alter' indicates a year (2004) that makes the person under 18 (current year is 2023), and 'beruf' is 'in Ausbildung/im Freiwilligendienst', which is a profession requiring adulthood.""}","The data quality is mostly acceptable, but there is an inconsistency between age and profession."
maennlich,2000,keine Angabe,Angestellte / Angestellter,mehrmals im Monat,2,3,2,1,3,2,3,5,2,5,4,5,3,5,1,1,2,1,1,5,4,4,1,5,3,3,4,4,5,3,4,2,5,1,2,1,2,3,4,1,2,5,4,2,1,3,2,1,3,5,1,1,1,4,4,86,"[""rule_2""]","{""rule_2"": ""The 'alter' indicates a year (2000) that makes the person under 18 (current year 2023), but 'beruf' is 'Angestellte / Angestellter', which requires adulthood.""}","The data quality is mostly good, but there is an inconsistency between age and profession."
unbekannt,2004,Baden-Württemberg,Studentin / Student,mehrmals im Monat,2,2,2,1,3,3,2,4,2,4,2,4,1,1,4,2,1,3,1,4,5,4,4,3,4,3,3,1,2,4,2,3,1,1,1,3,2,1,2,2,1,5,3,2,1,5,2,2,4,3,2,1,2,1,4,72,"[""rule_5"", ""rule_2""]","{""rule_5"": ""The 'geschlecht' is 'unbekannt' while 'beruf' is specified as 'Studentin / Student'."", ""rule_2"": ""The 'alter' indicates a year (2004) that makes the person under 18, but 'beruf' is 'Studentin / Student', which is inconsistent with being underage.""}","The data quality is compromised due to inconsistencies between gender and profession, as well as age and profession."
maennlich,1996,Baden-Württemberg,Studentin / Student,mehrmals im Monat,2,3,1,2,3,3,2,5,1,3,1,5,1,2,1,3,1,1,3,4,4,3,5,2,1,5,2,4,4,4,3,2,4,1,1,1,4,2,3,2,1,5,1,1,3,3,2,4,5,2,3,1,3,2,1,100,[],{},The data row meets all the specified data quality rules.
maennlich,2002,Baden-Württemberg,Angestellte / Angestellter,mehrmals im Monat,2,3,2,2,3,2,2,2,1,5,1,3,2,3,2,1,1,4,4,5,4,4,2,2,2,1,2,3,4,3,5,1,2,2,1,2,4,3,4,5,1,4,1,3,4,4,2,5,3,4,3,2,3,2,5,72,"[""rule_2"", ""rule_4""]","{""rule_2"": ""The 'alter' indicates a year (2002) that makes the person under 18, but 'beruf' is 'Angestellte / Angestellter', which requires adulthood."", ""rule_4"": ""The 'alkoholverzicht_wichtig' is rated high (4), but 'konsumhaeufigkeit' is 'mehrmals im Monat', which is inconsistent.""}","The data row has inconsistencies regarding age and profession, as well as consumption habits."
weiblich,1998,Baden-Württemberg,keine Angabe,mehrmals im Monat,2,3,1,1,3,2,3,5,4,4,1,1,2,3,1,2,4,4,2,2,5,2,2,2,2,5,2,3,3,3,4,3,4,2,2,2,2,3,4,3,1,5,1,1,1,3,2,1,1,3,2,1,1,2,5,100,[],{},The data row meets all the specified data quality rules.
weiblich,2002,Baden-Württemberg,Angestellte / Angestellter,mehrmals im Monat,2,3,2,2,2,2,3,5,3,4,2,2,5,4,2,4,1,5,2,5,4,4,3,1,3,3,3,3,3,3,4,3,5,2,2,2,3,2,4,5,4,5,3,2,1,4,2,3,2,5,2,3,2,2,4,86,"[""rule_2"", ""rule_6""]","{""rule_2"": ""The 'alter' indicates a year (2002) that makes the person under 18, but 'beruf' is 'Angestellte / Angestellter', which requires adulthood."", ""rule_6"": ""The 'involvement_unverzichtbar' (5) is higher than 'involvement_interesse' (5), which is inconsistent.""}","The data row has some inconsistencies regarding age and profession, as well as involvement ratings."
weiblich,2005,nicht in Deutschland,Angestellte / Angestellter,mehrmals im Monat,3,3,2,2,2,3,2,3,3,3,1,3,2,5,1,2,4,4,2,5,2,3,2,2,3,4,3,3,1,3,3,4,3,1,1,1,2,1,2,2,1,3,1,1,5,3,1,3,3,4,2,3,3,5,4,72,"[""rule_2"", ""rule_3""]","{""rule_2"": ""The 'alter' indicates a year (2005) that makes the person under 18, but 'beruf' is 'Angestellte / Angestellter', which requires adulthood."", ""rule_3"": ""The 'bundesland' value 'nicht in Deutschland' is not a valid German state.""}",The data row contains inconsistencies regarding age-related profession requirements and invalid state information.
maennlich,1998,Baden-Württemberg,keine Angabe,mehrmals im Monat,3,3,1,1,3,1,1,4,4,3,4,1,3,4,3,5,3,2,2,4,5,4,1,1,5,3,1,2,2,2,2,1,3,1,3,1,1,3,2,1,2,5,1,1,2,5,2,3,5,2,2,2,4,2,2,100,[],{},The data row meets all the specified data quality rules.
maennlich,2003,Baden-Württemberg,Studentin / Student,täglich,2,3,2,1,2,3,1,4,3,5,2,1,2,4,1,2,1,2,2,5,4,4,2,2,4,2,2,2,2,2,1,4,3,5,1,1,1,2,2,5,1,5,4,3,1,4,2,1,5,1,1,4,2,2,3,72,"[""rule_2"", ""rule_7""]","{""rule_2"": ""The 'alter' indicates a year (2003) that makes the person under 18, but 'beruf' is 'Studentin / Student', which is a profession requiring adulthood."", ""rule_7"": ""The 'praef_sorte_alkoholfrei' is rated high (4), but 'konsumhaeufigkeit' is 't\u00e4glich', which is inconsistent.""}",The data row has multiple inconsistencies regarding age and consumption preferences.
unbekannt,2001,Baden-Württemberg,Studentin / Student,mehrmals im Monat,3,1,2,2,2,3,3,2,3,4,1,1,1,3,3,3,3,1,4,5,3,4,3,3,2,3,3,3,4,2,4,3,2,2,1,4,1,5,5,2,2,4,1,2,1,3,2,4,1,4,1,2,3,2,3,72,"[""rule_5"", ""rule_2"", ""rule_4""]","{""rule_5"": ""The 'geschlecht' is 'unbekannt' while 'beruf' is specified as 'Studentin / Student'."", ""rule_2"": ""The 'alter' indicates a year (2001) that makes the person under 18, but 'beruf' is 'Studentin / Student', which is inconsistent."", ""rule_4"": ""The 'alkoholverzicht_wichtig' is rated high (4), but 'konsumhaeufigkeit' is 'mehrmals im Monat', which is inconsistent.""}","The data row contains multiple inconsistencies regarding age, gender, and consumption habits."
weiblich,2007,Baden-Württemberg,Studentin / Student,mehrmals im Monat,2,3,2,2,3,3,2,1,5,5,4,5,4,3,4,5,4,2,4,5,1,5,2,5,3,3,2,5,3,4,2,1,3,1,1,1,2,3,3,2,2,4,2,3,3,5,3,3,1,2,3,1,1,1,2,72,"[""rule_2"", ""rule_4""]","{""rule_2"": ""The 'alter' indicates a year (2007) that makes the person under 18, but 'beruf' is 'Studentin / Student', which is a profession requiring adulthood."", ""rule_4"": ""The 'alkoholverzicht_wichtig' is rated high (4), but 'konsumhaeufigkeit' is 'mehrmals im Monat', which is inconsistent.""}","The data quality is compromised due to inconsistencies between age and profession, as well as between alcohol abstinence importance and consumption frequency."
weiblich,2000,Baden-Württemberg,keine Angabe,seltener als einmal pro Monat,3,3,2,2,3,2,1,4,2,4,2,1,1,4,1,5,3,1,2,4,5,3,5,3,3,4,4,2,3,3,4,5,5,4,1,1,1,1,4,3,1,5,1,4,1,3,2,3,4,3,4,2,3,2,3,100,[],{},The data row meets all the plausibility rules.
maennlich,2003,keine Angabe,Angestellte / Angestellter,mehrmals im Monat,2,3,2,1,3,1,2,2,3,2,2,3,2,5,3,4,3,4,2,4,4,1,2,2,2,2,2,3,2,3,4,2,1,1,1,1,3,3,4,1,1,5,1,3,3,5,2,5,1,3,1,2,1,2,3,86,"[""rule_2""]","{""rule_2"": ""The 'alter' indicates a year (2003) that makes the person under 18, but 'beruf' is 'Angestellte / Angestellter', which requires adulthood.""}",The data row has one violation related to age and profession consistency.
maennlich,1999,Baden-Württemberg,Angestellte / Angestellter,mehrmals im Monat,2,3,2,2,2,3,2,5,3,4,1,3,4,4,3,3,3,3,5,4,2,5,3,2,3,4,4,4,3,3,4,1,5,3,1,1,3,3,2,2,1,2,1,2,4,5,1,2,3,5,2,2,2,2,3,72,"[""rule_2"", ""rule_4""]","{""rule_2"": ""The 'alter' indicates a year (1999) that makes the person under 18, but 'beruf' is 'Angestellte / Angestellter', which requires adulthood."", ""rule_4"": ""The 'alkoholverzicht_wichtig' is rated high (5), but 'konsumhaeufigkeit' is 'mehrmals im Monat', which is inconsistent.""}","The data quality is compromised due to inconsistencies between age and profession, as well as between alcohol abstinence importance and consumption frequency."
weiblich,2004,Baden-Württemberg,Studentin / Student,seltener als einmal pro Monat,3,3,1,1,3,2,2,3,4,3,1,1,2,4,4,2,1,2,3,4,4,4,3,5,3,2,3,1,2,3,4,4,1,1,3,2,1,1,3,4,1,4,1,1,4,2,2,3,1,4,1,2,2,1,4,86,"[""rule_2""]","{""rule_2"": ""The 'alter' indicates a year (2004) that makes the person under 18, but 'beruf' is 'Studentin / Student', which is a profession requiring adulthood.""}","The data quality is mostly good, but there is an inconsistency between age and profession."
unbekannt,1995,Baden-Württemberg,Angestellte / Angestellter,mehrmals pro Woche,2,3,2,2,1,2,3,2,4,4,2,3,1,4,1,3,3,3,3,4,5,3,3,2,3,3,2,4,1,3,4,2,2,1,5,4,1,2,2,4,5,5,1,3,2,4,1,3,3,3,1,2,2,2,3,72,"[""rule_2"", ""rule_5""]","{""rule_2"": ""The 'alter' indicates a year (1995) that makes the person under 18, but 'beruf' is 'Angestellte / Angestellter', which requires adulthood."", ""rule_5"": ""The 'geschlecht' is 'unbekannt' while 'beruf' is specified as 'Angestellte / Angestellter'.""}",The data row contains inconsistencies regarding age-related profession requirements and gender specification.
maennlich,2002,Baden-Württemberg,Angestellte / Angestellter,seltener als einmal pro Monat,3,3,1,1,3,2,1,5,5,4,5,3,1,3,3,4,5,1,3,5,3,2,1,2,3,4,2,2,1,4,2,5,3,3,3,2,5,4,3,3,1,5,1,3,1,4,2,3,3,3,2,3,2,2,4,86,"[""rule_2"", ""rule_7""]","{""rule_2"": ""The 'alter' indicates a year (2002) that makes the person under 18, but 'beruf' is 'Angestellte / Angestellter', which requires adulthood."", ""rule_7"": ""The 'praef_sorte_alkoholfrei' is rated high (5), but 'konsumhaeufigkeit' is 'seltener als einmal pro Monat', which is inconsistent.""}",The data row has some inconsistencies regarding age-related profession requirements and preferences.
weiblich,keine Angabe,Baden-Württemberg,Studentin / Student,seltener als einmal pro Monat,2,3,2,2,3,3,2,5,2,5,1,1,1,1,3,2,2,1,1,5,4,3,3,2,3,4,3,2,2,1,3,1,3,1,3,1,1,3,4,2,1,4,4,1,1,3,2,2,2,3,2,1,3,2,4,100,[],{},The data row meets all the specified plausibility rules.
weiblich,2005,Baden-Württemberg,keine Angabe,mehrmals im Monat,3,3,2,2,2,1,2,5,4,1,3,2,1,4,2,1,4,1,4,3,4,3,3,1,5,3,3,4,3,3,3,1,4,5,2,1,1,4,3,2,3,1,1,3,2,4,1,3,1,3,1,1,1,2,5,86,"[""rule_2"", ""rule_4""]","{""rule_2"": ""The 'alter' indicates a year (2005) that makes the person under 18, but 'beruf' is 'keine Angabe', which does not violate the rule."", ""rule_4"": ""The 'alkoholverzicht_wichtig' is rated high (4), but 'konsumhaeufigkeit' is 'mehrmals im Monat', which violates the rule.""}","The data quality is generally good, with some inconsistencies in age-related rules."
weiblich,2002,Baden-Württemberg,Studentin / Student,mehrmals im Monat,3,3,1,2,2,2,2,5,1,3,4,2,5,4,2,3,2,5,5,5,4,4,5,1,3,2,2,3,4,3,4,2,3,1,2,3,2,4,1,1,1,2,1,3,3,5,2,3,3,3,2,2,3,2,3,72,"[""rule_2"", ""rule_6"", ""rule_4""]","{""rule_2"": ""The 'alter' indicates a year (2002) that makes the person under 18, but 'beruf' is 'Studentin / Student', which is inconsistent with being underage."", ""rule_6"": ""The 'involvement_unverzichtbar' (5) is higher than 'involvement_interesse' (5), which is inconsistent."", ""rule_4"": ""The 'alkoholverzicht_wichtig' is rated high (5), but 'konsumhaeufigkeit' is 'mehrmals im Monat', which is inconsistent.""}",The data quality is compromised due to multiple inconsistencies.
weiblich,2004,Bayern,Angestellte / Angestellter,mehrmals im Monat,2,3,1,1,3,3,2,1,1,4,2,1,1,4,3,3,3,4,3,4,4,4,2,1,4,1,3,3,2,2,3,1,1,1,1,2,1,4,5,3,3,5,1,1,5,5,1,3,5,3,3,4,2,1,4,72,"[""rule_2""]","{""rule_2"": ""The 'alter' indicates a year (2004) that makes the person under 18, but 'beruf' is 'Angestellte / Angestellter', which requires adulthood.""}",The data quality is compromised due to an inconsistency between age and profession.
maennlich,2000,Baden-Württemberg,Studentin / Student,mehrmals im Monat,3,3,2,1,1,2,2,3,2,4,2,1,5,4,3,4,3,1,2,5,4,2,2,1,4,3,1,3,4,5,3,5,2,1,2,2,1,3,3,5,2,3,1,4,2,2,2,3,3,2,2,2,1,2,2,86,"[""rule_2"", ""rule_6"", ""rule_7""]","{""rule_2"": ""The 'alter' indicates a year (2000) that makes the person under 18, but 'beruf' is 'Studentin / Student', which is inconsistent with being underage."", ""rule_6"": ""The 'involvement_unverzichtbar' (5) is higher than 'involvement_interesse' (3), which is inconsistent."", ""rule_7"": ""The 'praef_sorte_alkoholfrei' (5) is high, but 'konsumhaeufigkeit' is 'mehrmals im Monat', which is inconsistent.""}",The data quality is compromised due to multiple inconsistencies.
weiblich,2002,Baden-Württemberg,Angestellte / Angestellter,mehrmals im Monat,2,3,2,2,3,3,1,3,2,3,2,4,5,4,1,4,4,3,1,5,4,3,2,3,1,3,4,3,2,3,5,4,2,1,1,2,1,4,3,5,1,5,2,1,2,3,2,3,5,2,3,1,4,1,1,72,"[""rule_2"", ""rule_6""]","{""rule_2"": ""The 'alter' indicates a year (2002) that makes the person under 18 (current year is 2023), but 'beruf' is 'Angestellte / Angestellter', which requires adulthood."", ""rule_6"": ""The 'involvement_unverzichtbar' (5) is higher than 'involvement_interesse' (3).""}","The data row has inconsistencies regarding age and profession, as well as involvement ratings."
maennlich,2000,Baden-Württemberg,Studentin / Student,seltener als einmal pro Monat,2,3,1,1,3,2,2,2,4,2,1,5,4,5,4,3,2,1,3,4,5,3,5,2,5,4,3,3,2,5,5,2,3,1,5,1,1,2,5,4,2,5,1,1,2,5,3,3,3,3,1,2,1,2,3,100,[],{},The data row meets all the specified data quality rules.
weiblich,2000,Baden-Württemberg,Angestellte / Angestellter,mehrmals pro Woche,3,3,1,1,3,3,2,1,3,4,4,1,2,5,3,2,3,3,2,4,4,3,3,1,3,5,2,2,4,3,3,4,4,1,1,2,1,1,5,3,2,2,3,2,1,5,2,3,1,5,1,2,3,2,3,86,"[""rule_2"", ""rule_7""]","{""rule_2"": ""The 'alter' indicates a year (2000) that makes the person under 18 (current year is 2023), but 'beruf' is 'Angestellte / Angestellter', which requires adulthood."", ""rule_7"": ""The 'praef_sorte_alkoholfrei' is rated high (4), but 'konsumhaeufigkeit' is 'mehrmals pro Woche', which is inconsistent.""}","The data row has some inconsistencies regarding age and profession, as well as preferences and consumption."
weiblich,2003,Nordrhein-Westfalen,Angestellte / Angestellter,mehrmals im Monat,1,3,2,1,2,3,2,5,2,4,2,1,4,3,3,5,3,4,2,4,4,5,3,2,3,4,3,5,1,3,4,3,3,2,5,1,1,3,4,3,3,5,5,2,3,3,2,3,4,1,3,1,4,1,5,72,"[""rule_2""]","{""rule_2"": ""The 'alter' indicates a year (2003) that makes the person under 18, but 'beruf' is 'Angestellte / Angestellter', which requires adulthood.""}",The data row has one violation related to age and profession consistency.
maennlich,2000,Baden-Württemberg,Angestellte / Angestellter,täglich,2,3,1,2,3,3,3,4,2,4,4,3,1,4,3,3,2,4,1,5,1,4,2,2,3,3,3,4,3,2,4,4,3,1,1,4,1,5,3,1,2,5,3,2,2,3,3,5,3,3,2,2,3,2,2,72,"[""rule_2"", ""rule_7""]","{""rule_2"": ""The 'alter' indicates a year (2000) that makes the person under 18 (current year 2023), but 'beruf' is 'Angestellte / Angestellter', which requires adulthood."", ""rule_7"": ""The 'praef_sorte_alkoholfrei' is rated high (4), but 'konsumhaeufigkeit' is 't\u00e4glich', which is inconsistent.""}",The data row contains inconsistencies regarding age-related profession requirements and preferences related to consumption frequency.
weiblich,2000,Berlin,Studentin / Student,seltener als einmal pro Monat,2,3,1,2,3,3,2,1,2,5,2,3,1,4,3,3,3,3,1,5,4,5,2,2,3,5,3,3,4,3,5,4,1,1,1,2,1,4,5,4,2,5,1,3,3,3,2,5,2,3,1,3,2,2,1,100,[],{},The data row meets all the plausibility rules.
maennlich,1995,Baden-Württemberg,Studentin / Student,einmal pro Monat,2,3,2,2,3,3,1,4,3,4,2,3,1,1,3,4,5,1,3,4,4,4,3,4,3,4,2,5,3,2,4,4,3,1,3,1,1,1,4,5,1,5,2,1,1,2,2,2,1,4,3,1,4,2,2,100,[],{},The data row meets all quality standards.
weiblich,2002,Baden-Württemberg,Schülerin / Schüler,mehrmals im Monat,3,3,1,1,2,3,3,4,3,4,2,4,3,3,5,4,2,5,1,4,2,4,2,4,1,4,3,3,2,3,3,2,2,3,2,4,1,3,5,4,2,5,4,1,3,5,4,5,3,2,2,2,3,1,1,86,"[""rule_2""]","{""rule_2"": ""The 'alter' indicates a year (2002) that makes the person under 18, but the 'beruf' is 'Sch\u00fclerin / Sch\u00fcler', which is a profession requiring adulthood.""}","The data quality is mostly acceptable, with one significant violation regarding age and profession consistency."
weiblich,1998,Baden-Württemberg,keine Angabe,mehrmals im Monat,2,3,2,1,3,3,2,5,5,2,2,3,2,2,3,5,2,3,1,5,5,4,5,2,5,2,2,2,4,3,3,2,3,1,1,1,3,1,1,1,5,5,1,5,5,4,2,5,4,2,4,2,3,3,3,100,[],{},The data row meets all quality standards.
weiblich,2002,Baden-Württemberg,keine Angabe,seltener als einmal pro Monat,2,3,2,2,2,3,2,5,2,3,2,5,1,3,2,5,4,4,2,4,2,4,4,3,3,5,2,5,2,3,4,2,2,1,2,2,4,3,3,1,1,2,3,2,3,3,2,2,5,3,2,4,4,3,3,100,[],{},The data row meets all the specified data quality rules.
maennlich,2004,Baden-Württemberg,Angestellte / Angestellter,einmal pro Monat,2,3,2,2,3,2,3,1,2,3,4,5,5,5,1,5,3,2,2,4,4,2,1,1,5,2,4,5,3,3,3,4,4,1,1,1,2,5,4,3,2,5,1,1,5,3,3,3,1,3,2,3,4,1,1,86,"[""rule_2""]","{""rule_2"": ""The 'alter' indicates a year (2004) that makes the person under 18 (current year 2023), but 'beruf' is 'Angestellte / Angestellter', which requires adulthood.""}",The data row has one violation related to age and profession consistency.
weiblich,2005,Baden-Württemberg,Studentin / Student,seltener als einmal pro Monat,2,3,2,2,2,1,3,2,3,4,1,1,2,3,1,4,2,1,1,5,5,4,1,2,5,4,4,3,1,3,4,1,5,4,1,3,3,2,3,2,1,3,3,5,1,4,1,4,5,4,4,3,4,2,5,86,"[""rule_2""]","{""rule_2"": ""The 'alter' indicates a year (2005) that makes the person under 18, but the 'beruf' is 'Studentin / Student', which is inconsistent with the requirement for adulthood.""}","The data quality is mostly good, but there is an inconsistency between age and profession."
unbekannt,1999,Nordrhein-Westfalen,Schülerin / Schüler,mehrmals im Monat,3,3,2,3,3,3,2,5,3,5,3,3,1,3,2,1,2,4,2,4,5,4,1,1,5,3,2,2,3,3,3,1,5,2,1,1,2,2,2,1,1,5,2,3,2,4,2,4,3,3,4,2,1,2,2,72,"[""rule_5"", ""rule_2""]","{""rule_5"": ""The 'geschlecht' is 'unbekannt' while 'beruf' is specified as 'Sch\u00fclerin / Sch\u00fcler'."", ""rule_2"": ""The 'alter' indicates a year (1999) that makes the person under 18, but 'beruf' is 'Sch\u00fclerin / Sch\u00fcler', which is inconsistent with being underage.""}","The data row contains inconsistencies regarding gender and profession, as well as age-related employment suitability."
weiblich,2000,Baden-Württemberg,keine Angabe,einmal pro Monat,2,3,2,2,2,3,2,2,3,4,1,2,5,3,3,3,2,4,3,4,3,4,5,3,2,4,3,3,2,3,4,1,3,1,1,2,1,2,3,4,2,5,1,1,3,5,1,3,3,4,2,2,2,2,1,100,[],{},The data row meets all the plausibility rules.
weiblich,2004,Baden-Württemberg,Studentin / Student,mehrmals pro Woche,3,2,2,1,2,3,2,5,3,5,2,3,2,5,5,2,3,3,1,4,3,3,5,2,3,4,2,3,5,2,4,2,3,1,1,1,1,1,3,1,1,5,1,2,2,4,2,4,2,5,2,3,1,2,4,86,"[""rule_2""]","{""rule_2"": ""The 'alter' indicates a year (2004) that makes the person under 18 (current year is 2023), but 'beruf' is 'Studentin / Student', which is a profession that typically requires adulthood.""}","The data quality is mostly good, but there is an inconsistency between age and profession."
maennlich,keine Angabe,Baden-Württemberg,Studentin / Student,mehrmals im Monat,2,3,2,2,2,1,1,5,3,3,3,1,1,4,3,4,3,2,3,5,4,3,3,1,5,4,1,4,5,3,3,2,5,1,2,1,1,1,4,3,1,5,3,2,1,4,1,3,1,3,2,2,1,1,4,100,[],{},The data row meets all specified plausibility rules.
maennlich,2000,Baden-Württemberg,Angestellte / Angestellter,mehrmals im Monat,2,3,1,1,2,3,2,4,2,3,1,3,1,2,2,3,3,1,3,5,4,3,2,2,3,2,3,5,5,3,3,1,2,1,1,1,3,1,4,1,3,5,1,2,1,5,3,2,3,4,3,2,2,3,3,72,"[""rule_2""]","{""rule_2"": ""The 'alter' indicates a year (2000) that makes the person under 18 (current year is 2023), but 'beruf' is 'Angestellte / Angestellter', which requires adulthood.""}",The data row has one violation related to age and profession consistency.
weiblich,1998,Baden-Württemberg,Angestellte / Angestellter,mehrmals im Monat,2,3,2,1,3,3,2,3,2,5,2,2,2,4,2,5,4,1,1,4,4,4,3,2,4,2,3,2,3,3,5,4,5,2,2,1,1,4,3,4,1,2,1,3,2,2,2,2,5,3,2,2,1,1,4,72,"[""rule_2""]","{""rule_2"": ""The 'alter' indicates a year (1998) that makes the person under 18, but 'beruf' is 'Angestellte / Angestellter', which requires adulthood.""}",The data row has one violation related to age and profession consistency.
weiblich,2001,Baden-Württemberg,keine Angabe,einmal pro Monat,3,3,2,1,2,1,2,2,5,3,3,5,2,5,4,5,1,1,2,5,4,5,2,2,3,2,2,3,3,3,5,4,3,2,1,1,2,3,4,3,1,4,1,3,5,4,3,4,2,2,1,2,3,3,5,100,[],{},The data row meets all specified data quality rules.
weiblich,2002,keine Angabe,Studentin / Student,mehrmals pro Woche,3,3,1,1,3,2,2,2,1,4,2,3,1,4,2,4,1,2,1,4,4,3,3,2,4,3,2,3,2,3,4,1,1,3,5,1,2,1,1,3,2,4,1,3,5,2,1,2,3,5,3,2,3,2,3,86,"[""rule_2""]","{""rule_2"": ""The 'alter' indicates a year (2002) that makes the person under 18, but 'beruf' is 'Studentin / Student', which is a profession requiring adulthood.""}",The data row has one violation related to age and profession consistency.
unbekannt,2002,Baden-Württemberg,Studentin / Student,mehrmals im Monat,2,2,1,3,2,3,2,5,2,3,3,3,3,5,4,4,3,4,3,5,4,3,2,3,3,2,2,3,2,3,2,1,5,2,1,1,1,2,4,2,2,4,3,2,2,4,2,5,2,5,4,3,2,2,3,72,"[""rule_5"", ""rule_2""]","{""rule_5"": ""The 'geschlecht' is 'unbekannt' while 'beruf' is specified as 'Studentin / Student'."", ""rule_2"": ""The 'alter' indicates a year (2002) that makes the person under 18, but 'beruf' is 'Studentin / Student', which is a profession requiring adulthood.""}","The data row has inconsistencies regarding gender and profession, as well as age-related implications."
unbekannt,2005,Baden-Württemberg,Studentin / Student,mehrmals im Monat,2,3,2,2,3,2,2,3,2,3,5,2,3,2,3,5,1,1,1,3,4,1,3,2,3,1,3,3,4,5,3,2,2,1,1,2,1,2,3,2,1,5,1,1,3,5,3,4,1,3,1,2,2,2,3,72,"[""rule_5"", ""rule_2""]","{""rule_5"": ""The 'geschlecht' is 'unbekannt' while 'beruf' is specified as 'Studentin / Student'."", ""rule_2"": ""The 'alter' indicates a year (2005) that makes the person under 18, but 'beruf' is 'Studentin / Student', which is inconsistent.""}","The data row has inconsistencies regarding gender and profession, as well as age-related profession requirements."
weiblich,2004,Baden-Württemberg,Angestellte / Angestellter,mehrmals pro Woche,3,3,2,2,2,2,3,4,2,3,2,4,2,5,2,1,3,2,1,5,4,4,2,2,3,5,2,4,4,3,4,2,2,1,1,2,3,3,1,3,1,1,1,2,2,4,1,3,3,3,1,2,3,2,5,72,"[""rule_2""]","{""rule_2"": ""The 'alter' indicates a year (2004) that makes the person under 18, but 'beruf' is 'Angestellte / Angestellter', which requires adulthood.""}",The data quality is compromised due to an inconsistency between age and profession.
weiblich,2004,Baden-Württemberg,Schülerin / Schüler,einmal pro Monat,3,3,2,1,2,3,2,2,1,1,2,1,1,3,3,3,1,1,1,4,4,4,2,2,5,3,2,5,3,3,4,4,4,3,1,1,2,3,3,5,2,3,3,2,3,4,2,3,1,4,1,2,1,1,3,86,"[""rule_2"", ""rule_7""]","{""rule_2"": ""The 'alter' indicates a year (2004) that makes the person under 18, but 'beruf' is 'Sch\u00fclerin / Sch\u00fcler', which is a profession requiring adulthood."", ""rule_7"": ""The 'praef_sorte_alkoholfrei' is rated high (4), but 'konsumhaeufigkeit' is 'einmal pro Monat', which is inconsistent with high preference.""}",The data row has some inconsistencies regarding age-related profession and preferences.
maennlich,2000,Hessen,Angestellte / Angestellter,mehrmals im Monat,3,2,2,1,3,3,2,2,1,4,1,1,1,5,2,3,2,2,2,5,3,3,2,2,1,2,3,4,3,3,3,1,3,2,1,1,1,2,3,3,2,5,1,1,4,3,2,3,3,1,3,2,2,3,3,86,"[""rule_2""]","{""rule_2"": ""The 'alter' indicates a year (2000) that makes the person under 18 (current year 2023), but 'beruf' is 'Angestellte / Angestellter', which requires adulthood.""}",The data row has one violation related to age and profession consistency.
maennlich,2000,Bayern,keine Angabe,mehrmals pro Woche,1,2,1,2,2,3,2,3,1,3,2,3,1,4,1,4,1,2,2,5,3,3,1,2,5,4,3,3,2,4,2,5,2,1,1,1,3,2,3,3,2,3,2,3,3,5,2,3,3,5,1,3,1,2,3,100,[],{},The data row meets all the specified data quality rules.
weiblich,2003,Baden-Württemberg,Angestellte / Angestellter,einmal pro Monat,3,3,1,1,2,2,2,3,1,4,1,1,1,4,2,3,1,2,4,5,3,4,2,2,3,2,2,3,3,3,3,2,4,1,1,2,1,4,3,1,1,3,1,1,2,3,1,3,5,4,2,3,2,2,3,72,"[""rule_2"", ""rule_4""]","{""rule_2"": ""The 'alter' indicates a year (2003) that makes the person under 18 (current year is 2023), but 'beruf' is 'Angestellte / Angestellter', which requires adulthood."", ""rule_4"": ""The 'alkoholverzicht_wichtig' is rated high (4), but 'konsumhaeufigkeit' is 'einmal pro Monat', which is inconsistent.""}","The data quality is compromised due to inconsistencies between age and profession, as well as between alcohol abstinence importance and consumption frequency."
weiblich,1998,Nordrhein-Westfalen,Studentin / Student,mehrmals pro Woche,2,3,1,1,3,3,3,2,1,4,5,3,2,1,4,5,3,2,2,5,3,4,2,2,3,3,4,5,3,5,4,1,3,2,2,2,1,4,4,4,1,4,1,5,1,4,5,3,3,3,1,3,4,2,3,86,"[""rule_2""]","{""rule_2"": ""The 'alter' indicates a year (1998) that makes the person under 18, but the 'beruf' is 'Studentin / Student', which is a profession requiring adulthood.""}",The data row has one violation related to age and profession consistency.
maennlich,2000,Baden-Württemberg,Angestellte / Angestellter,mehrmals pro Woche,3,3,2,2,3,2,1,5,3,4,2,3,4,2,1,4,4,2,1,5,4,5,3,2,2,2,2,4,2,3,4,4,2,2,1,1,1,1,4,2,3,5,3,3,3,4,2,2,2,2,2,3,2,2,5,72,"[""rule_2"", ""rule_7""]","{""rule_2"": ""The 'alter' indicates a year (2000) that makes the person under 18 (current year 2023), while 'beruf' is 'Angestellte / Angestellter', which requires adulthood."", ""rule_7"": ""The 'praef_sorte_alkoholfrei' is rated high (4), but 'konsumhaeufigkeit' is 'mehrmals pro Woche', which is inconsistent.""}",The data row contains inconsistencies regarding age-related profession eligibility and preferences related to alcohol consumption.
maennlich,1996,Baden-Württemberg,keine Angabe,mehrmals im Monat,2,1,2,1,3,3,2,1,4,4,4,3,5,3,1,3,2,1,3,5,4,4,4,5,4,5,5,2,2,5,4,1,3,1,1,4,2,1,1,3,2,4,1,3,3,5,1,3,4,5,3,2,3,3,5,100,[],{},The data row meets all the plausibility rules.
weiblich,keine Angabe,Nordrhein-Westfalen,Angestellte / Angestellter,seltener als einmal pro Monat,2,3,2,2,1,3,2,5,3,4,5,1,2,4,1,2,3,1,2,4,3,2,1,1,5,2,2,3,2,2,4,1,3,3,4,1,1,4,5,5,2,1,2,3,1,5,1,4,4,1,2,3,1,2,3,100,[],{},The data row meets all specified plausibility rules.
maennlich,2003,Baden-Württemberg,Studentin / Student,einmal pro Monat,2,3,1,2,1,3,2,5,5,4,2,4,2,5,2,5,3,1,1,3,3,3,3,2,2,4,5,3,5,2,3,3,2,1,5,1,2,1,3,5,1,5,1,2,5,3,1,3,3,3,3,3,2,3,3,86,[],{},The data row adheres to all specified data quality rules.
maennlich,2002,keine Angabe,Studentin / Student,mehrmals pro Woche,3,3,3,1,3,3,3,4,4,4,2,1,4,1,5,4,3,1,2,4,3,4,5,2,2,5,2,4,4,5,3,2,5,4,1,1,3,1,3,3,1,5,3,2,2,1,2,3,5,3,5,1,3,2,3,86,"[""rule_2""]","{""rule_2"": ""The 'alter' indicates a year (2002) that makes the person under 18, but 'beruf' is 'Studentin / Student', which is a profession requiring adulthood.""}","The data quality is mostly good, but there is an inconsistency between age and profession."
weiblich,1999,Baden-Württemberg,Schülerin / Schüler,mehrmals im Monat,3,3,2,1,2,3,2,2,3,4,3,2,3,4,3,4,3,5,4,5,3,4,2,3,3,2,3,4,2,4,2,1,3,4,2,4,1,1,3,4,1,3,1,1,2,4,1,2,1,3,1,3,2,5,4,86,"[""rule_2"", ""rule_4""]","{""rule_2"": ""The 'alter' indicates a year (1999) that makes the person under 18 (current year 2023), but 'beruf' is 'Sch\u00fclerin / Sch\u00fcler', which is a profession requiring adulthood."", ""rule_4"": ""The 'alkoholverzicht_wichtig' is rated high (4), but 'konsumhaeufigkeit' is 'mehrmals im Monat', which is inconsistent.""}",The data row has some inconsistencies regarding age-related profession and alcohol consumption preferences.
maennlich,2002,Baden-Württemberg,Angestellte / Angestellter,seltener als einmal pro Monat,2,3,2,1,3,3,3,3,3,1,2,1,1,4,2,4,3,5,2,4,4,1,2,3,5,4,3,2,2,3,3,1,5,1,1,4,3,3,2,1,4,4,1,1,4,5,3,2,3,2,2,3,2,2,3,86,"[""rule_2""]","{""rule_2"": ""The 'alter' indicates a year (2002) that makes the person under 18 (current year is 2023), but 'beruf' is 'Angestellte / Angestellter', which requires adulthood.""}",The data row has one violation related to age and profession consistency.
weiblich,1995,Bayern,Beamtin / Beamter,einmal pro Monat,1,3,1,2,1,3,2,1,2,3,2,2,1,5,3,3,1,1,2,5,4,2,3,3,2,2,4,4,2,3,4,1,5,3,1,1,3,2,2,3,1,1,2,3,2,3,1,1,3,3,3,2,1,2,1,86,"[""rule_2""]","{""rule_2"": ""The 'alter' indicates a year (1995) that makes the person under 18, but 'beruf' is 'Beamtin / Beamter', which requires adulthood.""}",The data row has one violation related to age and profession consistency.
weiblich,2002,Baden-Württemberg,Studentin / Student,mehrmals im Monat,2,3,1,3,2,1,3,2,2,4,4,2,4,5,4,2,4,1,1,5,3,3,2,2,2,1,5,4,2,2,3,2,1,1,3,2,4,2,4,5,2,4,1,2,1,3,4,1,3,5,3,1,1,2,3,86,"[""rule_2""]","{""rule_2"": ""The 'alter' indicates a year (2002) that makes the person under 18 (current year 2023), but 'beruf' is 'Studentin / Student', which is a profession requiring adulthood.""}",The data row has one violation related to age and profession consistency.
maennlich,2000,Baden-Württemberg,Studentin / Student,mehrmals im Monat,3,3,3,1,2,3,3,3,3,5,3,3,5,4,5,2,4,2,1,4,3,1,2,2,1,2,3,3,2,5,3,3,5,1,1,1,2,1,3,5,1,4,1,1,2,1,2,3,3,3,2,1,2,2,1,86,"[""rule_2"", ""rule_6""]","{""rule_2"": ""The 'alter' indicates a year (2000) that makes the person under 18, but 'beruf' is 'Studentin / Student', which is inconsistent with being underage."", ""rule_6"": ""The 'involvement_unverzichtbar' (5) is higher than 'involvement_interesse' (3), which is inconsistent.""}",The data row has two quality issues related to age and involvement ratings.
weiblich,2003,Baden-Württemberg,Studentin / Student,einmal pro Monat,3,2,2,2,3,2,2,5,3,5,5,2,1,5,4,5,4,2,3,3,4,2,5,5,4,4,4,3,3,5,1,3,4,1,1,2,2,2,3,3,1,5,1,1,5,4,1,5,3,3,2,3,4,1,3,86,"[""rule_2""]","{""rule_2"": ""The 'alter' indicates a year (2003) that makes the person under 18, but 'beruf' is 'Studentin / Student', which is a profession requiring adulthood.""}","The data quality is mostly good, but there is an inconsistency between age and profession."
maennlich,2003,Bayern,Studentin / Student,seltener als einmal pro Monat,2,3,1,1,2,3,1,4,3,1,2,1,2,4,4,1,3,1,3,5,4,4,4,2,2,2,3,4,2,3,4,4,3,1,1,2,3,2,3,2,2,1,3,3,2,4,2,1,3,4,2,3,3,4,2,100,[],{},The data row meets all the plausibility rules.
weiblich,2000,Baden-Württemberg,Studentin / Student,einmal pro Monat,2,3,3,1,3,3,2,5,1,1,1,2,2,4,4,3,1,5,1,4,4,3,2,2,1,2,3,5,3,2,1,3,5,1,1,1,1,1,2,5,2,2,1,1,1,3,2,3,3,3,1,2,2,4,3,100,[],{},The data row meets all quality standards and does not violate any rules.
weiblich,2002,Baden-Württemberg,Angestellte / Angestellter,mehrmals im Monat,2,3,1,1,2,3,2,4,4,3,3,3,2,3,5,5,5,4,3,3,3,3,3,3,3,3,2,3,2,3,1,1,5,1,2,3,1,1,4,4,2,3,3,2,1,4,2,3,4,3,2,3,3,2,3,86,"[""rule_2""]","{""rule_2"": ""The 'alter' indicates a year (2002) that makes the person under 18 (current year 2023), but 'beruf' is 'Angestellte / Angestellter', which requires adulthood.""}","The data quality is mostly acceptable, but there is an inconsistency between age and profession."
maennlich,2001,Baden-Württemberg,Studentin / Student,mehrmals im Monat,2,3,2,2,2,3,1,4,4,4,2,5,1,3,3,3,3,5,1,4,5,3,1,1,4,3,1,3,2,5,5,1,5,3,2,2,1,1,5,4,1,5,1,1,2,3,2,2,2,3,2,3,2,2,3,100,[],{},The data row meets all the plausibility rules.
maennlich,2001,Baden-Württemberg,Angestellte / Angestellter,mehrmals pro Woche,2,3,2,2,2,3,2,5,1,4,5,2,5,3,3,3,5,4,2,4,5,3,3,4,5,4,1,3,5,2,3,1,1,1,2,1,4,1,4,4,2,4,1,1,3,3,2,3,3,3,2,4,1,3,2,72,"[""rule_2""]","{""rule_2"": ""The 'alter' indicates a year (2001) that makes the person under 18, but 'beruf' is 'Angestellte / Angestellter', which requires adulthood.""}",The data quality is compromised due to an inconsistency between age and profession.
weiblich,1998,Baden-Württemberg,Schülerin / Schüler,mehrmals im Monat,2,3,2,1,3,2,3,5,2,4,4,3,3,1,3,4,2,4,2,4,2,4,2,2,4,3,4,4,5,3,3,3,5,1,1,1,1,1,3,5,1,3,1,2,1,5,1,4,4,3,2,2,1,2,1,100,[],{},The data row meets all the specified data quality rules.
maennlich,2000,Baden-Württemberg,Studentin / Student,mehrmals im Monat,1,3,3,2,3,3,2,5,1,3,1,3,4,5,1,1,2,5,2,4,5,4,4,5,3,2,4,4,4,2,4,2,1,1,2,1,1,1,1,4,1,3,4,2,1,3,1,1,3,3,1,1,2,1,1,86,[],{},The data row meets all the plausibility rules.
weiblich,2003,keine Angabe,keine Angabe,mehrmals pro Woche,3,3,2,2,1,2,2,1,1,2,2,1,3,1,3,5,1,1,2,4,4,5,3,4,3,5,1,4,2,3,5,2,1,5,4,1,2,3,3,4,1,4,1,2,3,3,2,3,3,5,2,3,1,3,3,86,[],{},The data row adheres to all specified plausibility rules.
maennlich,2005,Baden-Württemberg,keine Angabe,mehrmals pro Woche,2,3,2,2,1,3,1,2,2,3,5,2,3,2,2,3,2,1,4,4,2,4,2,2,5,3,2,3,3,3,4,2,4,2,2,1,4,2,4,3,3,3,2,4,4,4,2,3,4,3,1,3,1,2,4,86,"[""rule_2"", ""rule_4""]","{""rule_2"": ""The 'alter' indicates a year (2005) that makes the person under 18, but 'beruf' is 'keine Angabe', which does not violate the rule."", ""rule_4"": ""The 'alkoholverzicht_wichtig' is rated high (4), but 'konsumhaeufigkeit' is 'mehrmals pro Woche', which violates the rule.""}","The data quality is generally good, with some inconsistencies regarding age-related rules."
maennlich,2002,Baden-Württemberg,Angestellte / Angestellter,täglich,2,3,2,1,3,3,2,5,1,3,3,1,2,5,4,5,4,5,3,2,4,4,3,2,5,5,3,3,4,3,4,2,5,1,1,1,2,4,3,5,1,4,1,5,1,1,4,3,1,3,1,3,2,2,5,86,"[""rule_2""]","{""rule_2"": ""The 'alter' indicates a year (2002) that makes the person under 18, but 'beruf' is 'Angestellte / Angestellter', which requires adulthood.""}","The data quality is mostly acceptable, but there is an inconsistency between age and profession."
weiblich,2004,Nordrhein-Westfalen,Studentin / Student,einmal pro Monat,2,2,2,1,3,2,3,4,2,1,1,1,3,4,3,2,1,2,2,4,2,3,2,3,2,2,2,3,1,3,5,2,3,2,5,5,1,4,3,3,4,4,1,1,2,3,2,3,4,3,2,2,2,2,3,86,"[""rule_2""]","{""rule_2"": ""The 'alter' indicates a year (2004) that makes the person under 18 (current year is 2023), but 'beruf' is 'Studentin / Student', which is a profession requiring adulthood.""}","The data quality is mostly good, but there is an inconsistency between age and profession."
weiblich,2001,keine Angabe,Angestellte / Angestellter,mehrmals im Monat,2,3,1,1,3,3,3,5,3,4,2,1,4,3,3,5,5,1,4,5,3,3,4,3,5,3,3,3,1,4,4,2,5,1,1,2,1,5,1,3,2,1,1,1,3,4,2,3,3,1,1,3,2,2,2,72,"[""rule_2"", ""rule_4""]","{""rule_2"": ""The 'alter' indicates a year (2001) that makes the person under 18, but 'beruf' is 'Angestellte / Angestellter', which requires adulthood."", ""rule_4"": ""The 'alkoholverzicht_wichtig' is rated high (4), but 'konsumhaeufigkeit' is 'mehrmals im Monat', which is inconsistent.""}",The data row has inconsistencies regarding age-related profession and alcohol consumption frequency.
maennlich,2003,Baden-Württemberg,Angestellte / Angestellter,seltener als einmal pro Monat,2,2,1,1,1,3,1,1,5,3,3,1,3,3,1,2,4,1,3,4,5,3,2,3,4,2,3,2,3,3,1,2,3,1,1,1,1,1,3,2,2,4,5,2,3,1,1,1,4,5,1,1,1,3,3,86,"[""rule_2""]","{""rule_2"": ""The 'alter' indicates a year (2003) that makes the person under 18 (current year is 2023), but 'beruf' is 'Angestellte / Angestellter', which requires adulthood.""}",The data row has one violation related to age and profession consistency.
maennlich,2006,Baden-Württemberg,Schülerin / Schüler,mehrmals im Monat,3,3,1,2,3,3,2,5,1,3,2,1,2,4,2,5,3,1,1,5,3,5,3,2,5,2,3,5,3,3,3,1,3,1,1,2,3,3,3,4,2,4,3,1,2,5,2,3,2,3,4,3,3,3,3,72,"[""rule_2""]","{""rule_2"": ""The 'alter' indicates a year (2006) that makes the person under 18, but 'beruf' is 'Sch\u00fclerin / Sch\u00fcler', which is a profession requiring adulthood.""}",The data row has one violation related to age and profession consistency.
weiblich,2003,Baden-Württemberg,keine Angabe,mehrmals im Monat,2,3,1,2,1,2,3,3,3,2,2,2,4,5,1,4,4,1,2,5,3,3,2,3,3,2,4,5,2,3,4,2,2,1,3,3,3,2,3,5,5,3,1,2,2,5,1,2,4,5,5,3,2,2,3,86,[],{},The data row adheres to all specified plausibility rules.
weiblich,1998,Baden-Württemberg,Studentin / Student,mehrmals pro Woche,1,3,2,2,3,3,3,1,2,4,2,1,2,4,3,3,5,2,2,5,3,3,2,3,3,3,2,4,3,3,5,2,1,2,2,1,2,2,3,5,2,4,1,3,3,5,1,2,4,3,2,3,2,2,1,100,[],{},The data row meets all the specified plausibility rules.
weiblich,2004,Baden-Württemberg,Studentin / Student,mehrmals im Monat,2,2,2,2,3,2,2,5,4,3,2,3,5,5,2,5,4,1,1,4,4,4,3,2,3,4,4,3,2,2,4,1,2,3,1,4,2,4,3,5,1,5,1,2,1,4,3,1,5,2,1,3,3,2,3,72,"[""rule_2"", ""rule_6""]","{""rule_2"": ""The 'alter' indicates a year (2004) that makes the person under 18, but 'beruf' is 'Studentin / Student', which is a profession requiring adulthood."", ""rule_6"": ""The 'involvement_unverzichtbar' (5) is higher than 'involvement_interesse' (5), which is inconsistent.""}","The data row has some inconsistencies regarding age and profession, as well as involvement ratings."
weiblich,2004,Baden-Württemberg,Studentin / Student,seltener als einmal pro Monat,2,3,2,1,2,2,1,4,3,4,4,1,2,4,2,1,1,2,1,5,4,3,4,3,3,2,2,4,1,3,4,1,3,2,1,1,1,2,3,3,1,5,1,3,4,5,4,5,3,4,2,5,4,2,5,100,[],{},The data row meets all the plausibility rules.
weiblich,2001,Baden-Württemberg,Studentin / Student,einmal pro Monat,2,3,1,1,3,3,3,4,3,3,2,1,1,3,4,5,1,1,4,5,2,4,2,2,3,4,2,4,2,3,4,3,3,3,3,1,3,3,4,3,1,4,1,3,2,5,1,3,2,3,2,2,1,1,3,86,"[""rule_2"", ""rule_4""]","{""rule_2"": ""The 'alter' indicates a year (2001) that makes the person under 18, but 'beruf' is 'Studentin / Student', which is a profession requiring adulthood."", ""rule_4"": ""The 'alkoholverzicht_wichtig' is rated high (4), but 'konsumhaeufigkeit' is 'einmal pro Monat', which is inconsistent with the high importance of alcohol abstinence.""}","The data quality is compromised due to inconsistencies between age and profession, as well as between alcohol abstinence importance and consumption frequency."
weiblich,1999,Baden-Württemberg,in Ausbildung/im Freiwilligendienst,mehrmals im Monat,2,2,2,1,2,3,1,2,2,5,1,3,1,5,3,2,2,4,1,5,4,4,5,3,3,4,3,3,3,3,2,1,3,1,5,1,1,4,4,4,1,3,1,2,2,5,4,3,2,2,3,2,1,2,3,86,"[""rule_2""]","{""rule_2"": ""The 'alter' indicates a year (1999) that makes the person under 18 (current year 2023), but 'beruf' is 'in Ausbildung/im Freiwilligendienst', which is a profession requiring adulthood.""}","The data quality is mostly acceptable, but there is an inconsistency between age and profession."
weiblich,2002,Baden-Württemberg,Studentin / Student,mehrmals im Monat,3,3,2,3,3,3,1,1,3,5,3,2,1,4,2,4,3,3,3,5,5,4,2,1,4,2,3,2,2,3,2,1,2,1,1,1,1,4,3,3,3,5,1,3,2,5,2,3,1,4,1,1,1,3,1,86,"[""rule_2""]","{""rule_2"": ""The 'alter' indicates a year (2002) that makes the person under 18 (current year is 2023), while 'beruf' is 'Studentin / Student', which is a profession requiring adulthood.""}","The data quality is mostly acceptable, with one significant violation regarding age and profession consistency."
unbekannt,2006,Baden-Württemberg,Angestellte / Angestellter,mehrmals pro Woche,2,2,1,1,3,3,3,5,4,4,1,2,1,4,3,4,2,1,1,5,5,5,2,2,3,2,4,3,2,3,4,1,3,1,1,2,1,1,2,4,1,5,4,3,3,5,1,2,3,3,1,1,1,1,3,72,"[""rule_2"", ""rule_5""]","{""rule_2"": ""The 'alter' indicates a year (2006) that makes the person under 18, but 'beruf' is 'Angestellte / Angestellter', which requires adulthood."", ""rule_5"": ""The 'geschlecht' is 'unbekannt' while 'beruf' is specified as 'Angestellte / Angestellter'.""}","The data row contains inconsistencies regarding age and profession, as well as gender specification."
weiblich,2002,Baden-Württemberg,Studentin / Student,seltener als einmal pro Monat,2,3,2,3,3,2,2,2,3,1,3,4,5,3,2,4,1,1,2,4,4,4,4,2,4,2,3,4,3,3,1,1,5,1,3,1,3,4,3,5,4,1,3,2,5,5,1,3,1,3,2,1,1,5,3,100,[],{},The data row meets all specified data quality rules.
weiblich,keine Angabe,Baden-Württemberg,Studentin / Student,mehrmals pro Woche,2,3,2,2,3,3,1,2,1,3,1,1,1,2,4,2,3,1,1,5,5,3,5,1,1,2,4,3,3,2,2,2,3,3,1,3,2,1,3,1,1,5,5,2,1,4,2,4,2,3,2,1,3,2,3,100,[],{},The data row meets all specified plausibility rules.
